Date,Priority,IM,Shift,Start Time,Item,WO#,L/R,Mold No.,Planned Vol (set),Totes Needed,Plan Hr,Cycle Time,Actual OP hr,DT Hours,Unplanned DT Reason,DT Reason notes,Actual Cycle Time,Actual Startup time,Actual Prod. Vol (set),Good LH,Good RH,Def LH,Def RH,Scrap %,"Quoted
Efficiency","CBC
Efficiency",eff*Prod,Utilization,OEE. Quote,OEE CBC STD,Total Scheduled,Total Produced,Total Good Parts,"Achiev.
(Actual)","Achiev.
(Good)",Production Cost,Scrap Cost,Material Used,Material,Material $,"PXYZ
Efficiency",OEE PXYZ STD,Status,Job_Change_In_Shift
2026-05-31,,IM1,3,,SD,,,0,,0,0,0,0,0,,,,,,0,0,0,0,0,0,0,0,0,0,0,0,0,0,0,0,0,0,0,0,0,,,SD,False
2026-05-31,,IM1,1,,SD,,,0,,0,0,0,0,0,,,,,,0,0,0,0,0,0,0,0,0,0,0,0,0,0,0,0,0,0,0,0,0,,,SD,False
2026-05-31,,IM1,2,,SD,,,0,,0,0,0,0,0,,,,,,0,0,0,0,0,0,0,0,0,0,0,0,0,0,0,0,0,0,0,0,0,,,SD,False
2026-05-31,,IM10,3,,SD,,,0,,0,0,0,0,0,,,,,,0,0,0,0,0,0,0,0,0,0,0,0,0,0,0,0,0,0,0,0,0,,,SD,False
2026-05-31,,IM10,1,,SD,,,0,,0,0,0,0,0,,,,,,0,0,0,0,0,0,0,0,0,0,0,0,0,0,0,0,0,0,0,0,0,,,SD,False
2026-05-31,,IM10,2,,SD,,,0,,0,0,0,0,0,,,,,,0,0,0,0,0,0,0,0,0,0,0,0,0,0,0,0,0,0,0,0,0,,,SD,False
2026-05-31,,IM11,3,,SD,,,0,,0,0,0,0,0,,,,,,0,0,0,0,0,0,0,0,0,0,0,0,0,0,0,0,0,0,0,0,0,,,SD,False
2026-05-31,,IM11,1,,SD,,,0,,0,0,0,0,0,,,,,,0,0,0,0,0,0,0,0,0,0,0,0,0,0,0,0,0,0,0,0,0,,,SD,False
2026-05-31,,IM11,2,,SD,,,0,,0,0,0,0,0,,,,,,0,0,0,0,0,0,0,0,0,0,0,0,0,0,0,0,0,0,0,0,0,,,SD,False
2026-05-31,,IM12,3,,SD,,,0,,0,0,0,0,0,,,,,,0,0,0,0,0,0,0,0,0,0,0,0,0,0,0,0,0,0,0,0,0,,,SD,False
2026-05-31,,IM12,1,,SD,,,0,,0,0,0,0,0,,,,,,0,0,0,0,0,0,0,0,0,0,0,0,0,0,0,0,0,0,0,0,0,,,SD,False
2026-05-31,,IM12,2,,SD,,,0,,0,0,0,0,0,,,,,,0,0,0,0,0,0,0,0,0,0,0,0,0,0,0,0,0,0,0,0,0,,,SD,False
2026-05-31,,IM14,3,,SD,,,0,,0,0,0,0,0,,,,,,0,0,0,0,0,0,0,0,0,0,0,0,0,0,0,0,0,0,0,0,0,,,SD,False
2026-05-31,,IM14,1,,SD,,,0,,0,0,0,0,0,,,,,,0,0,0,0,0,0,0,0,0,0,0,0,0,0,0,0,0,0,0,0,0,,,SD,False
2026-05-31,,IM14,2,,SD,,,0,,0,0,0,0,0,,,,,,0,0,0,0,0,0,0,0,0,0,0,0,0,0,0,0,0,0,0,0,0,,,SD,False
2026-05-31,,IM15,3,,SD,,,0,,0,0,0,0,0,,,,,,0,0,0,0,0,0,0,0,0,0,0,0,0,0,0,0,0,0,0,0,0,,,SD,False
2026-05-31,,IM15,1,,SD,,,0,,0,0,0,0,0,,,,,,0,0,0,0,0,0,0,0,0,0,0,0,0,0,0,0,0,0,0,0,0,,,SD,False
2026-05-31,,IM15,2,,SD,,,0,,0,0,0,0,0,,,,,,0,0,0,0,0,0,0,0,0,0,0,0,0,0,0,0,0,0,0,0,0,,,SD,False
2026-05-31,,IM16,3,,SD,,,0,,0,0,0,0,0,,,,,,0,0,0,0,0,0,0,0,0,0,0,0,0,0,0,0,0,0,0,0,0,,,SD,False
2026-05-31,,IM16,1,,SD,,,0,,0,0,0,0,0,,,,,,0,0,0,0,0,0,0,0,0,0,0,0,0,0,0,0,0,0,0,0,0,,,SD,False
2026-05-31,,IM16,2,,SD,,,0,,0,0,0,0,0,,,,,,0,0,0,0,0,0,0,0,0,0,0,0,0,0,0,0,0,0,0,0,0,,,SD,False
2026-05-31,,IM17,3,,SD,,,0,,0,0,0,0,0,,,,,,0,0,0,0,0,0,0,0,0,0,0,0,0,0,0,0,0,0,0,0,0,,,SD,False
2026-05-31,,IM17,1,,SD,,,0,,0,0,0,0,0,,,,,,0,0,0,0,0,0,0,0,0,0,0,0,0,0,0,0,0,0,0,0,0,,,SD,False
2026-05-31,,IM17,2,,SD,,,0,,0,0,0,0,0,,,,,,0,0,0,0,0,0,0,0,0,0,0,0,0,0,0,0,0,0,0,0,0,,,SD,False
2026-05-31,,IM18,3,,SD,,,0,,0,0,0,0,0,,,,,,0,0,0,0,0,0,0,0,0,0,0,0,0,0,0,0,0,0,0,0,0,,,SD,False
2026-05-31,,IM18,1,,SD,,,0,,0,0,0,0,0,,,,,,0,0,0,0,0,0,0,0,0,0,0,0,0,0,0,0,0,0,0,0,0,,,SD,False
2026-05-31,,IM18,2,,SD,,,0,,0,0,0,0,0,,,,,,0,0,0,0,0,0,0,0,0,0,0,0,0,0,0,0,0,0,0,0,0,,,SD,False
2026-05-31,,IM19,3,,SD,,,0,,0,0,0,0,0,,,,,,0,0,0,0,0,0,0,0,0,0,0,0,0,0,0,0,0,0,0,0,0,,,SD,False
2026-05-31,,IM19,1,,SD,,,0,,0,0,0,0,0,,,,,,0,0,0,0,0,0,0,0,0,0,0,0,0,0,0,0,0,0,0,0,0,,,SD,False
2026-05-31,,IM19,2,,SD,,,0,,0,0,0,0,0,,,,,,0,0,0,0,0,0,0,0,0,0,0,0,0,0,0,0,0,0,0,0,0,,,SD,False
2026-05-31,,IM2,3,,SD,,,0,,0,0,0,0,0,,,,,,0,0,0,0,0,0,0,0,0,0,0,0,0,0,0,0,0,0,0,0,0,,,SD,False
2026-05-31,,IM2,1,,SD,,,0,,0,0,0,0,0,,,,,,0,0,0,0,0,0,0,0,0,0,0,0,0,0,0,0,0,0,0,0,0,,,SD,False
2026-05-31,,IM2,2,,SD,,,0,,0,0,0,0,0,,,,,,0,0,0,0,0,0,0,0,0,0,0,0,0,0,0,0,0,0,0,0,0,,,SD,False
2026-05-31,,IM3,3,,SD,,,0,,0,0,0,0,0,,,,,,0,0,0,0,0,0,0,0,0,0,0,0,0,0,0,0,0,0,0,0,0,,,SD,False
2026-05-31,,IM3,1,,SD,,,0,,0,0,0,0,0,,,,,,0,0,0,0,0,0,0,0,0,0,0,0,0,0,0,0,0,0,0,0,0,,,SD,False
2026-05-31,,IM3,2,,SD,,,0,,0,0,0,0,0,,,,,,0,0,0,0,0,0,0,0,0,0,0,0,0,0,0,0,0,0,0,0,0,,,SD,False
2026-05-31,,IM4,3,,SD,,,0,,0,0,0,0,0,,,,,,0,0,0,0,0,0,0,0,0,0,0,0,0,0,0,0,0,0,0,0,0,,,SD,False
2026-05-31,,IM4,1,,SD,,,0,,0,0,0,0,0,,,,,,0,0,0,0,0,0,0,0,0,0,0,0,0,0,0,0,0,0,0,0,0,,,SD,False
2026-05-31,,IM4,2,,SD,,,0,,0,0,0,0,0,,,,,,0,0,0,0,0,0,0,0,0,0,0,0,0,0,0,0,0,0,0,0,0,,,SD,False
2026-05-31,,IM5,3,,SD,,,0,,0,0,0,0,0,,,,,,0,0,0,0,0,0,0,0,0,0,0,0,0,0,0,0,0,0,0,0,0,,,SD,False
2026-05-31,,IM5,1,,SD,,,0,,0,0,0,0,0,,,,,,0,0,0,0,0,0,0,0,0,0,0,0,0,0,0,0,0,0,0,0,0,,,SD,False
2026-05-31,,IM5,2,,SD,,,0,,0,0,0,0,0,,,,,,0,0,0,0,0,0,0,0,0,0,0,0,0,0,0,0,0,0,0,0,0,,,SD,False
2026-05-31,,IM6,3,,SD,,,0,,0,0,0,0,0,,,,,,0,0,0,0,0,0,0,0,0,0,0,0,0,0,0,0,0,0,0,0,0,,,SD,False
2026-05-31,,IM6,1,,SD,,,0,,0,0,0,0,0,,,,,,0,0,0,0,0,0,0,0,0,0,0,0,0,0,0,0,0,0,0,0,0,,,SD,False
2026-05-31,,IM6,2,,SD,,,0,,0,0,0,0,0,,,,,,0,0,0,0,0,0,0,0,0,0,0,0,0,0,0,0,0,0,0,0,0,,,SD,False
2026-05-31,,IM7,3,,SD,,,0,,0,0,0,0,0,,,,,,0,0,0,0,0,0,0,0,0,0,0,0,0,0,0,0,0,0,0,0,0,,,SD,False
2026-05-31,,IM7,1,,SD,,,0,,0,0,0,0,0,,,,,,0,0,0,0,0,0,0,0,0,0,0,0,0,0,0,0,0,0,0,0,0,,,SD,False
2026-05-31,,IM7,2,,SD,,,0,,0,0,0,0,0,,,,,,0,0,0,0,0,0,0,0,0,0,0,0,0,0,0,0,0,0,0,0,0,,,SD,False
2026-05-31,,IM8,3,,SD,,,0,,0,0,0,0,0,,,,,,0,0,0,0,0,0,0,0,0,0,0,0,0,0,0,0,0,0,0,0,0,,,SD,False
2026-05-31,,IM8,1,,SD,,,0,,0,0,0,0,0,,,,,,0,0,0,0,0,0,0,0,0,0,0,0,0,0,0,0,0,0,0,0,0,,,SD,False
2026-05-31,,IM8,2,,SD,,,0,,0,0,0,0,0,,,,,,0,0,0,0,0,0,0,0,0,0,0,0,0,0,0,0,0,0,0,0,0,,,SD,False
2026-05-31,,IM9,3,,SD,,,0,,0,0,0,0,0,,,,,,0,0,0,0,0,0,0,0,0,0,0,0,0,0,0,0,0,0,0,0,0,,,SD,False
2026-05-31,,IM9,1,,SD,,,0,,0,0,0,0,0,,,,,,0,0,0,0,0,0,0,0,0,0,0,0,0,0,0,0,0,0,0,0,0,,,SD,False
2026-05-31,,IM9,2,,SD,,,0,,0,0,0,0,0,,,,,,0,0,0,0,0,0,0,0,0,0,0,0,0,0,0,0,0,0,0,0,0,,,SD,False
2026-06-01,,IM1,3,11:10PM,550B CHL HG Cover A,1014909,,M05309,500,71.42857142857143,4.166666666666667,30,0,8,,,,1130p,446,445,445,1,1,0.002242152466367713,0,0,0,0,0,0,1000,892,890,0.892,0.89,776.97,1.746,130.232,PC012-BK,0,,,ON,False
2026-06-01,,IM1,1,,550B CHL HG Cover A,,,M05309,600,85.71428571428571,5,30,0,8,,,,ongoing,818,818,818,0,0,0,0,0,0,0,0,0,1200,1636,1636,1.3633333333333333,1.3633333333333333,1428.228,0,238.856,PC012-BK,0,,,ON,False
2026-06-01,,IM1,2,,550B CHL HG Cover A,,,M05309,600,85.71428571428571,5,30,0,8,,,,ongoing,1231,1231,1231,0,0,0,0,0,0,0,0,0,1200,2462,2462,2.0516666666666667,2.0516666666666667,2149.326,0,359.452,PC012-BK,0,,,ON,False
2026-06-01,,IM10,3,11:40PM,31CC Reflector Turn,1015296,,TNL 620,600,60,6.666666666666667,40,0,8,,,,11p,600,599,599,1,1,0.0016666666666666668,0,0,0,0,0,0,1200,1200,1198,1,0.9983333333333333,973.9739999999999,1.626,176.39999999999998,PBT05-BK,0,,,ON,False
2026-06-01,,IM10,1,,31CC Reflector Turn,,,TNL 620,700,70,7.777777777777778,40,0,8,,,,ongoing,823,823,823,0,0,0,0,0,0,0,0,0,1400,1646,1646,1.1757142857142857,1.1757142857142857,1338.1979999999999,0,241.962,PBT05-BK,0,,,ON,False
2026-06-01,,IM10,2,,31CC Reflector Turn,,,TNL 620,700,70,7.777777777777778,40,0,8,,,,ongoing,610,610,610,0,0,0,0,0,0,0,0,0,1400,1220,1220,0.8714285714285714,0.8714285714285714,991.8599999999999,0,179.34,PBT05-BK,0,,,ON,False
2026-06-01,,IM11,3,11:50PM,01OB Bezel Plug,1011658,,1943,700,18.666666666666668,6.805555555555555,35,0,8,,,,11p,600,2398,2398,2,2,0.0008333333333333334,0,0,0,0,0,0,5600,4800,4796,0.8571428571428571,0.8564285714285713,460.416,0.384,182.22000000000003,ABS07-BK,0,,,ON,False
2026-06-01,,IM11,1,,01OB Bezel Plug,,,1943,800,21.333333333333332,7.777777777777778,35,0,8,,,,ongoing,753,3012,3012,0,0,0,0,0,0,0,0,0,6400,6024,6024,0.94125,0.94125,578.304,0,228.6861,ABS07-BK,0,,,ON,False
2026-06-01,,IM11,2,,01OB Bezel Plug,,,1943,800,21.333333333333332,7.777777777777778,35,0,8,,,,ongoing,1047,4188,4188,0,0,0,0,0,0,0,0,0,6400,8376,8376,1.30875,1.30875,804.096,0,317.9739,ABS07-BK,0,,,ON,False
2026-06-01,,IM12,3,,SD,,,0,,0,0,0,0,0,,,,,,0,0,0,0,0,0,0,0,0,0,0,0,0,0,0,0,0,0,0,0,0,,,SD,False
2026-06-01,,IM12,1,,SD,,,0,,0,0,0,0,0,,,,,,0,0,0,0,0,0,0,0,0,0,0,0,0,0,0,0,0,0,0,0,0,,,SD,False
2026-06-01,,IM12,2,,GM PIN,,,2717,,0,0,35,0,8,,,,2p,1100,8798,0,2,2,0.0004544421722335833,0,0,0,0,0,0,0,8802,8798,1100,1099.5001136105432,879.8000000000001,0.4,157.90788,PP024-BK,0,,,ON,False
2026-06-01,,IM14,3,12:00AM,NQ5A Bumper Brkt I/B #1,1014082,,1022,550,0,6.6825,43.74,0,8,,,,12a,475,473,473,2,2,0.004210526315789474,0,0,0,0,0,0,1100,950,946,0.8636363636363636,0.86,0,0,92.245,PAM02-BK,0,,,ON,False
2026-06-01,,IM14,1,,NQ5A Bumper Brkt I/B #1,,,1022,650,0,7.8975,43.74,0,8,,,,ongoing,732,732,732,0,0,0,0,0,0,0,0,0,1300,1464,1464,1.126153846153846,1.126153846153846,0,0,142.1544,PAM02-BK,0,,,ON,False
2026-06-01,,IM14,2,,NQ5A Bumper Brkt I/B #1,,,1022,650,0,7.8975,43.74,0,8,,,,ongoing,893,893,893,0,0,0,0,0,0,0,0,0,1300,1786,1786,1.373846153846154,1.373846153846154,0,0,173.4206,PAM02-BK,0,,,ON,False
2026-06-01,,IM15,3,,SD,,,0,,0,0,0,0,0,,,,,,0,0,0,0,0,0,0,0,0,0,0,0,0,0,0,0,0,0,0,0,0,,,SD,False
2026-06-01,,IM15,1,,SD,,,0,,0,0,0,0,0,,,,,,0,0,0,0,0,0,0,0,0,0,0,0,0,0,0,0,0,0,0,0,0,,,SD,False
2026-06-01,,IM15,2,,SD,,,0,,0,0,0,0,0,,,,,,0,0,0,0,0,0,0,0,0,0,0,0,0,0,0,0,0,0,0,0,0,,,SD,False
2026-06-01,,IM16,3,,SD,,,0,,0,0,0,0,0,,,,,,0,0,0,0,0,0,0,0,0,0,0,0,0,0,0,0,0,0,0,0,0,,,SD,False
2026-06-01,,IM16,1,,SD,,,0,,0,0,0,0,0,,,,,,0,0,0,0,0,0,0,0,0,0,0,0,0,0,0,0,0,0,0,0,0,,,SD,False
2026-06-01,,IM16,2,,SD,,,0,,0,0,0,0,0,,,,,,0,0,0,0,0,0,0,0,0,0,0,0,0,0,0,0,0,0,0,0,0,,,SD,False
2026-06-01,,IM17,3,,SD,,,0,,0,0,0,0,0,,,,,,0,0,0,0,0,0,0,0,0,0,0,0,0,0,0,0,0,0,0,0,0,,,SD,False
2026-06-01,,IM17,1,,SD,,,0,,0,0,0,0,0,,,,,,0,0,0,0,0,0,0,0,0,0,0,0,0,0,0,0,0,0,0,0,0,,,SD,False
2026-06-01,,IM17,2,,SD,,,0,,0,0,0,0,0,,,,,,0,0,0,0,0,0,0,0,0,0,0,0,0,0,0,0,0,0,0,0,0,,,SD,False
2026-06-01,,IM18,3,,SD,,,0,,0,0,0,0,0,,,,,,0,0,0,0,0,0,0,0,0,0,0,0,0,0,0,0,0,0,0,0,0,,,SD,False
2026-06-01,,IM18,1,9:00AM,TMA MAIN BEZEL - LWR - OPT ,1015255,,795,300,0,5.583333333333333,67,0,8,,,,1130a,70,67,67,3,3,0.04285714285714286,0,0,0,0,0,0,600,140,134,0.23333333333333334,0.22333333333333336,0,0,88.62,PC013-BK,0,,,ON,False
2026-06-01,,IM18,2,,TMA MAIN BEZEL - LWR - OPT ,,,795,200,0,3.7222222222222223,67,0,8,,,,ongoing,509,509,509,0,0,0,0,0,0,0,0,0,400,1018,1018,2.545,2.545,0,0,644.394,PC013-BK,0,,,ON,False
2026-06-01,,IM19,3,,T1XL FASCIA BRACKET 1,,,TNL 737,,0,0,55,0,8,,,,1130p,485,483,483,2,2,0.004123711340206186,0,0,0,0,0,0,0,970,966,485,483,685.86,2.84,113.4415,PP028-BK,0,,,ON,False
2026-06-01,,IM19,1,,T1XL FASCIA BRACKET 1,,,TNL 737,,0,0,55,0,8,,,,ongoing,515,515,515,0,0,0,0,0,0,0,0,0,0,1030,1030,515,515,731.3,0,120.4585,PP028-BK,0,,,ON,False
2026-06-01,,IM19,2,,T1XL FASCIA BRACKET 1,,,TNL 737,,0,0,55,0,8,,,,ongoing,456,456,456,0,0,0,0,0,0,0,0,0,0,912,912,456,456,647.52,0,106.6584,PP028-BK,0,,,ON,False
2026-06-01,,IM2,3,,SD,,,0,,0,0,0,0,0,,,,,,0,0,0,0,0,0,0,0,0,0,0,0,0,0,0,0,0,0,0,0,0,,,SD,False
2026-06-01,,IM2,1,,SD,,,0,,0,0,0,0,0,,,,,,0,0,0,0,0,0,0,0,0,0,0,0,0,0,0,0,0,0,0,0,0,,,SD,False
2026-06-01,,IM2,2,,SD,,,0,,0,0,0,0,0,,,,,,0,0,0,0,0,0,0,0,0,0,0,0,0,0,0,0,0,0,0,0,0,,,SD,False
2026-06-01,,IM3,3,11:20PM,NQ5A Flange Brkt,1014086,,1021,600,0,6.829999999999999,40.98,0,8,,,,1120p,600,598,598,2,2,0.0033333333333333335,0,0,0,0,0,0,1200,1200,1196,1,0.9966666666666667,0,0,82.5411,PP022-BK,0,,,ON,False
2026-06-01,,IM3,1,,NQ5A Flange Brkt,,,1021,700,0,7.968333333333332,40.98,0,8,,,,ongoing,810,810,810,0,0,0,0,0,0,0,0,0,1400,1620,1620,1.1571428571428573,1.1571428571428573,0,0,111.430485,PP022-BK,0,,,ON,False
2026-06-01,,IM3,2,,NQ5A Flange Brkt,,,1021,700,0,7.968333333333332,40.98,0,8,,,,ongoing,784,784,784,0,0,0,0,0,0,0,0,0,1400,1568,1568,1.12,1.12,0,0,107.85370400000001,PP022-BK,0,,,ON,False
2026-06-01,,IM4,3,11:00PM,BT1CC FASCIA BRACKET,1013767,,723,550,0,7.638888888888889,50,0,8,,,,11p,600,600,600,0,0,0,0,0,0,0,0,0,1100,1200,1200,1.0909090909090908,1.0909090909090908,216,0,146.56199999999998,PP022-BK,0,,,ON,False
2026-06-01,,IM4,1,,BT1CC FASCIA BRACKET,,,723,550,0,7.638888888888889,50,0,8,,,,ongoing,916,916,916,0,0,0,0,0,0,0,0,0,1100,1832,1832,1.6654545454545455,1.6654545454545455,329.76,0,223.75132,PP022-BK,0,,,ON,False
2026-06-01,,IM4,2,4:00PM,L42P(2) HL Base A (Carrier Plate),1014991,,70637,600,0,6.716666666666667,40.3,0,8,,,,4p,390,387,387,3,3,0.007692307692307693,0,0,0,0,0,0,1200,780,774,0.65,0.645,0,0,255.2745,PC001-GY,0,,,ON,False
2026-06-01,,IM5,3,,SD,,,0,,0,0,0,0,0,,,,,,0,0,0,0,0,0,0,0,0,0,0,0,0,0,0,0,0,0,0,0,0,,,SD,False
2026-06-01,,IM5,1,,SD,,,0,,0,0,0,0,0,,,,,,0,0,0,0,0,0,0,0,0,0,0,0,0,0,0,0,0,0,0,0,0,,,SD,False
2026-06-01,,IM5,2,,SD,,,0,,0,0,0,0,0,,,,,,0,0,0,0,0,0,0,0,0,0,0,0,0,0,0,0,0,0,0,0,0,,,SD,False
2026-06-01,,IM6,3,,SD,,,0,,0,0,0,0,0,,,,,,0,0,0,0,0,0,0,0,0,0,0,0,0,0,0,0,0,0,0,0,0,,,SD,False
2026-06-01,,IM6,1,7:00AM,550B BUL-LED Shade,1013599,,M05419,1000,153.84615384615384,7.777777777777778,28,0,8,,,,530a,915,915,915,0,0,0,0,0,0,0,0,0,2000,1830,1830,0.915,0.915,916.83,0,221.69352,PC018-BK,0,,,ON,False
2026-06-01,,IM6,2,,550B BUL-LED Shade,,,M05419,1000,153.84615384615384,7.777777777777778,28,0,8,,,,ongoing,1065,1065,1065,0,0,0,0,0,0,0,0,0,2000,2130,2130,1.065,1.065,1067.13,0,258.03672,PC018-BK,0,,,ON,False
2026-06-01,,IM7,3,12:10AM,T90A RCL Extension A,1014469,,MO5772,600,80,6.5,39,0,8,,,,1a,450,449,449,1,1,0.0022222222222222222,0,0,0,0,0,0,1200,900,898,0.75,0.7483333333333333,642.968,1.432,243.00000000000003,PC003-BK,0,,,ON,False
2026-06-01,,IM7,1,,T90A RCL Extension A,,,MO5772,700,93.33333333333333,7.583333333333333,39,0,8,,,,ongoing,721,721,721,0,0,0,0,0,0,0,0,0,1400,1442,1442,1.03,1.03,1032.472,0,389.34000000000003,PC003-BK,0,,,ON,False
2026-06-01,,IM7,2,,T90A RCL Extension A,,,MO5772,700,93.33333333333333,7.583333333333333,39,0,8,,,,ongoing,872,872,872,0,0,0,0,0,0,0,0,0,1400,1744,1744,1.2457142857142858,1.2457142857142858,1248.704,0,470.88000000000005,PC003-BK,0,,,ON,False
2026-06-01,,IM8,3,,SD,,,0,,0,0,0,0,0,,,,,,0,0,0,0,0,0,0,0,0,0,0,0,0,0,0,0,0,0,0,0,0,,,SD,False
2026-06-01,,IM8,1,,SD,,,0,,0,0,0,0,0,,,,,,0,0,0,0,0,0,0,0,0,0,0,0,0,0,0,0,0,0,0,0,0,,,SD,False
2026-06-01,,IM8,2,,SD,,,0,,0,0,0,0,0,,,,,,0,0,0,0,0,0,0,0,0,0,0,0,0,0,0,0,0,0,0,0,0,,,SD,False
2026-06-01,,IM9,3,,SD,,,0,,0,0,0,0,0,,,,,,0,0,0,0,0,0,0,0,0,0,0,0,0,0,0,0,0,0,0,0,0,,,SD,False
2026-06-01,,IM9,1,TBD,H61P RCL-LED Refl B,1012007,,528,500,33.333333333333336,5.694444444444445,41,0,8,,,,,,-2,-2,2,2,0,0,0,0,0,0,0,1000,0,-4,0,0,-3.16,3.16,0,PC017-WT,0,,,ON,False
2026-06-01,,IM9,2,,H61P RCL-LED Refl B,,,528,700,46.666666666666664,7.972222222222222,41,0,8,,,,345p,800,800,800,0,0,0,0,0,0,0,0,0,1400,1600,1600,1.1428571428571428,1.1428571428571428,1264,0,265.6,PC017-WT,0,,,ON,False
2026-06-02,,IM1,3,ONGOING,550B CHL HG Cover A,1014909,,M05309,600,85.71428571428571,5,30,5.868333333333333,2.131666666666667,,,30.18,ongoing,700,700,700,0,0,0,0.9940357852882704,0.9940357852882704,695.8250497017893,0.855798611111111,0.8506944444444443,0.8506944444444443,1200,1400,1400,1.1666666666666667,1.1666666666666667,1222.2,0,204.39999999999998,PC012-BK,0,,,ON,False
2026-06-02,,IM1,1,,550B CHL HG Cover A,,,M05309,600,85.71428571428571,5,30,4.4431666666666665,3.5568333333333335,,fixing thermocouples on barrel.,30.18,,530,530,530,0,0,0,0.9940357852882704,0.9940357852882704,526.8389662027834,0.49059965277777773,0.48767361111111107,0.48767361111111107,1200,1060,1060,0.8833333333333333,0.8833333333333333,925.38,0,154.76,PC012-BK,0,,,ON,False
2026-06-02,,IM1,2,,550B CHL HG Cover A,,,M05309,600,85.71428571428571,5,30,10.085149999999999,-2.0851499999999987,,,30.18,,1203,1203,1203,0,0,0,0.9940357852882704,0.9940357852882704,1195.8250497017893,2.52759071875,2.5125156250000003,2.5125156250000003,1200,2406,2406,2.005,2.005,2100.438,0,351.27599999999995,PC012-BK,0,,,ON,False
2026-06-02,,IM10,3,12:30AM,31CC DRL Inner Lens,1020255,,TNL 621,200,28.571428571428573,2.2777777777777777,41,2.7299999999999995,5.2700000000000005,,,39,,252,252,252,0,0,0,1.0512820512820513,1.0512820512820513,264.9230769230769,0.42997499999999994,0.45202499999999995,0.45202499999999995,400,504,504,1.26,1.26,526.176,0,141.335712,PC020-NC,0,,,ON,False
2026-06-02,,IM10,1,,31CC DRL Inner Lens,,,TNL 621,300,42.857142857142854,3.4166666666666665,41,2.9899999999999998,5.01,,fixing thermocouples on barrel.,39,10a,276,276,276,0,0,0,1.0512820512820513,1.0512820512820513,290.1538461538462,0.34384999999999993,0.36148333333333327,0.36148333333333327,600,552,552,0.92,0.92,576.288,0,154.796256,PC020-NC,0,,,ON,False
2026-06-02,,IM10,2,,31CC DRL Inner Lens,,,TNL 621,300,42.857142857142854,3.4166666666666665,41,3.9433333333333334,4.056666666666667,,,39,,364,364,364,0,0,0,1.0512820512820513,1.0512820512820513,382.6666666666667,0.5980722222222222,0.6287425925925926,0.6287425925925926,600,728,728,1.2133333333333334,1.2133333333333334,760.032,0,204.151584,PC020-NC,0,,,ON,False
2026-06-02,,IM11,3,ONGOING,01OB Bezel Plug,1011658,,1943,700,18.666666666666668,6.805555555555555,35,5.881944444444445,2.1180555555555554,,,35,ongoing,605,2420,2420,0,0,0,1,1,605,0.6354600694444444,0.6354600694444444,0.6354600694444444,5600,4840,4840,0.8642857142857143,0.8642857142857143,464.64,0,183.73850000000002,ABS07-BK,0,,,ON,False
2026-06-02,,IM11,1,7:30AM,NQ5A Bumper Brkt I/B #2,1019390,,1023,600,0,7.246666666666665,43.48,5.125322222222222,2.8746777777777783,,,38.36,745a,481,481,481,0,0,0,1.1334723670490092,1.1334723670490092,545.2002085505734,0.5135999976851852,0.5821514050925924,0.5821514050925924,1200,962,962,0.8016666666666666,0.8016666666666666,0,0,74.7474,PAM02-BK,0,,,ON,False
2026-06-02,,IM11,2,,NQ5A Bumper Brkt I/B #2,,,1023,650,0,7.850555555555554,43.48,8.726899999999999,-0.7268999999999988,,,38.36,,819,819,819,0,0,0,1.1334723670490092,1.1334723670490092,928.3138686131385,1.37448675,1.5579427499999998,1.5579427499999998,1300,1638,1638,1.26,1.26,0,0,127.27260000000001,PAM02-BK,0,,,ON,False
2026-06-02,,IM12,3,ONGOING,GM PIN,1019080,,2717,800,4.266666666666667,7.777777777777778,35,6.473958333333332,1.5260416666666679,,,28.25,ongoing,825,6600,0,0,0,0,1.238938053097345,1.238938053097345,1022.1238938053096,0.8345336914062499,1.0339355468749998,1.0339355468749998,6400,6600,6600,1.03125,1.03125,660,0,118.40400000000001,PP024-BK,0,,,ON,False
2026-06-02,,IM12,1,,GM PIN,,,2717,800,4.266666666666667,7.777777777777778,35,7.274375,0.725625,,,28.25,,927,7416,0,0,0,0,1.238938053097345,1.238938053097345,1148.4955752212388,1.05364775390625,1.3054042968750001,1.3054042968750001,6400,7416,7416,1.15875,1.15875,741.6,0,133.04304000000002,PP024-BK,0,,,ON,False
2026-06-02,,IM12,2,,GM PIN,,,2717,800,4.266666666666667,7.777777777777778,35,9.793333333333331,-1.7933333333333312,,,28.25,,1248,9984,0,0,0,0,1.238938053097345,1.238938053097345,1546.1946902654865,1.9096999999999997,2.3659999999999997,2.3659999999999997,6400,9984,9984,1.56,1.56,998.4000000000001,0,179.11296000000002,PP024-BK,0,,,ON,False
2026-06-02,,IM14,3,ONGOING,NQ5A Bumper Brkt I/B #1,1014082,,1022,650,0,7.8975,43.74,5.9375,2.0625,,,28.5,ongoing,750,750,750,0,0,0,1.5347368421052632,1.5347368421052632,1151.0526315789473,0.8563701923076923,1.3143028846153846,1.3143028846153846,1300,1500,1500,1.1538461538461537,1.1538461538461537,0,0,145.65,PAM02-BK,0,,,ON,False
2026-06-02,,IM14,1,,NQ5A Bumper Brkt I/B #1,,,1022,650,0,7.8975,43.74,6.729166666666667,1.270833333333333,,,28.5,,850,850,850,0,0,0,1.5347368421052632,1.5347368421052632,1304.5263157894738,1.099959935897436,1.6881490384615385,1.6881490384615385,1300,1700,1700,1.3076923076923077,1.3076923076923077,0,0,165.07000000000002,PAM02-BK,0,,,ON,False
2026-06-02,,IM14,2,,NQ5A Bumper Brkt I/B #1,,,1022,650,0,7.8975,43.74,3.91875,4.08125,,,28.5,,495,495,495,0,0,0,1.5347368421052632,1.5347368421052632,759.6947368421053,0.3730348557692308,0.5725103365384616,0.5725103365384616,1300,990,990,0.7615384615384615,0.7615384615384615,0,0,96.129,PAM02-BK,0,,,ON,False
2026-06-02,,IM15,3,11:30PM,U625 REFLEX REFLECTOR,1020234,,MO8085,700,0,6.416666666666667,33,5.041666666666667,2.958333333333333,,,33,1215a,550,550,550,0,0,0,1,1,550,0.4951636904761905,0.4951636904761905,0.4951636904761905,1400,1100,1100,0.7857142857142857,0.7857142857142857,424.6,0,84.755,PMMA01-AM,0,,,ON,False
2026-06-02,,IM15,1,,U625 REFLEX REFLECTOR,,,MO8085,800,0,7.333333333333333,33,7.590000000000001,0.40999999999999925,,,33,,828,828,828,0,0,0,1,1,828,0.9819562500000001,0.9819562500000001,0.9819562500000001,1600,1656,1656,1.035,1.035,639.216,0,127.59479999999999,PMMA01-AM,0,,,ON,False
2026-06-02,,IM15,2,,U625 REFLEX REFLECTOR,,,MO8085,800,0,7.333333333333333,33,8.543333333333333,-0.543333333333333,,,33,,932,932,932,0,0,0,1,1,932,1.2441229166666665,1.2441229166666665,1.2441229166666665,1600,1864,1864,1.165,1.165,719.504,0,143.6212,PMMA01-AM,0,,,ON,False
2026-06-02,,IM16,3,,SD,,,0,,0,0,0,0,0,,,,,,0,0,0,0,0,0,0,0,0,0,0,0,0,0,0,0,0,0,0,0,0,,,SD,False
2026-06-02,,IM16,1,,SD,,,0,,0,0,0,0,0,,,,,,0,0,0,0,0,0,0,0,0,0,0,0,0,0,0,0,0,0,0,0,0,,,SD,False
2026-06-02,,IM16,2,,SD,,,0,,0,0,0,0,0,,,,,,0,0,0,0,0,0,0,0,0,0,0,0,0,0,0,0,0,0,0,0,0,,,SD,False
2026-06-02,,IM17,3,,SD,,,0,,0,0,0,0,0,,,,,,0,0,0,0,0,0,0,0,0,0,0,0,0,0,0,0,0,0,0,0,0,,,SD,False
2026-06-02,,IM17,1,,SD,,,0,,0,0,0,0,0,,,,,,0,0,0,0,0,0,0,0,0,0,0,0,0,0,0,0,0,0,0,0,0,,,SD,False
2026-06-02,,IM17,2,,SD,,,0,,0,0,0,0,0,,,,,,0,0,0,0,0,0,0,0,0,0,0,0,0,0,0,0,0,0,0,0,0,,,SD,False
2026-06-02,,IM18,3,,SD,,,0,,0,0,0,0,0,,,,,,0,0,0,0,0,0,0,0,0,0,0,0,0,0,0,0,0,0,0,0,0,,,SD,False
2026-06-02,,IM18,1,,SD,,,0,,0,0,0,0,0,,,,,,0,0,0,0,0,0,0,0,0,0,0,0,0,0,0,0,0,0,0,0,0,,,SD,False
2026-06-02,,IM18,2,,SD,,,0,,0,0,0,0,0,,,,,,0,0,0,0,0,0,0,0,0,0,0,0,0,0,0,0,0,0,0,0,0,,,SD,False
2026-06-02,,IM19,3,1:00AM,T90A BUL HSG,1019476,,MO5785,550,78.57142857142857,5.805555555555555,38,3.6166666666666667,4.383333333333333,,,43.4,215a,300,300,300,0,0,0,0.8755760368663594,0.8755760368663594,262.6728110599078,0.24659090909090908,0.2159090909090909,0.2159090909090909,1100,600,600,0.5454545454545454,0.5454545454545454,627.6,0,226.8,ASA01-BK,0,,,ON,False
2026-06-02,,IM19,1,,T90A BUL HSG,,,MO5785,700,100,7.388888888888889,38,4.593166666666666,3.406833333333334,,,43.4,,381,381,381,0,0,0,0.8755760368663594,0.8755760368663594,333.59447004608296,0.31249937499999997,0.27361696428571425,0.27361696428571425,1400,762,762,0.5442857142857143,0.5442857142857143,797.052,0,288.036,ASA01-BK,0,,,ON,False
2026-06-02,,IM19,2,,T90A BUL HSG,,,MO5785,700,100,7.388888888888889,38,6.859611111111111,1.1403888888888893,,,43.4,,569,569,569,0,0,0,0.8755760368663594,0.8755760368663594,498.2027649769585,0.6969854861111111,0.6102637896825397,0.6102637896825397,1400,1138,1138,0.8128571428571428,0.8128571428571428,1190.348,0,430.164,ASA01-BK,0,,,ON,False
2026-06-02,,IM2,3,,SD,,,0,,0,0,0,0,0,,,,,,0,0,0,0,0,0,0,0,0,0,0,0,0,0,0,0,0,0,0,0,0,,,SD,False
2026-06-02,,IM2,1,7:00AM,T90A CHL BRACKET G,994389,,MO8384,800,40,7.388888888888889,33.25,6.391252777777779,1.6087472222222212,,,32.27,6a,713,713,713,0,0,0,1.0303687635574836,1.0303687635574836,734.6529284164858,0.7120255047743056,0.7336488389756944,0.7336488389756944,1600,1426,1426,0.89125,0.89125,801.412,0,181.102,ABS06-BK,0,,,ON,False
2026-06-02,,IM2,2,,T90A CHL BRACKET G,,,MO8384,800,40,7.388888888888889,33.25,10.248899999999999,-2.248899999999999,,,32.28,,1143,1143,1143,0,0,0,1.0300495662949194,1.0300495662949194,1177.3466542750928,1.830389484375,1.8853918945312498,1.8853918945312498,1600,2286,2286,1.42875,1.42875,1284.7320000000002,0,290.322,ABS06-BK,0,,,ON,False
2026-06-02,,IM3,3,ONGOING,NQ5A Flange Brkt,1014086,,1021,700,0,7.968333333333332,40.98,8.556666666666667,-0.5566666666666666,,,34,ongoing,906,906,906,0,0,0,1.2052941176470586,1.2052941176470586,1091.996470588235,1.3843464285714286,1.668544607142857,1.668544607142857,1400,1812,1812,1.2942857142857143,1.2942857142857143,0,0,124.637061,PP022-BK,0,,,ON,False
2026-06-02,,IM3,1,,NQ5A Flange Brkt,,,1021,700,0,7.968333333333332,40.98,9.680555555555555,-1.6805555555555554,,,34,,1025,1025,1025,0,0,0,1.2052941176470586,1.2052941176470586,1235.4264705882351,1.7718874007936507,2.1356454613095233,2.1356454613095233,1400,2050,2050,1.4642857142857142,1.4642857142857142,0,0,141.0077125,PP022-BK,0,,,ON,False
2026-06-02,,IM3,2,,NQ5A Flange Brkt,,,1021,700,0,7.968333333333332,40.98,0,8,,didn’t run no pack,,,,0,0,0,0,0,0,0,0,0,0,0,1400,0,0,0,0,0,0,0,PP022-BK,0,,,ON,False
2026-06-02,,IM4,3,ONGOING,L42P(2) HL Base A (Carrier Plate),1014991,,70637,700,0,7.83611111111111,40.3,7.614444444444445,0.38555555555555543,,,44,ongoing,623,623,623,0,0,0,0.9159090909090909,0.9159090909090909,570.6113636363636,0.8471069444444443,0.7758729513888888,0.7758729513888888,1400,1246,1246,0.89,0.89,0,0,407.78465,PC001-GY,0,,,ON,False
2026-06-02,,IM4,1,,L42P(2) HL Base A (Carrier Plate),,,70637,700,0,7.83611111111111,40.3,3.5933333333333337,4.406666666666666,,fixing thermocoupls on barrel,44,,294,294,294,0,0,0,0.9159090909090909,0.9159090909090909,269.2772727272727,0.18865,0.17278625,0.17278625,1400,588,588,0.42,0.42,0,0,192.43769999999998,PC001-GY,0,,,ON,False
2026-06-02,,IM4,2,4:30PM,T90A CHL EXTENSION B,1007024,,MO6519,600,40,5.666666666666667,34,4.569444444444445,0.7416666666666663,,,32.9,5p,500,500,500,0,0,0,1.033434650455927,1.033434650455927,516.7173252279636,1.08875,1.1251519756838908,1.1251519756838908,1200,1000,1000,0.8333333333333334,0.8333333333333334,434,0,148,PC003-BK,0,,,ON,True
2026-06-02,,IM4,2,,L42P(2) HL Base A (Carrier Plate),,,70637,,0,0,40.3,2.688888888888889,5.311111111111111,,,44,ongoing,220,220,220,0,0,0,0.9159090909090909,0.9159090909090909,201.5,0,0,0,0,440,440,220,220,0,0,144.001,PC001-GY,0,,,ON,True
2026-06-02,,IM5,3,,SD,,,0,,0,0,0,0,0,,,,,,0,0,0,0,0,0,0,0,0,0,0,0,0,0,0,0,0,0,0,0,0,,,SD,False
2026-06-02,,IM5,1,,SD,,,0,,0,0,0,0,0,,,,,,0,0,0,0,0,0,0,0,0,0,0,0,0,0,0,0,0,0,0,0,0,,,SD,False
2026-06-02,,IM5,2,,SD,,,0,,0,0,0,0,0,,,,,,0,0,0,0,0,0,0,0,0,0,0,0,0,0,0,0,0,0,0,0,0,,,SD,False
2026-06-02,,IM6,3,ONGOING,550B BUL-LED Shade,1013599,,M05419,1000,153.84615384615384,7.777777777777778,28,7.730555555555555,0.2694444444444448,,,25.3,ongoing,1100,1100,1100,0,0,0,1.1067193675889329,1.1067193675889329,1217.3913043478262,1.0629513888888888,1.176388888888889,1.176388888888889,2000,2200,2200,1.1,1.1,1102.2,0,266.5168,PC018-BK,0,,,ON,False
2026-06-02,,IM6,1,,550B BUL-LED Shade,,,M05419,1000,153.84615384615384,7.777777777777778,28,4.954583333333333,3.045416666666667,,,25.3,,705,705,705,0,0,0,1.1067193675889329,1.1067193675889329,780.2371541501976,0.43662265624999996,0.48321875,0.48321875,2000,1410,1410,0.705,0.705,706.41,0,170.81304,PC018-BK,0,,,ON,False
2026-06-02,,IM6,2,5:00PM,31CC Bezel (Island),1020250,,M623,750,0,5.416666666666667,26,7.152777777777778,0.8472222222222223,,,25.75,4p,1000,1000,1000,0,0,0,1.0097087378640777,1.0097087378640777,1009.7087378640776,1.1921296296296295,1.2037037037037035,1.2037037037037035,1500,2000,2000,1.3333333333333333,1.3333333333333333,920,0,75,PC013-BK,0,,,ON,False
2026-06-02,,IM7,3,12:00AM,31CC Bezel (Trim Ring),1020653,,TNL 625,600,0,7,42,5.002083333333332,2.9979166666666677,,,34.3,1215a,525,525,525,0,0,0,1.2244897959183674,1.2244897959183674,642.8571428571429,0.5471028645833332,0.6699218749999999,0.6699218749999999,1200,1050,1050,0.875,0.875,1066.8,0,115.605,PC013-BK,0,,,ON,False
2026-06-02,,IM7,1,,31CC Bezel (Trim Ring),,,TNL 625,650,0,7.583333333333333,42,7.002916666666666,0.9970833333333342,,,34.3,ongoing,735,735,735,0,0,0,1.2244897959183674,1.2244897959183674,900,0.9898353365384615,1.2120432692307692,1.2120432692307692,1300,1470,1470,1.1307692307692307,1.1307692307692307,1493.52,0,161.847,PC013-BK,0,,,ON,False
2026-06-02,,IM7,2,,31CC Bezel (Trim Ring),,,TNL 625,650,0,7.583333333333333,42,6.1930555555555555,1.8069444444444445,,,34.3,,650,650,650,0,0,0,1.2244897959183674,1.2244897959183674,795.9183673469388,0.7741319444444444,0.9479166666666666,0.9479166666666666,1300,1300,1300,1,1,1320.8,0,143.13,PC013-BK,0,,,ON,False
2026-06-02,,IM8,3,,SD,,,0,,0,0,0,0,0,,,,,,0,0,0,0,0,0,0,0,0,0,0,0,0,0,0,0,0,0,0,0,0,,,SD,False
2026-06-02,,IM8,1,,SD,,,0,,0,0,0,0,0,,,,,,0,0,0,0,0,0,0,0,0,0,0,0,0,0,0,0,0,0,0,0,0,,,SD,False
2026-06-02,,IM8,2,,SD,,,0,,0,0,0,0,0,,,,,,0,0,0,0,0,0,0,0,0,0,0,0,0,0,0,0,0,0,0,0,0,,,SD,False
2026-06-02,,IM9,3,ONGOING,H61P RCL-LED Refl B,1012007,,528,700,46.666666666666664,7.972222222222222,41,7.184722222222223,0.8152777777777773,,,35,ongoing,739,739,739,0,0,0,1.1714285714285715,1.1714285714285715,865.6857142857143,0.9481267361111112,1.1106627480158733,1.1106627480158733,1400,1478,1478,1.0557142857142856,1.0557142857142856,1167.6200000000001,0,245.348,PC017-WT,0,,,ON,False
2026-06-02,,IM9,1,8:00AM,H61P RCL-LED Refl A,1010162,,527,600,40,6.833333333333333,41,5.765277777777778,2.2347222222222216,,,35,645a,593,593,593,0,0,0,1.1714285714285715,1.1714285714285715,694.6571428571428,0.7122520254629631,0.8343523726851854,0.8343523726851854,1200,1186,1186,0.9883333333333333,0.9883333333333333,855.106,0,225.34,PC017-WT,0,,,ON,False
2026-06-02,,IM9,2,,H61P RCL-LED Refl A,,,527,700,46.666666666666664,7.972222222222222,41,8.818055555555556,-0.8180555555555564,,,35,,907,907,907,0,0,0,1.1714285714285715,1.1714285714285715,1062.4857142857143,1.4282100694444444,1.6730460813492063,1.6730460813492063,1400,1814,1814,1.2957142857142858,1.2957142857142858,1307.894,0,344.66,PC017-WT,0,,,ON,False
2026-06-03,,IM1,3,1:00AM,550B RCL-LED Base SAE,1020886,,M05332,700,31.818181818181817,5.833333333333333,30,4.262499999999999,3.7375000000000007,,,27.9,1245a,550,545,545,5,5,0.00909090909090909,1.0752688172043012,1.0752688172043012,591.3978494623657,0.41863839285714277,0.4460565476190476,0.4460565476190476,1400,1100,1090,0.7857142857142857,0.7785714285714286,378.22999999999996,3.4699999999999998,89.10000000000001,PP025-BK,0,,,ON,False
2026-06-03,,IM1,1,,550B RCL-LED Base SAE,,,M05332,900,40.90909090909091,7.5,30,7.517499999999999,0.4825000000000008,,,27.9,,970,970,970,0,0,0,1.0752688172043012,1.0752688172043012,1043.0107526881723,1.0127743055555556,1.0890046296296299,1.0890046296296299,1800,1940,1940,1.0777777777777777,1.0777777777777777,673.18,0,157.14000000000001,PP025-BK,0,,,ON,False
2026-06-03,,IM1,2,,550B RCL-LED Base SAE,,,M05332,900,40.90909090909091,7.5,30,7.796499999999998,0.2035000000000018,,,27.9,,1006,1006,1006,0,0,0,1.0752688172043012,1.0752688172043012,1081.7204301075271,1.0893443055555554,1.171337962962963,1.171337962962963,1800,2012,2012,1.1177777777777778,1.1177777777777778,698.164,0,162.972,PP025-BK,0,,,ON,False
2026-06-03,,IM10,3,,SD,,,0,,0,0,0,0,0,,,,,,0,0,0,0,0,0,0,0,0,0,0,0,0,0,0,0,0,0,0,0,0,,,SD,False
2026-06-03,,IM10,1,8:00AM,150B SPL Housing,1020728,,M05201,500,100,6.25,45,9.644916666666665,-1.6449166666666653,,,39.91,445a,870,865,865,5,5,0.005747126436781609,1.1275369581558508,1.1275369581558508,980.9571535955902,2.097769375,2.35171875,2.35171875,1000,1740,1730,1.74,1.73,1932.41,11.17,687.3000000000001,PC001-GY,0,,,ON,False
2026-06-03,,IM10,2,5:00PM,550B RCL-LED Reflector,1022171,,MO5239,500,100,4.861111111111111,35,5.564444444444445,2.4355555555555553,,,32,6p,626,616,616,10,10,0.01597444089456869,1.09375,1.09375,684.6875,0.8708355555555556,0.9372611111111112,0.9372611111111112,1000,1252,1232,1.252,1.232,1154.384,18.740000000000002,390.624,PC018-BK,0,,,ON,False
2026-06-03,,IM11,3,ONGOING,NQ5A Bumper Brkt I/B #2,1019390,,1023,650,0,7.850555555555554,43.48,6.359999999999999,1.6400000000000006,,,38.16,ongoing,600,600,600,0,0,0,1.1394129979035639,1.1394129979035639,683.6477987421383,0.7338461538461537,0.8361538461538459,0.8361538461538459,1300,1200,1200,0.9230769230769231,0.9230769230769231,0,0,93.24000000000001,PAM02-BK,0,,,ON,False
2026-06-03,,IM11,1,,NQ5A Bumper Brkt I/B #2,,,1023,650,0,7.850555555555554,43.48,7.42,0.5800000000000001,,Issues with dryer.,38.16,,700,700,700,0,0,0,1.1394129979035639,1.1394129979035639,797.5890985324947,0.9988461538461538,1.1380982905982906,1.1380982905982906,1300,1400,1400,1.0769230769230769,1.0769230769230769,0,0,108.78,PAM02-BK,0,,,ON,False
2026-06-03,,IM11,2,,NQ5A Bumper Brkt I/B #2,,,1023,650,0,7.850555555555554,43.48,8.486666666666666,-0.48666666666666636,,,38.19,,800,800,800,0,0,0,1.1385179366326263,1.1385179366326263,910.8143493061011,1.3056410256410256,1.4864957264957264,1.4864957264957264,1300,1600,1600,1.2307692307692308,1.2307692307692308,0,0,124.32000000000001,PAM02-BK,0,,,ON,False
2026-06-03,,IM12,3,ONGOING,GM PIN,1019080,,2717,800,4.266666666666667,7.777777777777778,35,7.069999999999999,0.9300000000000006,,,28.28,ongoing,900,7200,0,0,0,0,1.2376237623762376,1.2376237623762376,1113.8613861386139,0.9942187499999998,1.2304687499999998,1.2304687499999998,6400,7200,7200,1.125,1.125,720,0,129.168,PP024-BK,0,,,ON,False
2026-06-03,,IM12,1,,GM PIN,,,2717,800,4.266666666666667,7.777777777777778,35,7.069999999999999,0.9300000000000006,,,28.28,,900,7200,0,0,0,0,1.2376237623762376,1.2376237623762376,1113.8613861386139,0.9942187499999998,1.2304687499999998,1.2304687499999998,6400,7200,7200,1.125,1.125,720,0,129.168,PP024-BK,0,,,ON,False
2026-06-03,,IM12,2,,GM PIN,,,2717,800,4.266666666666667,7.777777777777778,35,10.993888888888888,-2.993888888888888,,,28.27,,1400,11200,0,0,0,0,1.238061549345596,1.238061549345596,1733.2861690838345,2.404913194444444,2.977430555555555,2.977430555555555,6400,11200,11200,1.75,1.75,1120,0,200.92800000000003,PP024-BK,0,,,ON,False
2026-06-03,,IM14,3,12:30AM,L42P(2) HL  Inner Lens B,1022309,,7698,400,0,5.333333333333333,48,5.480416666666667,2.5195833333333333,,,37.58,1145p,525,515,515,10,10,0.01904761904761905,1.2772751463544438,1.2772751463544438,670.569451836083,0.899130859375,1.1265625,1.1265625,800,1050,1030,1.3125,1.2874999999999999,0,0,228.822825,PC030-NC,0,,,ON,False
2026-06-03,,IM14,1,,L42P(2) HL  Inner Lens B,,,7698,600,0,8,48,7.829166666666666,0.17083333333333428,,,37.58,,750,750,750,0,0,0,1.2772751463544438,1.2772751463544438,957.9563597658329,1.2233072916666665,1.5624999999999998,1.5624999999999998,1200,1500,1500,1.25,1.25,0,0,326.88975,PC030-NC,0,,,ON,False
2026-06-03,,IM14,2,,L42P(2) HL  Inner Lens B,,,7698,600,0,8,48,8.591458333333334,-0.5914583333333336,,,37.49,,825,825,825,0,0,0,1.2803414243798346,1.2803414243798346,1056.2816751133635,1.4766569010416666,1.8906249999999998,1.8906249999999998,1200,1650,1650,1.375,1.375,0,0,359.578725,PC030-NC,0,,,ON,False
2026-06-03,,IM15,3,,SD,,,0,,0,0,0,0,0,,,,,,0,0,0,0,0,0,0,0,0,0,0,0,0,0,0,0,0,0,0,0,0,,,SD,False
2026-06-03,,IM15,1,7:10AM,T90A CHL REFLEX REFLECTOR,1021636,,MO6510,900,32.72727272727273,7.25,29,11.740944444444445,-3.7409444444444446,,,31.78,145a,1330,1320,1320,10,10,0.007518796992481203,0.9125235997482694,0.9125235997482694,1213.6563876651983,2.168813348765432,1.964212962962963,1.964212962962963,1800,2660,2640,1.4777777777777779,1.4666666666666666,968.88,7.34,164.92,PC026-AMB,0,,,ON,False
2026-06-03,,IM15,2,,T90A CHL REFLEX REFLECTOR,,,MO6510,900,32.72727272727273,7.25,29,5.097438888888889,2.902561111111111,,,31.97,,574,574,574,0,0,0,0.9071004066312168,0.9071004066312168,520.6756334063184,0.40637915586419754,0.36862669753086424,0.36862669753086424,1800,1148,1148,0.6377777777777778,0.6377777777777778,421.316,0,71.176,PC026-AMB,0,,,ON,False
2026-06-03,,IM16,3,,SD,,,0,,0,0,0,0,0,,,,,,0,0,0,0,0,0,0,0,0,0,0,0,0,0,0,0,0,0,0,0,0,,,SD,False
2026-06-03,,IM16,1,,SD,,,0,,0,0,0,0,0,,,,,,0,0,0,0,0,0,0,0,0,0,0,0,0,0,0,0,0,0,0,0,0,,,SD,False
2026-06-03,,IM16,2,,SD,,,0,,0,0,0,0,0,,,,,,0,0,0,0,0,0,0,0,0,0,0,0,0,0,0,0,0,0,0,0,0,,,SD,False
2026-06-03,,IM17,3,,SD,,,0,,0,0,0,0,0,,,,,,0,0,0,0,0,0,0,0,0,0,0,0,0,0,0,0,0,0,0,0,0,,,SD,False
2026-06-03,,IM17,1,,SD,,,0,,0,0,0,0,0,,,,,,0,0,0,0,0,0,0,0,0,0,0,0,0,0,0,0,0,0,0,0,0,,,SD,False
2026-06-03,,IM17,2,,SD,,,0,,0,0,0,0,0,,,,,,0,0,0,0,0,0,0,0,0,0,0,0,0,0,0,0,0,0,0,0,0,,,SD,False
2026-06-03,,IM18,3,,SD,,,0,,0,0,0,0,0,,,,,,0,0,0,0,0,0,0,0,0,0,0,0,0,0,0,0,0,0,0,0,0,,,SD,False
2026-06-03,,IM18,1,,SD,,,0,,0,0,0,0,0,,,,,,0,0,0,0,0,0,0,0,0,0,0,0,0,0,0,0,0,0,0,0,0,,,SD,False
2026-06-03,,IM18,2,,SD,,,0,,0,0,0,0,0,,,,,,0,0,0,0,0,0,0,0,0,0,0,0,0,0,0,0,0,0,0,0,0,,,SD,False
2026-06-03,,IM19,3,,T90A BUL HSG,,,MO5785,,0,0,38,3.9861111111111116,4.013888888888888,,,41,ongoing,350,350,350,0,0,0,0.926829268292683,0.926829268292683,324.39024390243907,0,0,0,0,700,700,350,350,732.2,0,264.6,ASA01-BK,0,,,ON,False
2026-06-03,,IM19,1,8:30AM,T1XL FASCIA BRACKET 1,1022565,,TNL 737,400,0,6.111111111111111,55,0,4.594722222222222,,Running T90 BUL hsg still.,,,,0,0,0,0,0,0,0,0,0.3181806423611111,0,0,800,0,0,0,0,0,0,0,PP028-BK,0,,,ON,True
2026-06-03,,IM19,1,,T90A BUL HSG,,,MO5785,,0,0,38,3.4052777777777776,-8.049166666666666,,,41,ongoing,299,299,299,0,0,0,0.926829268292683,0.926829268292683,277.1219512195122,5.613196041666666,5.2024743800813,5.2024743800813,0,598,598,299,299,625.508,0,226.044,ASA01-BK,0,,,ON,True
2026-06-03,,IM19,2,,T1XL FASCIA BRACKET 1,,,TNL 737,500,0,7.638888888888889,55,12.643888888888888,-4.643888888888888,,,41.38,12p,1100,1097,1097,3,3,0.0027272727272727275,1.3291445142580955,1.3291445142580955,1462.0589656839052,3.4770694444444445,4.608923611111111,4.608923611111111,1000,2200,2194,2.2,2.1940000000000004,1557.74,4.26,257.29,PP028-BK,0,,,ON,False
2026-06-03,,IM2,3,,SD,,,0,,0,0,0,0,0,,,,,,0,0,0,0,0,0,0,0,0,0,0,0,0,0,0,0,0,0,0,0,0,,,SD,False
2026-06-03,,IM2,1,7:00AM,150B CHL BG Shade A,1020692,,M05175,1100,44,7.333333333333333,24,8.933333333333334,-0.9333333333333336,,,24,330a,1340,1335,1335,5,5,0.0037313432835820895,1,1,1340,1.3603030303030303,1.3552272727272727,1.3552272727272727,2200,2680,2670,1.2181818181818183,1.2136363636363638,867.75,3.25,201,PP025-BK,0,,,ON,False
2026-06-03,,IM2,2,,150B CHL BG Shade A,,,M05175,1100,44,7.333333333333333,24,8.233333333333333,-0.2333333333333325,,,24,,1235,1235,1235,0,0,0,1,1,1235,1.1554734848484849,1.1554734848484849,1.1554734848484849,2200,2470,2470,1.1227272727272728,1.1227272727272728,802.75,0,185.25,PP025-BK,0,,,ON,False
2026-06-03,,IM3,3,11:00PM,L42P(2) HL Reflector A (REV ---),1022254,,4385,700,0,7.388888888888889,38,5.559583333333333,2.4404166666666667,,,36.39,1130p,550,545,545,5,5,0.00909090909090909,1.044242923880187,1.044242923880187,574.3336081341027,0.546030505952381,0.5650049603174604,0.5650049603174604,1400,1100,1090,0.7857142857142857,0.7785714285714286,0,0,408.815,PC003-BK,0,,,ON,False
2026-06-03,,IM3,1,,L42P(2) HL Reflector A (REV ---),,,4385,700,0,7.388888888888889,38,7.9855833333333335,0.014416666666666522,,,36.39,,790,790,790,0,0,0,1.044242923880187,1.044242923880187,824.9519098653477,1.1265376488095238,1.1763789682539683,1.1763789682539683,1400,1580,1580,1.1285714285714286,1.1285714285714286,0,0,587.207,PC003-BK,0,,,ON,False
2026-06-03,,IM3,2,,L42P(2) HL Reflector A (REV ---),,,4385,700,0,7.388888888888889,38,7.540816666666667,0.45918333333333283,,,36.39,,746,746,746,0,0,0,1.044242923880187,1.044242923880187,779.0052212146194,1.004544505952381,1.0489884920634922,1.0489884920634922,1400,1492,1492,1.0657142857142856,1.0657142857142856,0,0,554.5018,PC003-BK,0,,,ON,False
2026-06-03,,IM4,3,ONGOING,T90A CHL EXTENSION B,1007024,,MO6519,800,53.333333333333336,7.555555555555555,34,7.311111111111112,0.6888888888888882,,,32.9,ongoing,800,800,800,0,0,0,1.033434650455927,1.033434650455927,826.7477203647417,0.913888888888889,0.9444444444444445,0.9444444444444445,1600,1600,1600,1,1,694.4,0,236.79999999999998,PC003-BK,0,,,ON,False
2026-06-03,,IM4,1,,T90A CHL EXTENSION B,,,MO6519,800,53.333333333333336,7.555555555555555,34,7.905138888888889,0.09486111111111128,,cleaning tool constant issues with grease burning to tool.,32.9,,865,840,840,25,25,0.028901734104046242,1.033434650455927,1.033434650455927,893.9209726443769,1.0684289279513888,1.0722395833333331,1.0722395833333331,1600,1730,1680,1.08125,1.05,729.12,21.7,256.03999999999996,PC003-BK,0,,,ON,False
2026-06-03,,IM4,2,4:00PM,NQ5A Bumper Brkt I/B #1,1022564,,1022,550,0,6.6825,43.74,6.611111111111112,1.3888888888888884,,,34,330p,700,693,693,7,7,0.01,1.2864705882352943,1.2864705882352943,900.529411764706,1.051767676767677,1.3395375000000005,1.3395375000000005,1100,1400,1386,1.2727272727272727,1.26,0,0,135.94,PAM02-BK,0,,,ON,False
2026-06-03,,IM5,3,,SD,,,0,,0,0,0,0,0,,,,,,0,0,0,0,0,0,0,0,0,0,0,0,0,0,0,0,0,0,0,0,0,,,SD,False
2026-06-03,,IM5,1,,SD,,,0,,0,0,0,0,0,,,,,,0,0,0,0,0,0,0,0,0,0,0,0,0,0,0,0,0,0,0,0,0,,,SD,False
2026-06-03,,IM5,2,,SD,,,0,,0,0,0,0,0,,,,,,0,0,0,0,0,0,0,0,0,0,0,0,0,0,0,0,0,0,0,0,0,,,SD,False
2026-06-03,,IM6,3,ONGOING,31CC Bezel (Island),1020250,,M623,1000,0,7.222222222222222,26,6.42,1.58,,,25.68,ongoing,900,900,900,0,0,0,1.0124610591900312,1.0124610591900312,911.2149532710281,0.72225,0.73125,0.73125,2000,1800,1800,0.9,0.9,828,0,67.5,PC013-BK,0,,,ON,False
2026-06-03,,IM6,1,,31CC Bezel (Island),,,M623,1000,0,7.222222222222222,26,7.240333333333334,0.759666666666666,,,25.68,ongoing,1015,1015,1015,0,0,0,1.0124610591900312,1.0124610591900312,1027.6479750778817,0.9186172916666668,0.9300642361111113,0.9300642361111113,2000,2030,2030,1.015,1.015,933.8000000000001,0,76.125,PC013-BK,0,,,ON,False
2026-06-03,,IM6,2,,SD,,,0,,0,0,0,0,0,,,,,,0,0,0,0,0,0,0,0,0,0,0,0,0,0,0,0,0,0,0,0,0,,,SD,False
2026-06-03,,IM7,3,12:00AM,890B CHL-LED Cover HG,1020946,,5417,700,0,7,36,6.319444444444445,1.6805555555555554,,,35,1130p,650,645,645,5,5,0.007692307692307693,1.0285714285714285,1.0285714285714285,668.5714285714286,0.7335069444444444,0.7486607142857142,0.7486607142857142,1400,1300,1290,0.9285714285714286,0.9214285714285715,0,0,213.85000000000002,PP018-BK,0,,,ON,False
2026-06-03,,IM7,1,,890B CHL-LED Cover HG,,,5417,800,0,8,36,8.516666666666667,-0.5166666666666675,,,35,,876,876,876,0,0,0,1.0285714285714285,1.0285714285714285,901.0285714285714,1.1657187500000001,1.199025,1.199025,1600,1752,1752,1.095,1.095,0,0,288.204,PP018-BK,0,,,ON,False
2026-06-03,,IM7,2,4:30PM,J34A HG BRACKET A,1021049,,5765,600,0,5.75,34.5,5.806319444444444,2.193680555555556,,,34.55,315p,605,600,600,5,5,0.008264462809917356,0.9985528219971057,0.9985528219971057,604.1244573082489,0.7318381799768517,0.7247395833333332,0.7247395833333332,1200,1210,1200,1.0083333333333333,1,0,0,412.6705,PAM01-BK,0,,,ON,False
2026-06-03,,IM8,3,,SD,,,0,,0,0,0,0,0,,,,,,0,0,0,0,0,0,0,0,0,0,0,0,0,0,0,0,0,0,0,0,0,,,SD,False
2026-06-03,,IM8,1,,SD,,,0,,0,0,0,0,0,,,,,,0,0,0,0,0,0,0,0,0,0,0,0,0,0,0,0,0,0,0,0,0,,,SD,False
2026-06-03,,IM8,2,,SD,,,0,,0,0,0,0,0,,,,,,0,0,0,0,0,0,0,0,0,0,0,0,0,0,0,0,0,0,0,0,0,,,SD,False
2026-06-03,,IM9,3,ONGOING,H61P RCL-LED Refl A,1010162,,527,600,40,6.833333333333333,41,4.024166666666667,3.975833333333333,,,33,ongoing,439,439,439,0,0,0,1.2424242424242424,1.2424242424242424,545.4242424242424,0.3680435763888889,0.4572662615740741,0.4572662615740741,1200,878,878,0.7316666666666667,0.7316666666666667,633.038,0,166.82,PC017-WT,0,,,ON,False
2026-06-03,,IM9,1,7:30AM,T90A RCL Reflector A,1022487,,MO5774,600,150,6.666666666666667,40,5.7475,2.2525000000000004,,Started early on 3rds then paused during days.,41.8,245a,495,490,490,5,5,0.010101010101010102,0.9569377990430623,0.9569377990430623,473.68421052631584,0.5927109374999999,0.5614583333333333,0.5614583333333333,1200,990,980,0.825,0.8166666666666667,1044.68,10.66,320.76,PC001-GY,0,,,ON,False
2026-06-03,,IM9,2,,T90A RCL Reflector A,,,MO5774,700,175,7.777777777777778,40,7.965222222222222,0.03477777777777824,,,41.8,ongoing,686,686,686,0,0,0,0.9569377990430623,0.9569377990430623,656.4593301435408,0.975739722222222,0.9337222222222221,0.9337222222222221,1400,1372,1372,0.98,0.98,1462.5520000000001,0,444.528,PC001-GY,0,,,ON,False
2026-06-04,,IM1,3,,SD,,,0,,0,0,0,0,0,,,,,,0,0,0,0,0,0,0,0,0,0,0,0,0,0,0,0,0,0,0,0,0,,,SD,False
2026-06-04,,IM1,1,9:00AM,NQ5A Flange Brkt,1024459,,1021,500,0,5.691666666666666,40.98,4.2375,3.7625,,,33.9,815a,450,447,447,3,3,0.006666666666666667,1.2088495575221239,1.2088495575221239,543.9823008849557,0.47671875,0.572439375,0.572439375,1000,900,894,0.9,0.894,0,0,61.90582500000001,PP022-BK,0,,,ON,False
2026-06-04,,IM1,2,,NQ5A Flange Brkt,,,1021,700,0,7.968333333333332,40.98,8.286666666666667,-0.28666666666666707,,,33.9,,880,880,880,0,0,0,1.2088495575221239,1.2088495575221239,1063.787610619469,1.3021904761904763,1.5741523809523812,1.5741523809523812,1400,1760,1760,1.2571428571428571,1.2571428571428571,0,0,121.06028,PP022-BK,0,,,ON,False
2026-06-04,,IM10,3,ONGOING,550B RCL-LED Reflector,1022171,,MO5239,500,100,4.861111111111111,35,0,8,,Down for metalizer wip till 6am,,,,0,0,0,0,0,0,0,0,0,0,0,1000,0,0,0,0,0,0,0,PC018-BK,0,,,ON,False
2026-06-04,,IM10,1,,550B RCL-LED Reflector,,,MO5239,500,100,4.861111111111111,35,4.592083333333333,3.407916666666667,,,32.1,6a,515,515,515,0,0,0,1.0903426791277258,1.0903426791277258,561.5264797507788,0.5912307291666666,0.6446440972222222,0.6446440972222222,1000,1030,1030,1.03,1.03,965.11,0,321.36,PC018-BK,0,,,ON,False
2026-06-04,,IM10,2,4:30PM,31CC DRL Inner Lens,1024038,,TNL 621,200,28.571428571428573,2.2777777777777777,41,2.194444444444444,5.805555555555555,,Pause for wip.,39.5,415p,200,190,190,10,10,0.05,1.0379746835443038,1.0379746835443038,207.59493670886076,0.2743055555555555,0.2704861111111111,0.2704861111111111,400,400,380,1,0.95,396.72,20.880000000000003,112.1712,PC020-NC,0,,,ON,False
2026-06-04,,IM11,3,ONGOING,NQ5A Bumper Brkt I/B #2,1019390,,1023,600,0,7.246666666666665,43.48,5.3,2.7,,,38.16,ongoing,500,500,500,0,0,0,1.1394129979035639,1.1394129979035639,569.7064989517819,0.5520833333333334,0.6290509259259259,0.6290509259259259,1200,1000,1000,0.8333333333333334,0.8333333333333334,0,0,77.7,PAM02-BK,0,,,ON,False
2026-06-04,,IM11,1,,NQ5A Bumper Brkt I/B #2,,,1023,600,0,7.246666666666665,43.48,9.963999999999999,-1.9639999999999986,,,38.16,,940,940,940,0,0,0,1.1394129979035639,1.1394129979035639,1071.04821802935,1.9512833333333328,2.2233175925925917,2.2233175925925917,1200,1880,1880,1.5666666666666667,1.5666666666666667,0,0,146.07600000000002,PAM02-BK,0,,,ON,False
2026-06-04,,IM11,2,4:00PM,01OB Bezel Plug,1022573,,1943,700,18.666666666666668,6.805555555555555,35,3.597222222222222,4.402777777777779,,,37,5p,350,1390,1390,10,10,0.007142857142857143,0.9459459459459459,0.9459459459459459,331.0810810810811,0.22482638888888887,0.21115451388888887,0.21115451388888887,5600,2800,2780,0.5,0.49642857142857144,266.88,1.92,106.29500000000002,ABS07-BK,0,,,ON,False
2026-06-04,,IM12,3,ONGOING,GM PIN,1019080,,2717,800,4.266666666666667,7.777777777777778,35,3.295,4.705,,,26.36,ongoing,450,3600,0,0,0,0,1.3277693474962065,1.3277693474962065,597.4962063732929,0.2316796875,0.30761718750000006,0.30761718750000006,6400,3600,3600,0.5625,0.5625,360,0,64.584,PP024-BK,0,,,ON,False
2026-06-04,,IM12,1,,GM PIN,,,2717,800,4.266666666666667,7.777777777777778,35,8.874533333333334,-0.8745333333333338,,,26.36,,1212,9696,0,0,0,0,1.3277693474962065,1.3277693474962065,1609.2564491654023,1.68061475,2.23146875,2.23146875,6400,9696,9696,1.515,1.515,969.6,0,173.94624000000002,PP024-BK,0,,,ON,False
2026-06-04,,IM12,2,,GM PIN,,,2717,800,4.266666666666667,7.777777777777778,35,7.600466666666666,0.3995333333333342,,,26.36,,1038,8304,0,0,0,0,1.3277693474962065,1.3277693474962065,1378.2245827010622,1.2327006875,1.6367421875000001,1.6367421875000001,6400,8304,8304,1.2975,1.2975,830.4000000000001,0,148.97376,PP024-BK,0,,,ON,False
2026-06-04,,IM14,3,ONGOING,L42P(2) HL  Inner Lens B,1022309,,7698,600,0,8,48,6.998333333333333,1.001666666666667,,,39,ongoing,646,646,646,0,0,0,1.2307692307692308,1.2307692307692308,795.0769230769231,0.9418590277777777,1.1592111111111112,1.1592111111111112,1200,1292,1292,1.0766666666666667,1.0766666666666667,0,0,281.561038,PC030-NC,0,,,ON,False
2026-06-04,,IM14,1,8:30AM,T90A RCL RIM (COVER A),1023902,,MO5773,500,66.66666666666667,5.833333333333333,42,3.9919444444444445,4.008055555555556,,EOAT bracket that holds EOAT broke.,41.06,830a,350,345,345,5,5,0.014285714285714285,1.0228933268387725,1.0228933268387725,358.0126643935704,0.3492951388888889,0.35218750000000004,0.35218750000000004,1000,700,690,0.7,0.69,449.19,6.51,153.3,PP025-BK,0,,,ON,False
2026-06-04,,IM14,2,,T90A RCL RIM (COVER A),,,MO5773,650,86.66666666666667,7.583333333333333,42,8.554166666666667,-0.5541666666666671,,,41.06,,750,750,750,0,0,0,1.0228933268387725,1.0228933268387725,767.1699951290794,1.2337740384615385,1.2620192307692308,1.2620192307692308,1300,1500,1500,1.1538461538461537,1.1538461538461537,976.5,0,328.5,PP025-BK,0,,,ON,False
2026-06-04,,IM15,3,12:00AM,U625 REFLEX REFLECTOR,1024022,,MO8085,700,0,6.416666666666667,33,4.99125,3.00875,,,32.67,1145p,550,545,545,5,5,0.00909090909090909,1.01010101010101,1.01010101010101,555.5555555555554,0.49021205357142855,0.49066220238095226,0.49066220238095226,1400,1100,1090,0.7857142857142857,0.7785714285714286,420.74,3.8600000000000003,84.755,PMMA01-AM,0,,,ON,False
2026-06-04,,IM15,1,,U625 REFLEX REFLECTOR,,,MO8085,800,0,7.333333333333333,33,7.3326,0.6673999999999998,,,32.67,ongoing,808,808,808,0,0,0,1.01010101010101,1.01010101010101,816.161616161616,0.9257407500000001,0.9350916666666667,0.9350916666666667,1600,1616,1616,1.01,1.01,623.7760000000001,0,124.51279999999998,PMMA01-AM,0,,,ON,False
2026-06-04,,IM15,2,,U625 REFLEX REFLECTOR,,,MO8085,800,0,7.333333333333333,33,8.6394,-0.6394000000000002,,,32.67,,952,952,952,0,0,0,1.01010101010101,1.01010101010101,961.6161616161614,1.28511075,1.2980916666666666,1.2980916666666666,1600,1904,1904,1.19,1.19,734.9440000000001,0,146.70319999999998,PMMA01-AM,0,,,ON,False
2026-06-04,,IM16,3,,SD,,,0,,0,0,0,0,0,,,,,,0,0,0,0,0,0,0,0,0,0,0,0,0,0,0,0,0,0,0,0,0,,,SD,False
2026-06-04,,IM16,1,,SD,,,0,,0,0,0,0,0,,,,,,0,0,0,0,0,0,0,0,0,0,0,0,0,0,0,0,0,0,0,0,0,,,SD,False
2026-06-04,,IM16,2,,SD,,,0,,0,0,0,0,0,,,,,,0,0,0,0,0,0,0,0,0,0,0,0,0,0,0,0,0,0,0,0,0,,,SD,False
2026-06-04,,IM17,3,,SD,,,0,,0,0,0,0,0,,,,,,0,0,0,0,0,0,0,0,0,0,0,0,0,0,0,0,0,0,0,0,0,,,SD,False
2026-06-04,,IM17,1,,SD,,,0,,0,0,0,0,0,,,,,,0,0,0,0,0,0,0,0,0,0,0,0,0,0,0,0,0,0,0,0,0,,,SD,False
2026-06-04,,IM17,2,,SD,,,0,,0,0,0,0,0,,,,,,0,0,0,0,0,0,0,0,0,0,0,0,0,0,0,0,0,0,0,0,0,,,SD,False
2026-06-04,,IM18,3,,SD,,,0,,0,0,0,0,0,,,,,,0,0,0,0,0,0,0,0,0,0,0,0,0,0,0,0,0,0,0,0,0,,,SD,False
2026-06-04,,IM18,1,,SD,,,0,,0,0,0,0,0,,,,,,0,0,0,0,0,0,0,0,0,0,0,0,0,0,0,0,0,0,0,0,0,,,SD,False
2026-06-04,,IM18,2,,SD,,,0,,0,0,0,0,0,,,,,,0,0,0,0,0,0,0,0,0,0,0,0,0,0,0,0,0,0,0,0,0,,,SD,False
2026-06-04,,IM19,3,ONGOING,T1XL FASCIA BRACKET 1,1022565,,TNL 737,500,0,7.638888888888889,55,4.562222222222222,3.437777777777778,,,41.06,ongoing,400,400,400,0,0,0,1.3395031660983925,1.3395031660983925,535.801266439357,0.45622222222222225,0.611111111111111,0.611111111111111,1000,800,800,0.8,0.8,568,0,93.56,PP028-BK,0,,,ON,False
2026-06-04,,IM19,1,,T1XL FASCIA BRACKET 1,,,TNL 737,500,0,7.638888888888889,55,10.515922222222223,-2.5159222222222226,,,41.06,,922,922,922,0,0,0,1.3395031660983925,1.3395031660983925,1235.021919142718,2.4239200722222223,3.246848611111111,3.246848611111111,1000,1844,1844,1.844,1.844,1309.24,0,215.6558,PP028-BK,0,,,ON,False
2026-06-04,,IM19,2,,T1XL FASCIA BRACKET 1,,,TNL 737,500,0,7.638888888888889,55,0,8,,Finished its run ahead of schedule.,,,,0,0,0,0,0,0,0,0,0,0,0,1000,0,0,0,0,0,0,0,PP028-BK,0,,,ON,False
2026-06-04,,IM2,3,ONGOING,150B CHL BG Shade A,1020692,,M05175,1000,40,6.666666666666667,24,4.466666666666667,3.533333333333333,,,24,ongoing,670,670,670,0,0,0,1,1,670,0.3740833333333334,0.3740833333333334,0.3740833333333334,2000,1340,1340,0.67,0.67,435.5,0,100.5,PP025-BK,0,,,ON,False
2026-06-04,,IM2,1,8:00AM,THRA/TGSX Outer Lens Mold Only,1024387,,NEEDED,500,0,6.25,45,6.79951388888889,1.2004861111111103,,,44.75,515a,547,1089,0,5,5,0.009099181073703366,1.005586592178771,1.005586592178771,550.0558659217877,0.9298335243055557,0.9265201347816198,0.9265201347816198,1000,1099,1089,1.094,1.0840454959053687,0,0,175.84,PMMA03-RED,0,,,ON,False
2026-06-04,,IM2,2,,THRA/TGSX Outer Lens Mold Only,,,NEEDED,600,0,7.5,45,8.117152777777779,-0.117152777777779,,,44.75,,653,1306,0,0,0,0,1.005586592178771,1.005586592178771,656.6480446927375,1.1042709924768521,1.110440104166667,1.110440104166667,1200,1306,1306,1.0883333333333334,1.0883333333333334,0,0,208.96,PMMA03-RED,0,,,ON,False
2026-06-04,,IM3,3,12:00AM,T90A RCL INNER LENS B,1023657,,MO5778,700,58.333333333333336,6.416666666666667,33,4.6875,3.3125,,,27,1230a,625,615,615,10,10,0.016,1.2222222222222223,1.2222222222222223,763.8888888888889,0.5231584821428571,0.6291852678571428,0.6291852678571428,1400,1250,1230,0.8928571428571429,0.8785714285714286,531.36,8.64,143.75,PC011-NC,0,,,ON,False
2026-06-04,,IM3,1,,T90A RCL INNER LENS B,,,MO5778,800,66.66666666666667,7.333333333333333,33,6.7275,1.2725,,Black spots repurging press.,27,,897,897,897,0,0,0,1.2222222222222223,1.2222222222222223,1096.3333333333335,0.942901171875,1.152434765625,1.152434765625,1600,1794,1794,1.12125,1.12125,775.008,0,206.31,PC011-NC,0,,,ON,False
2026-06-04,,IM3,2,,T90A RCL INNER LENS B,,,MO5778,800,66.66666666666667,7.333333333333333,33,6.584999999999999,1.415000000000001,,,27,,878,878,878,0,0,0,1.2222222222222223,1.2222222222222223,1073.111111111111,0.9033796874999999,1.1041307291666667,1.1041307291666667,1600,1756,1756,1.0975,1.0975,758.592,0,201.94,PC011-NC,0,,,ON,False
2026-06-04,,IM4,3,ONGOING,NQ5A Bumper Brkt I/B #1,1022564,,1022,650,0,7.8975,43.74,6.632499999999999,1.3675000000000006,,,34.11,ongoing,700,700,700,0,0,0,1.2823218997361479,1.2823218997361479,897.6253298153035,0.8928365384615384,1.144903846153846,1.144903846153846,1300,1400,1400,1.0769230769230769,1.0769230769230769,0,0,135.94,PAM02-BK,0,,,ON,False
2026-06-04,,IM4,1,,NQ5A Bumper Brkt I/B #1,,,1022,650,0,7.8975,43.74,7.3905,0.6094999999999997,,,34.11,,780,780,780,0,0,0,1.2823218997361479,1.2823218997361479,1000.2110817941954,1.108575,1.4215500000000003,1.4215500000000003,1300,1560,1560,1.2,1.2,0,0,151.476,PAM02-BK,0,,,ON,False
2026-06-04,,IM4,2,,NQ5A Bumper Brkt I/B #1,,,1022,650,0,7.8975,43.74,8.717,-0.7170000000000005,,,34.11,,920,920,920,0,0,0,1.2823218997361479,1.2823218997361479,1179.736147757256,1.5422384615384617,1.977646153846154,1.977646153846154,1300,1840,1840,1.4153846153846155,1.4153846153846155,0,0,178.66400000000002,PAM02-BK,0,,,ON,False
2026-06-04,,IM5,3,,SD,,,0,,0,0,0,0,0,,,,,,0,0,0,0,0,0,0,0,0,0,0,0,0,0,0,0,0,0,0,0,0,,,SD,False
2026-06-04,,IM5,1,,SD,,,0,,0,0,0,0,0,,,,,,0,0,0,0,0,0,0,0,0,0,0,0,0,0,0,0,0,0,0,0,0,,,SD,False
2026-06-04,,IM5,2,,SD,,,0,,0,0,0,0,0,,,,,,0,0,0,0,0,0,0,0,0,0,0,0,0,0,0,0,0,0,0,0,0,,,SD,False
2026-06-04,,IM6,3,,SD,,,0,,0,0,0,0,0,,,,,,0,0,0,0,0,0,0,0,0,0,0,0,0,0,0,0,0,0,0,0,0,,,SD,False
2026-06-04,,IM6,1,7:00AM,311 D Bezel Plug,1022644,,0,800,0,7.777777777777778,35,4.627466666666666,0,,,31.08,745a,536,2104,2104,40,40,0.018656716417910446,1.1261261261261262,1.1261261261261262,603.6036036036036,0.3875503333333333,0.4282881944444444,0.4282881944444444,6400,4288,4208,0.67,0.6575000000000001,0,0,171.52,ABS07-BK,0,,,ON,False
2026-06-04,,IM6,2,,311 D Bezel Plug,,,0,800,0,7.777777777777778,35,8.322533333333332,0,,,31.08,,964,3856,3856,0,0,0,1.1261261261261262,1.1261261261261262,1085.5855855855857,1.2535815833333332,1.4116909722222222,1.4116909722222222,6400,7712,7712,1.205,1.205,0,0,308.48,ABS07-BK,0,,,ON,False
2026-06-04,,IM7,3,,SD,,,0,,0,0,0,0,0,,,,,,0,0,0,0,0,0,0,0,0,0,0,0,0,0,0,0,0,0,0,0,0,,,SD,False
2026-06-04,,IM7,1,7:10AM,T90A RCL Extension A,1023593,,MO5772,700,93.33333333333333,7.583333333333333,39,7.908333333333333,0.09166666666666679,,,36.5,415a,780,775,775,5,5,0.00641025641025641,1.0684931506849316,1.0684931506849316,833.4246575342466,1.1015178571428572,1.169419642857143,1.169419642857143,1400,1560,1550,1.1142857142857143,1.1071428571428572,1109.8,7.16,421.20000000000005,PC003-BK,0,,,ON,False
2026-06-04,,IM7,2,,T90A RCL Extension A,,,MO5772,700,93.33333333333333,7.583333333333333,39,9.469722222222224,-1.4697222222222237,,,36.5,,934,934,934,0,0,0,1.0684931506849316,1.0684931506849316,997.9726027397261,1.5794143849206352,1.6875934523809528,1.6875934523809528,1400,1868,1868,1.3342857142857143,1.3342857142857143,1337.488,0,504.36,PC003-BK,0,,,ON,False
2026-06-04,,IM8,3,,SD,,,0,,0,0,0,0,0,,,,,,0,0,0,0,0,0,0,0,0,0,0,0,0,0,0,0,0,0,0,0,0,,,SD,False
2026-06-04,,IM8,1,,SD,,,0,,0,0,0,0,0,,,,,,0,0,0,0,0,0,0,0,0,0,0,0,0,0,0,0,0,0,0,0,0,,,SD,False
2026-06-04,,IM8,2,,SD,,,0,,0,0,0,0,0,,,,,,0,0,0,0,0,0,0,0,0,0,0,0,0,0,0,0,0,0,0,0,0,,,SD,False
2026-06-04,,IM9,3,ONGOING,T90A RCL Reflector A,1022487,,MO5774,500,125,5.555555555555555,40,7.187277777777777,0.8127222222222228,,,41.8,ongoing,619,619,619,0,0,0,0.9569377990430623,0.9569377990430623,592.3444976076556,1.112231236111111,1.0643361111111111,1.0643361111111111,1000,1238,1238,1.238,1.238,1319.708,0,401.112,PC001-GY,0,,,ON,False
2026-06-04,,IM9,1,7:30AM,H61P RCL-LED Refl B,1022901,,528,600,40,6.833333333333333,41,4.845,3.1550000000000002,,,34.2,730a,510,505,505,5,5,0.00980392156862745,1.198830409356725,1.198830409356725,611.4035087719298,0.51478125,0.6110850694444444,0.6110850694444444,1200,1020,1010,0.85,0.8416666666666667,797.9000000000001,7.9,169.32000000000002,PC017-WT,0,,,ON,False
2026-06-04,,IM9,2,,H61P RCL-LED Refl B,,,528,700,46.666666666666664,7.972222222222222,41,7.6475,0.35250000000000004,,,34.2,,805,805,805,0,0,0,1.198830409356725,1.198830409356725,965.0584795321637,1.099328125,1.317907986111111,1.317907986111111,1400,1610,1610,1.15,1.15,1271.9,0,267.26,PC017-WT,0,,,ON,False
2026-06-05,,IM1,3,ONGOING,NQ5A Flange Brkt,1024459,,1021,650,0,7.399166666666666,40.98,0,8,,,,ongoing,900,898,898,2,2,0.0022222222222222222,0,0,0,0,0,0,1300,1800,1796,1.3846153846153846,1.3815384615384614,0,0,123.81165000000001,PP022-BK,0,,,ON,False
2026-06-05,,IM1,1,,NQ5A Flange Brkt,,,1021,650,0,7.399166666666666,40.98,0,8,,,,ongoing,900,900,900,0,0,0,0,0,0,0,0,0,1300,1800,1800,1.3846153846153846,1.3846153846153846,0,0,123.81165000000001,PP022-BK,0,,,ON,False
2026-06-05,,IM1,2,,NQ5A Flange Brkt,,,1021,650,0,7.399166666666666,40.98,0,8,,,,ongoing,696,696,696,0,0,0,0,0,0,0,0,0,1300,1392,1392,1.0707692307692307,1.0707692307692307,0,0,95.74767600000001,PP022-BK,0,,,ON,False
2026-06-05,,IM10,3,ONGOING,31CC DRL Inner Lens,1024038,,TNL 621,300,42.857142857142854,3.4166666666666665,41,0,8,,,,ongoing,306,306,306,0,0,0,0,0,0,0,0,0,600,612,612,1.02,1.02,638.928,0,171.621936,PC020-NC,0,,,ON,False
2026-06-05,,IM10,1,9:30AM,NX4OB RCO Stop Ref,1026333,,902,400,0,4.444444444444445,40,0,8,,,,445a,782,777,777,5,5,0.00639386189258312,0,0,0,0,0,0,800,1564,1554,1.955,1.9425,1202.9968174920834,7.741292261853818,436.35600000000005,PBT02-DGY,0,,,ON,False
2026-06-05,,IM10,2,,NX4OB RCO Stop Ref,,,902,700,0,7.777777777777778,40,0,8,,,,ongoing,353,353,353,0,0,0,0,0,0,0,0,0,1400,706,706,0.5042857142857143,0.5042857142857143,546.5352336868796,0,196.97400000000002,PBT02-DGY,0,,,ON,False
2026-06-05,,IM11,3,ONGOING,01OB Bezel Plug,1022573,,1943,800,21.333333333333332,7.777777777777778,35,0,8,,,,ongoing,750,3000,3000,0,0,0,0,0,0,0,0,0,6400,6000,6000,0.9375,0.9375,576,0,227.775,ABS07-BK,0,,,ON,False
2026-06-05,,IM11,1,,01OB Bezel Plug,,,1943,800,21.333333333333332,7.777777777777778,35,0,8,,,,ongoing,836,3344,3344,0,0,0,0,0,0,0,0,0,6400,6688,6688,1.045,1.045,642.048,0,253.8932,ABS07-BK,0,,,ON,False
2026-06-05,,IM11,2,,01OB Bezel Plug,,,1943,800,21.333333333333332,7.777777777777778,35,0,8,,,,ongoing,822,3288,3288,0,0,0,0,0,0,0,0,0,6400,6576,6576,1.0275,1.0275,631.296,0,249.64140000000003,ABS07-BK,0,,,ON,False
2026-06-05,,IM12,3,ONGOING,GM PIN,1019080,,2717,800,4.266666666666667,7.777777777777778,35,0,8,,,,ongoing,1200,9600,0,0,0,0,0,0,0,0,0,0,6400,9600,9600,1.5,1.5,960,0,172.22400000000002,PP024-BK,0,,,ON,False
2026-06-05,,IM12,1,,GM PIN,,,2717,800,4.266666666666667,7.777777777777778,35,0,8,,,,ongoing,1086,8688,0,0,0,0,0,0,0,0,0,0,6400,8688,8688,1.3575,1.3575,868.8000000000001,0,155.86272,PP024-BK,0,,,ON,False
2026-06-05,,IM12,2,,GM PIN,,,2717,800,4.266666666666667,7.777777777777778,35,0,8,,,,ongoing,954,7632,0,0,0,0,0,0,0,0,0,0,6400,7632,7632,1.1925,1.1925,763.2,0,136.91808,PP024-BK,0,,,ON,False
2026-06-05,,IM14,3,ONGOING,T90A RCL RIM (COVER A),1023902,,MO5773,650,86.66666666666667,7.583333333333333,42,0,8,,,,ongoing,700,700,700,0,0,0,0,0,0,0,0,0,1300,1400,1400,1.0769230769230769,1.0769230769230769,911.4,0,306.6,PP025-BK,0,,,ON,False
2026-06-05,,IM14,1,,T90A RCL RIM (COVER A),,,MO5773,650,86.66666666666667,7.583333333333333,42,0,8,,,,ongoing,730,730,730,0,0,0,0,0,0,0,0,0,1300,1460,1460,1.123076923076923,1.123076923076923,950.46,0,319.74,PP025-BK,0,,,ON,False
2026-06-05,,IM14,2,3:00PM,NQ5A Bumper Brkt I/B #2,1026344,,1023,600,0,7.246666666666665,43.48,0,8,,,,3p,621,618,618,3,3,0.004830917874396135,0,0,0,0,0,0,1200,1242,1236,1.035,1.0299999999999998,0,0,96.50340000000001,PAM02-BK,0,,,ON,False
2026-06-05,,IM15,3,,SD,,,0,,0,0,0,0,0,,,,,,0,0,0,0,0,0,0,0,0,0,0,0,0,0,0,0,0,0,0,0,0,,,SD,False
2026-06-05,,IM15,1,7:00AM,T90A CHL REFLEX REFLECTOR,1021636,,MO6510,900,32.72727272727273,7.25,29,0,8,,,,6a,932,932,932,0,0,0,0,0,0,0,0,0,1800,1864,1864,1.0355555555555556,1.0355555555555556,684.088,0,115.568,PC026-AMB,0,,,ON,False
2026-06-05,,IM15,2,,T90A CHL REFLEX REFLECTOR,,,MO6510,900,32.72727272727273,7.25,29,0,8,,,,ongoing,831,831,831,0,0,0,0,0,0,0,0,0,1800,1662,1662,0.9233333333333333,0.9233333333333333,609.954,0,103.044,PC026-AMB,0,,,ON,False
2026-06-05,,IM16,3,,SD,,,0,,0,0,0,0,0,,,,,,0,0,0,0,0,0,0,0,0,0,0,0,0,0,0,0,0,0,0,0,0,,,SD,False
2026-06-05,,IM16,1,,SD,,,0,,0,0,0,0,0,,,,,,0,0,0,0,0,0,0,0,0,0,0,0,0,0,0,0,0,0,0,0,0,,,SD,False
2026-06-05,,IM16,2,,FORD PIN,,,656,,0,0,40,0,8,,,,345p,429,1686,0,30,30,0.03436426116838488,0,0,0,0,0,0,0,1746,1686,429,414.2577319587629,301.794,10.74,24.442254,PP024-BK,0,,,ON,False
2026-06-05,,IM17,3,,SD,,,0,,0,0,0,0,0,,,,,,0,0,0,0,0,0,0,0,0,0,0,0,0,0,0,0,0,0,0,0,0,,,SD,False
2026-06-05,,IM17,1,,SD,,,0,,0,0,0,0,0,,,,,,0,0,0,0,0,0,0,0,0,0,0,0,0,0,0,0,0,0,0,0,0,,,SD,False
2026-06-05,,IM17,2,,SD,,,0,,0,0,0,0,0,,,,,,0,0,0,0,0,0,0,0,0,0,0,0,0,0,0,0,0,0,0,0,0,,,SD,False
2026-06-05,,IM18,3,,SD,,,0,,0,0,0,0,0,,,,,,0,0,0,0,0,0,0,0,0,0,0,0,0,0,0,0,0,0,0,0,0,,,SD,False
2026-06-05,,IM18,1,,SD,,,0,,0,0,0,0,0,,,,,,0,0,0,0,0,0,0,0,0,0,0,0,0,0,0,0,0,0,0,0,0,,,SD,False
2026-06-05,,IM18,2,,SD,,,0,,0,0,0,0,0,,,,,,0,0,0,0,0,0,0,0,0,0,0,0,0,0,0,0,0,0,0,0,0,,,SD,False
2026-06-05,,IM19,3,1:00AM,T90A BUL HSG,1019476,,MO5785,500,71.42857142857143,5.277777777777778,38,0,8,,,,12a,350,346,346,4,4,0.011428571428571429,0,0,0,0,0,0,1000,700,692,0.7,0.692,723.832,8.368,264.6,ASA01-BK,0,,,ON,False
2026-06-05,,IM19,1,,T90A BUL HSG,,,MO5785,700,100,7.388888888888889,38,0,8,,,,ongoing,633,633,633,0,0,0,0,0,0,0,0,0,1400,1266,1266,0.9042857142857142,0.9042857142857142,1324.236,0,478.548,ASA01-BK,0,,,ON,False
2026-06-05,,IM19,2,,T90A BUL HSG,,,MO5785,700,100,7.388888888888889,38,0,8,,,,ongoing,365,365,365,0,0,0,0,0,0,0,0,0,1400,730,730,0.5214285714285715,0.5214285714285715,763.58,0,275.94,ASA01-BK,0,,,ON,False
2026-06-05,,IM2,3,ONGOING,THRA/TGSX Outer Lens Mold Only,1024387,,NEEDED,600,0,7.5,45,0,8,,,,ongoing,540,1080,0,0,0,0,0,0,0,0,0,0,1200,1080,1080,0.9,0.9,0,0,172.8,PMMA03-RED,0,,,ON,False
2026-06-05,,IM2,1,8:00AM,T90A CHL BRACKET G,1025261,,MO8384,700,35,6.465277777777778,33.25,0,8,,,,7a,536,531,531,5,5,0.009328358208955223,0,0,0,0,0,0,1400,1072,1062,0.7657142857142857,0.7585714285714285,596.844,5.620000000000001,136.144,ABS06-BK,0,,,ON,False
2026-06-05,,IM2,2,,T90A CHL BRACKET G,,,MO8384,800,40,7.388888888888889,33.25,0,8,,,,ongoing,952,952,952,0,0,0,0,0,0,0,0,0,1600,1904,1904,1.19,1.19,1070.048,0,241.808,ABS06-BK,0,,,ON,False
2026-06-05,,IM3,3,11:00PM,T90A RCL REFLECTOR C,1025705,,MO5776,800,76.19047619047619,7.333333333333333,33,0,8,,,,1115p,650,647,647,3,3,0.004615384615384616,0,0,0,0,0,0,1600,1300,1294,0.8125,0.8087500000000001,719.464,3.3360000000000003,222.3,PC014-WT,0,,,ON,False
2026-06-05,,IM3,1,,T90A RCL REFLECTOR C,,,MO5776,800,76.19047619047619,7.333333333333333,33,0,8,,,,ongoing,970,970,970,0,0,0,0,0,0,0,0,0,1600,1940,1940,1.2125,1.2125,1078.64,0,331.74,PC014-WT,0,,,ON,False
2026-06-05,,IM3,2,,T90A RCL REFLECTOR C,,,MO5776,800,76.19047619047619,7.333333333333333,33,0,8,,,,ongoing,745,745,745,0,0,0,0,0,0,0,0,0,1600,1490,1490,0.93125,0.93125,828.44,0,254.79000000000002,PC014-WT,0,,,ON,False
2026-06-05,,IM4,3,ONGOING,NQ5A Bumper Brkt I/B #1,1022564,,1022,600,0,7.29,43.74,0,8,,,,ongoing,510,510,510,0,0,0,0,0,0,0,0,0,1200,1020,1020,0.85,0.85,0,0,99.042,PAM02-BK,0,,,ON,False
2026-06-05,,IM4,1,7:30AM,L42P RCL Shade,1026132,,M04373,1100,44,7.333333333333333,24,0,8,,,,3a,1604,1599,1599,5,5,0.003117206982543641,0,0,0,0,0,0,2200,3208,3198,1.4581818181818182,1.4536363636363638,3134.04,9.8,471.57599999999996,PC006-GY,0,,,ON,False
2026-06-05,,IM4,2,,L42P RCL Shade,,,M04373,1100,44,7.333333333333333,24,0,8,,,,ongoing,996,996,996,0,0,0,0,0,0,0,0,0,2200,1992,1992,0.9054545454545454,0.9054545454545454,1952.1599999999999,0,292.82399999999996,PC006-GY,0,,,ON,False
2026-06-05,,IM5,3,,SD,,,0,,0,0,0,0,0,,,,,,0,0,0,0,0,0,0,0,0,0,0,0,0,0,0,0,0,0,0,0,0,,,SD,False
2026-06-05,,IM5,1,,SD,,,0,,0,0,0,0,0,,,,,,0,0,0,0,0,0,0,0,0,0,0,0,0,0,0,0,0,0,0,0,0,,,SD,False
2026-06-05,,IM5,2,,SD,,,0,,0,0,0,0,0,,,,,,0,0,0,0,0,0,0,0,0,0,0,0,0,0,0,0,0,0,0,0,0,,,SD,False
2026-06-05,,IM6,3,ONGOING,311 D Bezel Plug,1022644,,0,800,0,7.777777777777778,35,0,0,,,,ongoing,925,3697,3697,3,3,0.0008108108108108108,0,0,0,0,0,0,6400,7400,7394,1.15625,1.1553125,0,0,296,ABS07-BK,0,,,ON,False
2026-06-05,,IM6,1,,311 D Bezel Plug,,,0,800,0,7.777777777777778,35,0,0,,,,ongoing,957,3826,3826,2,2,0.0005224660397074191,0,0,0,0,0,0,6400,7656,7652,1.19625,1.1956250000000002,0,0,306.24,ABS07-BK,0,,,ON,False
2026-06-05,,IM6,2,,311 D Bezel Plug,,,0,800,0,7.777777777777778,35,0,0,,,,ongoing,811,3244,3244,0,0,0,0,0,0,0,0,0,6400,6488,6488,1.01375,1.01375,0,0,259.52,ABS07-BK,0,,,ON,False
2026-06-05,,IM7,3,12:00AM,J34A HG BRACKET A,1024824,,5765,700,0,6.708333333333333,34.5,0,8,,,,1130p,445,445,445,0,0,0,0,0,0,0,0,0,1400,890,890,0.6357142857142857,0.6357142857142857,0,0,303.53450000000004,PAM01-BK,0,,,ON,False
2026-06-05,,IM7,1,8:30AM,31CC Reflector Turn,1025922,,TNL 620,500,50,5.555555555555555,40,0,8,,,,8a,592,588,588,4,4,0.006756756756756757,0,0,0,0,0,0,1000,1184,1176,1.184,1.176,956.088,6.504,174.048,PBT05-BK,0,,,ON,False
2026-06-05,,IM7,2,,31CC Reflector Turn,,,TNL 620,700,70,7.777777777777778,40,0,8,,,,ongoing,653,653,653,0,0,0,0,0,0,0,0,0,1400,1306,1306,0.9328571428571428,0.9328571428571428,1061.778,0,191.982,PBT05-BK,0,,,ON,False
2026-06-05,,IM8,3,,SD,,,0,,0,0,0,0,0,,,,,,0,0,0,0,0,0,0,0,0,0,0,0,0,0,0,0,0,0,0,0,0,,,SD,False
2026-06-05,,IM8,1,,SD,,,0,,0,0,0,0,0,,,,,,0,0,0,0,0,0,0,0,0,0,0,0,0,0,0,0,0,0,0,0,0,,,SD,False
2026-06-05,,IM8,2,,SD,,,0,,0,0,0,0,0,,,,,,0,0,0,0,0,0,0,0,0,0,0,0,0,0,0,0,0,0,0,0,0,,,SD,False
2026-06-05,,IM9,3,12:30AM,H61P RCL-LED Refl A,1024775,,527,500,33.333333333333336,5.694444444444445,41,0,8,,,,11p,550,545,545,5,5,0.00909090909090909,0,0,0,0,0,0,1000,1100,1090,1.1,1.09,785.89,7.21,209,PC017-WT,0,,,ON,False
2026-06-05,,IM9,1,,H61P RCL-LED Refl A,,,527,700,46.666666666666664,7.972222222222222,41,0,8,,,,ongoing,868,868,868,0,0,0,0,0,0,0,0,0,1400,1736,1736,1.24,1.24,1251.656,0,329.84000000000003,PC017-WT,0,,,ON,False
2026-06-05,,IM9,2,,H61P RCL-LED Refl A,,,527,700,46.666666666666664,7.972222222222222,41,0,8,,,,ongoing,545,545,545,0,0,0,0,0,0,0,0,0,1400,1090,1090,0.7785714285714286,0.7785714285714286,785.89,0,207.1,PC017-WT,0,,,ON,False
2026-06-06,,IM1,3,,SD,,,0,,0,0,0,0,0,,,,,,0,0,0,0,0,0,0,0,0,0,0,0,0,0,0,0,0,0,0,0,0,,,SD,False
2026-06-06,,IM1,1,,SD,,,0,,0,0,0,0,0,,,,,,0,0,0,0,0,0,0,0,0,0,0,0,0,0,0,0,0,0,0,0,0,,,SD,False
2026-06-06,,IM1,2,,SD,,,0,,0,0,0,0,0,,,,,,0,0,0,0,0,0,0,0,0,0,0,0,0,0,0,0,0,0,0,0,0,,,SD,False
2026-06-06,,IM10,3,,SD,,,0,,0,0,0,0,0,,,,,,0,0,0,0,0,0,0,0,0,0,0,0,0,0,0,0,0,0,0,0,0,,,SD,False
2026-06-06,,IM10,1,,SD,,,0,,0,0,0,0,0,,,,,,0,0,0,0,0,0,0,0,0,0,0,0,0,0,0,0,0,0,0,0,0,,,SD,False
2026-06-06,,IM10,2,,SD,,,0,,0,0,0,0,0,,,,,,0,0,0,0,0,0,0,0,0,0,0,0,0,0,0,0,0,0,0,0,0,,,SD,False
2026-06-06,,IM11,3,,SD,,,0,,0,0,0,0,0,,,,,,0,0,0,0,0,0,0,0,0,0,0,0,0,0,0,0,0,0,0,0,0,,,SD,False
2026-06-06,,IM11,1,,SD,,,0,,0,0,0,0,0,,,,,,0,0,0,0,0,0,0,0,0,0,0,0,0,0,0,0,0,0,0,0,0,,,SD,False
2026-06-06,,IM11,2,,SD,,,0,,0,0,0,0,0,,,,,,0,0,0,0,0,0,0,0,0,0,0,0,0,0,0,0,0,0,0,0,0,,,SD,False
2026-06-06,,IM12,3,,SD,,,0,,0,0,0,0,0,,,,,,0,0,0,0,0,0,0,0,0,0,0,0,0,0,0,0,0,0,0,0,0,,,SD,False
2026-06-06,,IM12,1,,SD,,,0,,0,0,0,0,0,,,,,,0,0,0,0,0,0,0,0,0,0,0,0,0,0,0,0,0,0,0,0,0,,,SD,False
2026-06-06,,IM12,2,,SD,,,0,,0,0,0,0,0,,,,,,0,0,0,0,0,0,0,0,0,0,0,0,0,0,0,0,0,0,0,0,0,,,SD,False
2026-06-06,,IM14,3,,SD,,,0,,0,0,0,0,0,,,,,,0,0,0,0,0,0,0,0,0,0,0,0,0,0,0,0,0,0,0,0,0,,,SD,False
2026-06-06,,IM14,1,,SD,,,0,,0,0,0,0,0,,,,,,0,0,0,0,0,0,0,0,0,0,0,0,0,0,0,0,0,0,0,0,0,,,SD,False
2026-06-06,,IM14,2,,SD,,,0,,0,0,0,0,0,,,,,,0,0,0,0,0,0,0,0,0,0,0,0,0,0,0,0,0,0,0,0,0,,,SD,False
2026-06-06,,IM15,3,,SD,,,0,,0,0,0,0,0,,,,,,0,0,0,0,0,0,0,0,0,0,0,0,0,0,0,0,0,0,0,0,0,,,SD,False
2026-06-06,,IM15,1,,SD,,,0,,0,0,0,0,0,,,,,,0,0,0,0,0,0,0,0,0,0,0,0,0,0,0,0,0,0,0,0,0,,,SD,False
2026-06-06,,IM15,2,,SD,,,0,,0,0,0,0,0,,,,,,0,0,0,0,0,0,0,0,0,0,0,0,0,0,0,0,0,0,0,0,0,,,SD,False
2026-06-06,,IM16,3,,SD,,,0,,0,0,0,0,0,,,,,,0,0,0,0,0,0,0,0,0,0,0,0,0,0,0,0,0,0,0,0,0,,,SD,False
2026-06-06,,IM16,1,,SD,,,0,,0,0,0,0,0,,,,,,0,0,0,0,0,0,0,0,0,0,0,0,0,0,0,0,0,0,0,0,0,,,SD,False
2026-06-06,,IM16,2,,SD,,,0,,0,0,0,0,0,,,,,,0,0,0,0,0,0,0,0,0,0,0,0,0,0,0,0,0,0,0,0,0,,,SD,False
2026-06-06,,IM17,3,,SD,,,0,,0,0,0,0,0,,,,,,0,0,0,0,0,0,0,0,0,0,0,0,0,0,0,0,0,0,0,0,0,,,SD,False
2026-06-06,,IM17,1,,SD,,,0,,0,0,0,0,0,,,,,,0,0,0,0,0,0,0,0,0,0,0,0,0,0,0,0,0,0,0,0,0,,,SD,False
2026-06-06,,IM17,2,,SD,,,0,,0,0,0,0,0,,,,,,0,0,0,0,0,0,0,0,0,0,0,0,0,0,0,0,0,0,0,0,0,,,SD,False
2026-06-06,,IM18,3,,SD,,,0,,0,0,0,0,0,,,,,,0,0,0,0,0,0,0,0,0,0,0,0,0,0,0,0,0,0,0,0,0,,,SD,False
2026-06-06,,IM18,1,,SD,,,0,,0,0,0,0,0,,,,,,0,0,0,0,0,0,0,0,0,0,0,0,0,0,0,0,0,0,0,0,0,,,SD,False
2026-06-06,,IM18,2,,SD,,,0,,0,0,0,0,0,,,,,,0,0,0,0,0,0,0,0,0,0,0,0,0,0,0,0,0,0,0,0,0,,,SD,False
2026-06-06,,IM19,3,,SD,,,0,,0,0,0,0,0,,,,,,0,0,0,0,0,0,0,0,0,0,0,0,0,0,0,0,0,0,0,0,0,,,SD,False
2026-06-06,,IM19,1,,SD,,,0,,0,0,0,0,0,,,,,,0,0,0,0,0,0,0,0,0,0,0,0,0,0,0,0,0,0,0,0,0,,,SD,False
2026-06-06,,IM19,2,,SD,,,0,,0,0,0,0,0,,,,,,0,0,0,0,0,0,0,0,0,0,0,0,0,0,0,0,0,0,0,0,0,,,SD,False
2026-06-06,,IM2,3,,SD,,,0,,0,0,0,0,0,,,,,,0,0,0,0,0,0,0,0,0,0,0,0,0,0,0,0,0,0,0,0,0,,,SD,False
2026-06-06,,IM2,1,,SD,,,0,,0,0,0,0,0,,,,,,0,0,0,0,0,0,0,0,0,0,0,0,0,0,0,0,0,0,0,0,0,,,SD,False
2026-06-06,,IM2,2,,SD,,,0,,0,0,0,0,0,,,,,,0,0,0,0,0,0,0,0,0,0,0,0,0,0,0,0,0,0,0,0,0,,,SD,False
2026-06-06,,IM3,3,,SD,,,0,,0,0,0,0,0,,,,,,0,0,0,0,0,0,0,0,0,0,0,0,0,0,0,0,0,0,0,0,0,,,SD,False
2026-06-06,,IM3,1,,SD,,,0,,0,0,0,0,0,,,,,,0,0,0,0,0,0,0,0,0,0,0,0,0,0,0,0,0,0,0,0,0,,,SD,False
2026-06-06,,IM3,2,,SD,,,0,,0,0,0,0,0,,,,,,0,0,0,0,0,0,0,0,0,0,0,0,0,0,0,0,0,0,0,0,0,,,SD,False
2026-06-06,,IM4,3,,SD,,,0,,0,0,0,0,0,,,,,,0,0,0,0,0,0,0,0,0,0,0,0,0,0,0,0,0,0,0,0,0,,,SD,False
2026-06-06,,IM4,1,,SD,,,0,,0,0,0,0,0,,,,,,0,0,0,0,0,0,0,0,0,0,0,0,0,0,0,0,0,0,0,0,0,,,SD,False
2026-06-06,,IM4,2,,SD,,,0,,0,0,0,0,0,,,,,,0,0,0,0,0,0,0,0,0,0,0,0,0,0,0,0,0,0,0,0,0,,,SD,False
2026-06-06,,IM5,3,,SD,,,0,,0,0,0,0,0,,,,,,0,0,0,0,0,0,0,0,0,0,0,0,0,0,0,0,0,0,0,0,0,,,SD,False
2026-06-06,,IM5,1,,SD,,,0,,0,0,0,0,0,,,,,,0,0,0,0,0,0,0,0,0,0,0,0,0,0,0,0,0,0,0,0,0,,,SD,False
2026-06-06,,IM5,2,,SD,,,0,,0,0,0,0,0,,,,,,0,0,0,0,0,0,0,0,0,0,0,0,0,0,0,0,0,0,0,0,0,,,SD,False
2026-06-06,,IM6,3,,SD,,,0,,0,0,0,0,0,,,,,,0,0,0,0,0,0,0,0,0,0,0,0,0,0,0,0,0,0,0,0,0,,,SD,False
2026-06-06,,IM6,1,,SD,,,0,,0,0,0,0,0,,,,,,0,0,0,0,0,0,0,0,0,0,0,0,0,0,0,0,0,0,0,0,0,,,SD,False
2026-06-06,,IM6,2,,SD,,,0,,0,0,0,0,0,,,,,,0,0,0,0,0,0,0,0,0,0,0,0,0,0,0,0,0,0,0,0,0,,,SD,False
2026-06-06,,IM7,3,,SD,,,0,,0,0,0,0,0,,,,,,0,0,0,0,0,0,0,0,0,0,0,0,0,0,0,0,0,0,0,0,0,,,SD,False
2026-06-06,,IM7,1,,SD,,,0,,0,0,0,0,0,,,,,,0,0,0,0,0,0,0,0,0,0,0,0,0,0,0,0,0,0,0,0,0,,,SD,False
2026-06-06,,IM7,2,,SD,,,0,,0,0,0,0,0,,,,,,0,0,0,0,0,0,0,0,0,0,0,0,0,0,0,0,0,0,0,0,0,,,SD,False
2026-06-06,,IM8,3,,SD,,,0,,0,0,0,0,0,,,,,,0,0,0,0,0,0,0,0,0,0,0,0,0,0,0,0,0,0,0,0,0,,,SD,False
2026-06-06,,IM8,1,,SD,,,0,,0,0,0,0,0,,,,,,0,0,0,0,0,0,0,0,0,0,0,0,0,0,0,0,0,0,0,0,0,,,SD,False
2026-06-06,,IM8,2,,SD,,,0,,0,0,0,0,0,,,,,,0,0,0,0,0,0,0,0,0,0,0,0,0,0,0,0,0,0,0,0,0,,,SD,False
2026-06-06,,IM9,3,,SD,,,0,,0,0,0,0,0,,,,,,0,0,0,0,0,0,0,0,0,0,0,0,0,0,0,0,0,0,0,0,0,,,SD,False
2026-06-06,,IM9,1,,SD,,,0,,0,0,0,0,0,,,,,,0,0,0,0,0,0,0,0,0,0,0,0,0,0,0,0,0,0,0,0,0,,,SD,False
2026-06-06,,IM9,2,,SD,,,0,,0,0,0,0,0,,,,,,0,0,0,0,0,0,0,0,0,0,0,0,0,0,0,0,0,0,0,0,0,,,SD,False
2026-06-07,,IM1,3,,SD,,,0,,0,0,0,0,0,,,,,,0,0,0,0,0,0,0,0,0,0,0,0,0,0,0,0,0,0,0,0,0,,,SD,False
2026-06-07,,IM1,1,,SD,,,0,,0,0,0,0,0,,,,,,0,0,0,0,0,0,0,0,0,0,0,0,0,0,0,0,0,0,0,0,0,,,SD,False
2026-06-07,,IM1,2,,SD,,,0,,0,0,0,0,0,,,,,,0,0,0,0,0,0,0,0,0,0,0,0,0,0,0,0,0,0,0,0,0,,,SD,False
2026-06-07,,IM10,3,,SD,,,0,,0,0,0,0,0,,,,,,0,0,0,0,0,0,0,0,0,0,0,0,0,0,0,0,0,0,0,0,0,,,SD,False
2026-06-07,,IM10,1,,SD,,,0,,0,0,0,0,0,,,,,,0,0,0,0,0,0,0,0,0,0,0,0,0,0,0,0,0,0,0,0,0,,,SD,False
2026-06-07,,IM10,2,,SD,,,0,,0,0,0,0,0,,,,,,0,0,0,0,0,0,0,0,0,0,0,0,0,0,0,0,0,0,0,0,0,,,SD,False
2026-06-07,,IM11,3,,SD,,,0,,0,0,0,0,0,,,,,,0,0,0,0,0,0,0,0,0,0,0,0,0,0,0,0,0,0,0,0,0,,,SD,False
2026-06-07,,IM11,1,,SD,,,0,,0,0,0,0,0,,,,,,0,0,0,0,0,0,0,0,0,0,0,0,0,0,0,0,0,0,0,0,0,,,SD,False
2026-06-07,,IM11,2,,SD,,,0,,0,0,0,0,0,,,,,,0,0,0,0,0,0,0,0,0,0,0,0,0,0,0,0,0,0,0,0,0,,,SD,False
2026-06-07,,IM12,3,,SD,,,0,,0,0,0,0,0,,,,,,0,0,0,0,0,0,0,0,0,0,0,0,0,0,0,0,0,0,0,0,0,,,SD,False
2026-06-07,,IM12,1,,SD,,,0,,0,0,0,0,0,,,,,,0,0,0,0,0,0,0,0,0,0,0,0,0,0,0,0,0,0,0,0,0,,,SD,False
2026-06-07,,IM12,2,,SD,,,0,,0,0,0,0,0,,,,,,0,0,0,0,0,0,0,0,0,0,0,0,0,0,0,0,0,0,0,0,0,,,SD,False
2026-06-07,,IM14,3,,SD,,,0,,0,0,0,0,0,,,,,,0,0,0,0,0,0,0,0,0,0,0,0,0,0,0,0,0,0,0,0,0,,,SD,False
2026-06-07,,IM14,1,,SD,,,0,,0,0,0,0,0,,,,,,0,0,0,0,0,0,0,0,0,0,0,0,0,0,0,0,0,0,0,0,0,,,SD,False
2026-06-07,,IM14,2,,SD,,,0,,0,0,0,0,0,,,,,,0,0,0,0,0,0,0,0,0,0,0,0,0,0,0,0,0,0,0,0,0,,,SD,False
2026-06-07,,IM15,3,,SD,,,0,,0,0,0,0,0,,,,,,0,0,0,0,0,0,0,0,0,0,0,0,0,0,0,0,0,0,0,0,0,,,SD,False
2026-06-07,,IM15,1,,SD,,,0,,0,0,0,0,0,,,,,,0,0,0,0,0,0,0,0,0,0,0,0,0,0,0,0,0,0,0,0,0,,,SD,False
2026-06-07,,IM15,2,,SD,,,0,,0,0,0,0,0,,,,,,0,0,0,0,0,0,0,0,0,0,0,0,0,0,0,0,0,0,0,0,0,,,SD,False
2026-06-07,,IM16,3,,SD,,,0,,0,0,0,0,0,,,,,,0,0,0,0,0,0,0,0,0,0,0,0,0,0,0,0,0,0,0,0,0,,,SD,False
2026-06-07,,IM16,1,,SD,,,0,,0,0,0,0,0,,,,,,0,0,0,0,0,0,0,0,0,0,0,0,0,0,0,0,0,0,0,0,0,,,SD,False
2026-06-07,,IM16,2,,SD,,,0,,0,0,0,0,0,,,,,,0,0,0,0,0,0,0,0,0,0,0,0,0,0,0,0,0,0,0,0,0,,,SD,False
2026-06-07,,IM17,3,,SD,,,0,,0,0,0,0,0,,,,,,0,0,0,0,0,0,0,0,0,0,0,0,0,0,0,0,0,0,0,0,0,,,SD,False
2026-06-07,,IM17,1,,SD,,,0,,0,0,0,0,0,,,,,,0,0,0,0,0,0,0,0,0,0,0,0,0,0,0,0,0,0,0,0,0,,,SD,False
2026-06-07,,IM17,2,,SD,,,0,,0,0,0,0,0,,,,,,0,0,0,0,0,0,0,0,0,0,0,0,0,0,0,0,0,0,0,0,0,,,SD,False
2026-06-07,,IM18,3,,SD,,,0,,0,0,0,0,0,,,,,,0,0,0,0,0,0,0,0,0,0,0,0,0,0,0,0,0,0,0,0,0,,,SD,False
2026-06-07,,IM18,1,,SD,,,0,,0,0,0,0,0,,,,,,0,0,0,0,0,0,0,0,0,0,0,0,0,0,0,0,0,0,0,0,0,,,SD,False
2026-06-07,,IM18,2,,SD,,,0,,0,0,0,0,0,,,,,,0,0,0,0,0,0,0,0,0,0,0,0,0,0,0,0,0,0,0,0,0,,,SD,False
2026-06-07,,IM19,3,,SD,,,0,,0,0,0,0,0,,,,,,0,0,0,0,0,0,0,0,0,0,0,0,0,0,0,0,0,0,0,0,0,,,SD,False
2026-06-07,,IM19,1,,SD,,,0,,0,0,0,0,0,,,,,,0,0,0,0,0,0,0,0,0,0,0,0,0,0,0,0,0,0,0,0,0,,,SD,False
2026-06-07,,IM19,2,,SD,,,0,,0,0,0,0,0,,,,,,0,0,0,0,0,0,0,0,0,0,0,0,0,0,0,0,0,0,0,0,0,,,SD,False
2026-06-07,,IM2,3,,SD,,,0,,0,0,0,0,0,,,,,,0,0,0,0,0,0,0,0,0,0,0,0,0,0,0,0,0,0,0,0,0,,,SD,False
2026-06-07,,IM2,1,,SD,,,0,,0,0,0,0,0,,,,,,0,0,0,0,0,0,0,0,0,0,0,0,0,0,0,0,0,0,0,0,0,,,SD,False
2026-06-07,,IM2,2,,SD,,,0,,0,0,0,0,0,,,,,,0,0,0,0,0,0,0,0,0,0,0,0,0,0,0,0,0,0,0,0,0,,,SD,False
2026-06-07,,IM3,3,,SD,,,0,,0,0,0,0,0,,,,,,0,0,0,0,0,0,0,0,0,0,0,0,0,0,0,0,0,0,0,0,0,,,SD,False
2026-06-07,,IM3,1,,SD,,,0,,0,0,0,0,0,,,,,,0,0,0,0,0,0,0,0,0,0,0,0,0,0,0,0,0,0,0,0,0,,,SD,False
2026-06-07,,IM3,2,,SD,,,0,,0,0,0,0,0,,,,,,0,0,0,0,0,0,0,0,0,0,0,0,0,0,0,0,0,0,0,0,0,,,SD,False
2026-06-07,,IM4,3,,SD,,,0,,0,0,0,0,0,,,,,,0,0,0,0,0,0,0,0,0,0,0,0,0,0,0,0,0,0,0,0,0,,,SD,False
2026-06-07,,IM4,1,,SD,,,0,,0,0,0,0,0,,,,,,0,0,0,0,0,0,0,0,0,0,0,0,0,0,0,0,0,0,0,0,0,,,SD,False
2026-06-07,,IM4,2,,SD,,,0,,0,0,0,0,0,,,,,,0,0,0,0,0,0,0,0,0,0,0,0,0,0,0,0,0,0,0,0,0,,,SD,False
2026-06-07,,IM5,3,,SD,,,0,,0,0,0,0,0,,,,,,0,0,0,0,0,0,0,0,0,0,0,0,0,0,0,0,0,0,0,0,0,,,SD,False
2026-06-07,,IM5,1,,SD,,,0,,0,0,0,0,0,,,,,,0,0,0,0,0,0,0,0,0,0,0,0,0,0,0,0,0,0,0,0,0,,,SD,False
2026-06-07,,IM5,2,,SD,,,0,,0,0,0,0,0,,,,,,0,0,0,0,0,0,0,0,0,0,0,0,0,0,0,0,0,0,0,0,0,,,SD,False
2026-06-07,,IM6,3,,SD,,,0,,0,0,0,0,0,,,,,,0,0,0,0,0,0,0,0,0,0,0,0,0,0,0,0,0,0,0,0,0,,,SD,False
2026-06-07,,IM6,1,,SD,,,0,,0,0,0,0,0,,,,,,0,0,0,0,0,0,0,0,0,0,0,0,0,0,0,0,0,0,0,0,0,,,SD,False
2026-06-07,,IM6,2,,SD,,,0,,0,0,0,0,0,,,,,,0,0,0,0,0,0,0,0,0,0,0,0,0,0,0,0,0,0,0,0,0,,,SD,False
2026-06-07,,IM7,3,,SD,,,0,,0,0,0,0,0,,,,,,0,0,0,0,0,0,0,0,0,0,0,0,0,0,0,0,0,0,0,0,0,,,SD,False
2026-06-07,,IM7,1,,SD,,,0,,0,0,0,0,0,,,,,,0,0,0,0,0,0,0,0,0,0,0,0,0,0,0,0,0,0,0,0,0,,,SD,False
2026-06-07,,IM7,2,,SD,,,0,,0,0,0,0,0,,,,,,0,0,0,0,0,0,0,0,0,0,0,0,0,0,0,0,0,0,0,0,0,,,SD,False
2026-06-07,,IM8,3,,SD,,,0,,0,0,0,0,0,,,,,,0,0,0,0,0,0,0,0,0,0,0,0,0,0,0,0,0,0,0,0,0,,,SD,False
2026-06-07,,IM8,1,,SD,,,0,,0,0,0,0,0,,,,,,0,0,0,0,0,0,0,0,0,0,0,0,0,0,0,0,0,0,0,0,0,,,SD,False
2026-06-07,,IM8,2,,SD,,,0,,0,0,0,0,0,,,,,,0,0,0,0,0,0,0,0,0,0,0,0,0,0,0,0,0,0,0,0,0,,,SD,False
2026-06-07,,IM9,3,,SD,,,0,,0,0,0,0,0,,,,,,0,0,0,0,0,0,0,0,0,0,0,0,0,0,0,0,0,0,0,0,0,,,SD,False
2026-06-07,,IM9,1,,SD,,,0,,0,0,0,0,0,,,,,,0,0,0,0,0,0,0,0,0,0,0,0,0,0,0,0,0,0,0,0,0,,,SD,False
2026-06-07,,IM9,2,,SD,,,0,,0,0,0,0,0,,,,,,0,0,0,0,0,0,0,0,0,0,0,0,0,0,0,0,0,0,0,0,0,,,SD,False
2026-06-08,,IM1,3,11:00PM,NQ5A Flange Brkt,1024459,,1021,650,0,7.399166666666666,40.98,5.885416666666667,2.114583333333333,,,33.9,1115p,625,620,620,5,5,0.008,1.2088495575221239,1.2088495575221239,755.5309734513274,0.7073818108974359,0.8482772435897435,0.8482772435897435,1300,1250,1240,0.9615384615384616,0.9538461538461539,0,0,85.98031250000001,PP022-BK,0,,,ON,False
2026-06-08,,IM1,1,,NQ5A Flange Brkt,,,1021,650,0,7.399166666666666,40.98,8.465583333333333,-0.465583333333333,,,33.9,,899,899,899,0,0,0,1.2088495575221239,1.2088495575221239,1086.7557522123893,1.4635691185897435,1.7692348814102563,1.7692348814102563,1300,1798,1798,1.383076923076923,1.383076923076923,0,0,123.67408150000001,PP022-BK,0,,,ON,False
2026-06-08,,IM1,2,,NQ5A Flange Brkt,,,1021,650,0,7.399166666666666,40.98,4.9719999999999995,3.0280000000000005,,,33.9,,528,528,528,0,0,0,1.2088495575221239,1.2088495575221239,638.2725663716814,0.5048492307692307,0.6102867692307692,0.6102867692307692,1300,1056,1056,0.8123076923076923,0.8123076923076923,0,0,72.63616800000001,PP022-BK,0,,,ON,False
2026-06-08,,IM10,3,12:30AM,P42M Ref. C SAE ,1028080,,M03450,300,50,2.9166666666666665,35,3.386777777777778,4.6132222222222214,,,37.4,1130p,326,321,321,5,5,0.015337423312883436,0.9358288770053477,0.9358288770053477,305.08021390374336,0.4600373148148149,0.42391319444444453,0.42391319444444453,600,652,642,1.0866666666666667,1.07,539.28,8.4,185.82,PC003-BK,0,,,ON,False
2026-06-08,,IM10,1,6:00AM,31CC DRL Inner Lens,1027821,,TNL 621,300,42.857142857142854,3.4166666666666665,41,3.466666666666667,4.533333333333333,,tool pulled to shop for hotrunner issues 2n zone not heating properly.,39,630a,320,315,315,5,5,0.015625,1.0512820512820513,1.0512820512820513,336.4102564102564,0.4622222222222223,0.47833333333333344,0.47833333333333344,600,640,630,1.0666666666666667,1.05,657.72,10.440000000000001,179.47392000000002,PC020-NC,0,,,ON,False
2026-06-08,,IM10,2,,31CC DRL Inner Lens,,,TNL 621,300,42.857142857142854,3.4166666666666665,41,0,8,,,,,,0,0,0,0,0,0,0,0,0,0,0,600,0,0,0,0,0,0,0,PC020-NC,0,,,ON,False
2026-06-08,,IM11,3,11:40PM,01OB Bezel Plug,1022573,,1943,700,18.666666666666668,6.805555555555555,35,5.235416666666667,2.7645833333333334,,,35.9,1145p,525,2095,2095,5,5,0.002380952380952381,0.9749303621169917,0.9749303621169917,511.83844011142065,0.4908203125,0.47737630208333337,0.47737630208333337,5600,4200,4190,0.75,0.7482142857142857,402.24,0.96,159.44250000000002,ABS07-BK,0,,,ON,False
2026-06-08,,IM11,1,,01OB Bezel Plug,,,1943,800,21.333333333333332,7.777777777777778,35,8.725694444444445,-0.7256944444444446,,,35.9,,875,3500,3500,0,0,0,0.9749303621169917,0.9749303621169917,853.0640668523678,1.1929660373263888,1.1630588107638888,1.1630588107638888,6400,7000,7000,1.09375,1.09375,672,0,265.7375,ABS07-BK,0,,,ON,False
2026-06-08,,IM11,2,4:00PM,L42P RCL Rim/ Cuff,1026804,,MO4375,800,76.19047619047619,6.222222222222222,28,6.299027777777779,1.7009722222222212,,,29.26,4p,775,769,769,6,6,0.007741935483870968,0.9569377990430622,0.9569377990430622,741.6267942583733,0.7627728949652779,0.7242751736111113,0.7242751736111113,1600,1550,1538,0.96875,0.96125,644.422,5.028,153.45000000000002,PP025-BK,0,,,ON,False
2026-06-08,,IM12,3,11:50PM,GM PIN,1019080,,2717,700,3.7333333333333334,6.805555555555555,35,5.148888888888889,2.851111111111111,,,26.48,1215a,700,5595,0,5,5,0.001784121320249777,1.3217522658610272,1.3217522658610272,925.226586102719,0.6436111111111111,0.8491767023490931,0.8491767023490931,5600,5605,5595,1,0.9982158786797503,559.5,1,100.5537,PP024-BK,0,,,ON,False
2026-06-08,,IM12,1,,GM PIN,,,2717,800,4.266666666666667,7.777777777777778,35,8.34001111111111,-0.34001111111111015,,,26.36,,1139,9112,0,0,0,0,1.3277693474962065,1.3277693474962065,1512.329286798179,1.4842613524305555,1.9707567274305555,1.9707567274305555,6400,9112,9112,1.42375,1.42375,911.2,0,163.46928,PP024-BK,0,,,ON,False
2026-06-08,,IM12,2,,GM PIN,,,2717,800,4.266666666666667,7.777777777777778,35,8.6142,-0.6142000000000003,,,26.37,,1176,9408,0,0,0,0,1.3272658323852862,1.3272658323852862,1560.8646188850964,1.5828592499999998,2.1008749999999994,2.1008749999999994,6400,9408,9408,1.47,1.47,940.8000000000001,0,168.77952000000002,PP024-BK,0,,,ON,False
2026-06-08,,IM14,3,12:00AM,NQ5A Bumper Brkt I/B #2,1026344,,1023,550,0,6.642777777777778,43.48,5.042916666666667,2.9570833333333333,,,38.22,1215a,475,470,470,5,5,0.010526315789473684,1.1376242804814234,1.1376242804814234,540.3715332286761,0.5444057765151514,0.6128099747474747,0.6128099747474747,1100,950,940,0.8636363636363636,0.8545454545454545,0,0,73.81500000000001,PAM02-BK,0,,,ON,False
2026-06-08,,IM14,1,,NQ5A Bumper Brkt I/B #2,,,1023,650,0,7.850555555555554,43.48,8.323466666666667,-0.32346666666666657,,,38.22,,784,784,784,0,0,0,1.1376242804814234,1.1376242804814234,891.8974358974359,1.2549226666666666,1.4276304957264958,1.4276304957264958,1300,1568,1568,1.2061538461538461,1.2061538461538461,0,0,121.8336,PAM02-BK,0,,,ON,False
2026-06-08,,IM14,2,,NQ5A Bumper Brkt I/B #2,,,1023,650,0,7.850555555555554,43.48,8.601750000000001,-0.6017500000000009,,,38.23,,810,810,810,0,0,0,1.1373267067747843,1.1373267067747843,921.2346324875753,1.3398879807692308,1.5238903846153848,1.5238903846153848,1300,1620,1620,1.2461538461538462,1.2461538461538462,0,0,125.87400000000001,PAM02-BK,0,,,ON,False
2026-06-08,,IM15,3,12:40AM,U625 REFLEX REFLECTOR,1027799,,MO8085,600,0,5.5,33,4.575,3.425,,,32.94,1230a,500,495,495,5,5,0.01,1.0018214936247725,1.0018214936247725,500.9107468123862,0.4765625,0.47265625000000006,0.47265625000000006,1200,1000,990,0.8333333333333334,0.8250000000000001,382.14,3.8600000000000003,77.05,PMMA01-AM,0,,,ON,False
2026-06-08,,IM15,1,,U625 REFLEX REFLECTOR,,,MO8085,800,0,7.333333333333333,33,8.961555555555556,-0.9615555555555559,,,32.92,,980,980,980,0,0,0,1.0024301336573511,1.0024301336573511,982.3815309842041,1.3722381944444444,1.3755729166666666,1.3755729166666666,1600,1960,1960,1.225,1.225,756.5600000000001,0,151.018,PMMA01-AM,0,,,ON,False
2026-06-08,,IM15,2,,U625 REFLEX REFLECTOR,,,MO8085,800,0,7.333333333333333,33,9.562183333333332,-1.5621833333333317,,,32.91,,1046,1046,1046,0,0,0,1.0027347310847767,1.0027347310847767,1048.8605287146765,1.5628193385416664,1.5670932291666666,1.5670932291666666,1600,2092,2092,1.3075,1.3075,807.5120000000001,0,161.18859999999998,PMMA01-AM,0,,,ON,False
2026-06-08,,IM16,3,,FORD PIN,,,656,,0,0,40,8.25,-0.25,,Screen blank cant write end count down.,33,245a,900,3595,0,5,5,0.0027739251040221915,1.2121212121212122,1.2121212121212122,1090.909090909091,0,0,0,0,3605,3595,900,897.5034674063801,643.505,1.79,50.466395,PP024-BK,0,,,ON,False
2026-06-08,,IM16,1,,FORD PIN,,,656,,0,0,40,5.645972222222222,2.3540277777777776,,Screen blank cant write end count down.,31.27,ongoing,650,2575,0,25,25,0.01904761904761905,1.2791813239526704,1.2791813239526704,831.4678605692358,0,0,0,0,2625,2575,650,637.6190476190476,460.92499999999995,8.95,36.747375,PP024-BK,0,,,ON,False
2026-06-08,,IM16,2,,FORD PIN,,,656,,0,0,40,8.59925,-0.5992499999999996,,Screen blank.,31.27,,990,3960,0,0,0,0,1.2791813239526704,1.2791813239526704,1266.3895107131436,0,0,0,0,3960,3960,990,990,708.8399999999999,0,55.43604,PP024-BK,0,,,ON,False
2026-06-08,,IM17,3,,SD,,,0,,0,0,0,0,0,,,,,,0,0,0,0,0,0,0,0,0,0,0,0,0,0,0,0,0,0,0,0,0,,,SD,False
2026-06-08,,IM17,1,,SD,,,0,,0,0,0,0,0,,,,,,0,0,0,0,0,0,0,0,0,0,0,0,0,0,0,0,0,0,0,0,0,,,SD,False
2026-06-08,,IM17,2,,SD,,,0,,0,0,0,0,0,,,,,,0,0,0,0,0,0,0,0,0,0,0,0,0,0,0,0,0,0,0,0,0,,,SD,False
2026-06-08,,IM18,3,,SD,,,0,,0,0,0,0,0,,,,,,0,0,0,0,0,0,0,0,0,0,0,0,0,0,0,0,0,0,0,0,0,,,SD,False
2026-06-08,,IM18,1,,SD,,,0,,0,0,0,0,0,,,,,,0,0,0,0,0,0,0,0,0,0,0,0,0,0,0,0,0,0,0,0,0,,,SD,False
2026-06-08,,IM18,2,,SD,,,0,,0,0,0,0,0,,,,,,0,0,0,0,0,0,0,0,0,0,0,0,0,0,0,0,0,0,0,0,0,,,SD,False
2026-06-08,,IM19,3,,SD,,,0,,0,0,0,0,0,,,,,,0,0,0,0,0,0,0,0,0,0,0,0,0,0,0,0,0,0,0,0,0,,,SD,False
2026-06-08,,IM19,1,,SD,,,0,,0,0,0,0,0,,,,,,0,0,0,0,0,0,0,0,0,0,0,0,0,0,0,0,0,0,0,0,0,,,SD,False
2026-06-08,,IM19,2,,SD,,,0,,0,0,0,0,0,,,,,,0,0,0,0,0,0,0,0,0,0,0,0,0,0,0,0,0,0,0,0,0,,,SD,False
2026-06-08,,IM2,3,,SD,,,0,,0,0,0,0,0,,,,,,0,0,0,0,0,0,0,0,0,0,0,0,0,0,0,0,0,0,0,0,0,,,SD,False
2026-06-08,,IM2,1,7:00AM,J34A BG BRACKET A,1026699,,5764,800,0,7.666666666666667,34.5,6.186444444444445,1.8135555555555554,,Valve gate air fitting broken. Had to make process and EOAT program.,32.8,7a,679,669,669,10,10,0.014727540500736377,1.051829268292683,1.051829268292683,714.1920731707318,0.6563430902777777,0.6801935546875,0.6801935546875,1600,1358,1338,0.84875,0.83625,0,0,305.2105,PAM01-BK,0,,,ON,False
2026-06-08,,IM2,2,,J34A BG BRACKET A,,,5764,800,0,7.666666666666667,34.5,8.43688888888889,-0.4368888888888893,,,32.8,,926,926,926,0,0,0,1.051829268292683,1.051829268292683,973.9939024390245,1.2207123611111113,1.2839809895833336,1.2839809895833336,1600,1852,1852,1.1575,1.1575,0,0,416.237,PAM01-BK,0,,,ON,False
2026-06-08,,IM3,3,12:10AM,31CG Inner Lens,1026437,,M643,700,23.333333333333332,6.805555555555555,35,4.046777777777779,3.9532222222222213,,,33.88,1a,430,425,425,5,5,0.011627906976744186,1.0330578512396693,1.0330578512396693,444.2148760330578,0.3107347222222223,0.3172743055555556,0.3172743055555556,1400,860,850,0.6142857142857143,0.6071428571428572,702.9499999999999,8.27,134.16,PC028-RED,0,,,ON,False
2026-06-08,,IM3,1,,31CG Inner Lens,,,M643,800,26.666666666666668,7.777777777777778,35,7.101194444444444,0.8988055555555556,,,33.86,,755,755,755,0,0,0,1.0336680448907265,1.0336680448907265,780.4193738924985,0.8377190321180555,0.8659233940972222,0.8659233940972222,1600,1510,1510,0.94375,0.94375,1248.77,0,235.56,PC028-RED,0,,,ON,False
2026-06-08,,IM3,2,4:30PM,T90A CHL EXTENSION B,1027240,,MO6519,600,40,5.666666666666667,34,4.904166666666667,-0.18670555555555524,,,33,6p,535,525,525,10,10,0.018691588785046728,1.0303030303030303,1.0303030303030303,551.2121212121212,1.507718273148148,1.5243710663095122,1.5243710663095122,1200,1070,1050,0.8916666666666667,0.875,455.7,8.68,158.35999999999999,PC003-BK,0,,,ON,True
2026-06-08,,IM3,2,,31CG Inner Lens,,,M643,,0,0,35,3.282538888888889,4.7174611111111115,,,33.86,,349,349,349,0,0,0,1.0336680448907265,1.0336680448907265,360.75014766686354,0.16084440555555557,0.16625972222222224,0.16625972222222224,0,698,698,349,349,577.246,0,108.888,PC028-RED,0,,,ON,True
2026-06-08,,IM4,3,11:10PM,L42P RCL Shade,1026132,,M04373,1000,40,6.666666666666667,24,0,8,,Metalizer down per Malik go to next tool.,,,43,43,43,0,0,0,0,0,0,0,0,0,2000,86,86,0.043,0.043,84.28,0,12.642,PC006-GY,0,,,ON,False
2026-06-08,,IM4,1,7:30AM,L42P(2) HL Base A (Carrier Plate),1027912,,70637,600,0,6.716666666666667,40.3,3.274333333333333,4.725666666666667,,Getting burn marks on parts maint. Working on press.,41.8,7a,282,257,257,25,25,0.08865248226950355,0.9641148325358851,0.9641148325358851,271.8803827751196,0.1923670833333333,0.16902211805555553,0.16902211805555553,1200,564,514,0.47,0.42833333333333334,0,0,184.5831,PC001-GY,0,,,ON,False
2026-06-08,,IM4,2,,L42P(2) HL Base A (Carrier Plate),,,70637,700,0,7.83611111111111,40.3,8.4645,-0.46449999999999925,,,41.8,,729,729,729,0,0,0,0.9641148325358851,0.9641148325358851,702.8397129186603,1.1018965178571427,1.0623547767857142,1.0623547767857142,1400,1458,1458,1.0414285714285714,1.0414285714285714,0,0,477.16695,PC001-GY,0,,,ON,False
2026-06-08,,IM5,3,,SD,,,0,,0,0,0,0,0,,,,,,0,0,0,0,0,0,0,0,0,0,0,0,0,0,0,0,0,0,0,0,0,,,SD,False
2026-06-08,,IM5,1,,SD,,,0,,0,0,0,0,0,,,,,,0,0,0,0,0,0,0,0,0,0,0,0,0,0,0,0,0,0,0,0,0,,,SD,False
2026-06-08,,IM5,2,,SD,,,0,,0,0,0,0,0,,,,,,0,0,0,0,0,0,0,0,0,0,0,0,0,0,0,0,0,0,0,0,0,,,SD,False
2026-06-08,,IM6,3,11:20PM,311 D Bezel Plug,1026425,,0,700,0,6.805555555555555,35,5.216666666666667,0,,,31.3,12a,600,2395,2395,5,5,0.0020833333333333333,1.1182108626198082,1.1182108626198082,670.9265175718849,0.5589285714285714,0.6236979166666665,0.6236979166666665,5600,4800,4790,0.8571428571428571,0.8553571428571428,0,0,192,ABS07-BK,0,,,ON,False
2026-06-08,,IM6,1,,311 D Bezel Plug,,,0,800,0,7.777777777777778,35,8.259166666666667,0,,,31.8,,935,3740,3740,0,0,0,1.10062893081761,1.10062893081761,1029.0880503144654,1.2066126302083335,1.3280327690972225,1.3280327690972225,6400,7480,7480,1.16875,1.16875,0,0,299.2,ABS07-BK,0,,,ON,False
2026-06-08,,IM6,2,,311 D Bezel Plug,,,0,800,0,7.777777777777778,35,8.524166666666666,0,,,31.8,,965,3860,3860,0,0,0,1.10062893081761,1.10062893081761,1062.1069182389938,1.2852845052083333,1.4146213107638888,1.4146213107638888,6400,7720,7720,1.20625,1.20625,0,0,308.8,ABS07-BK,0,,,ON,False
2026-06-08,,IM7,3,11:30PM,31CC Reflector Turn,1025922,,TNL 620,600,60,6.666666666666667,40,5.6375,2.3625,,,33,1130p,615,610,610,5,5,0.008130081300813009,1.2121212121212122,1.2121212121212122,745.4545454545455,0.7223046875,0.8684027777777777,0.8684027777777777,1200,1230,1220,1.025,1.0166666666666666,991.8599999999999,8.129999999999999,180.81,PBT05-BK,0,,,ON,False
2026-06-08,,IM7,1,8:00AM,31CC Bezel (Trim Ring),1028224,,TNL 625,600,0,7,42,6.458161111111112,1.541838888888888,,,34.09,7a,682,676,676,6,6,0.008797653958944282,1.2320328542094454,1.2320328542094454,840.2464065708418,0.9175970578703705,1.120563888888889,1.120563888888889,1200,1364,1352,1.1366666666666667,1.1266666666666667,1373.632,12.192,150.1764,PC013-BK,0,,,ON,False
2026-06-08,,IM7,2,,31CC Bezel (Trim Ring),,,TNL 625,650,0,7.583333333333333,42,2.2537277777777778,5.746272222222222,,Paused for wip at metalizer.,34.09,,238,238,238,0,0,0,1.2320328542094454,1.2320328542094454,293.223819301848,0.10315138675213675,0.12708589743589743,0.12708589743589743,1300,476,476,0.36615384615384616,0.36615384615384616,483.616,0,52.4076,PC013-BK,0,,,ON,False
2026-06-08,,IM8,3,,SD,,,0,,0,0,0,0,0,,,,,,0,0,0,0,0,0,0,0,0,0,0,0,0,0,0,0,0,0,0,0,0,,,SD,False
2026-06-08,,IM8,1,,SD,,,0,,0,0,0,0,0,,,,,,0,0,0,0,0,0,0,0,0,0,0,0,0,0,0,0,0,0,0,0,0,,,SD,False
2026-06-08,,IM8,2,,SD,,,0,,0,0,0,0,0,,,,,,0,0,0,0,0,0,0,0,0,0,0,0,0,0,0,0,0,0,0,0,0,,,SD,False
2026-06-08,,IM9,3,12:20AM,T90A RCL Reflector A,1028168,,MO5774,500,125,5.555555555555555,40,5.1625,2.8375000000000004,,,41.3,1145p,450,445,445,5,5,0.011111111111111112,0.9685230024213076,0.9685230024213076,435.8353510895884,0.58078125,0.5562500000000001,0.5562500000000001,1000,900,890,0.9,0.89,948.74,10.66,291.6,PC001-GY,0,,,ON,False
2026-06-08,,IM9,1,,T90A RCL Reflector A,,,MO5774,600,150,6.666666666666667,40,6.057333333333333,1.9426666666666668,,Stopped to polish per Q.A. Having issues with runner sticking.,41.3,,528,523,523,5,5,0.00946969696969697,0.9685230024213076,0.9685230024213076,511.3801452784504,0.6663066666666666,0.6392222222222221,0.6392222222222221,1200,1056,1046,0.88,0.8716666666666666,1115.036,10.66,342.144,PC001-GY,0,,,ON,False
2026-06-08,,IM9,2,,T90A RCL Reflector A,,,MO5774,600,150,6.666666666666667,40,8.73036111111111,-0.7303611111111099,,,41.3,,761,761,761,0,0,0,0.9685230024213076,0.9685230024213076,737.046004842615,1.3841260011574072,1.3405578703703704,1.3405578703703704,1200,1522,1522,1.2683333333333333,1.2683333333333333,1622.452,0,493.12800000000004,PC001-GY,0,,,ON,False
2026-06-09,,IM1,3,12:00AM,NQ5A Bumper Brkt O/B,1009834,,1024,550,0,6.603055555555556,43.22,5.75,2.25,,,36,1115p,575,572,572,3,3,0.0052173913043478265,1.2005555555555556,1.2005555555555556,690.3194444444445,0.7514204545454546,0.8974152777777779,0.8974152777777779,1100,1150,1144,1.0454545454545454,1.04,0,0,63.365,PAM02-BK,0,,,ON,False
2026-06-09,,IM1,1,,NQ5A Bumper Brkt O/B,,,1024,650,0,7.8036111111111115,43.22,8.15,-0.15000000000000036,,,36,,815,815,815,0,0,0,1.2005555555555556,1.2005555555555556,978.4527777777778,1.2773557692307693,1.5335365651709403,1.5335365651709403,1300,1630,1630,1.2538461538461538,1.2538461538461538,0,0,89.813,PAM02-BK,0,,,ON,False
2026-06-09,,IM1,2,,NQ5A Bumper Brkt O/B,,,1024,650,0,7.8036111111111115,43.22,9.5,-1.5,,,36,,950,950,950,0,0,0,1.2005555555555556,1.2005555555555556,1140.5277777777778,1.7355769230769231,2.0836565170940173,2.0836565170940173,1300,1900,1900,1.4615384615384615,1.4615384615384615,0,0,104.69000000000001,PAM02-BK,0,,,ON,False
2026-06-09,,IM10,3,11:00PM,TZ5A BUL-LED Refl A,1033698,,M03060,300,75,2.75,33,3.35,4.65,,,36,,335,325,325,10,10,0.029850746268656716,0.9166666666666666,0.9166666666666666,307.0833333333333,0.46760416666666665,0.41584201388888886,0.41584201388888886,600,670,650,1.1166666666666667,1.0833333333333335,446.55,13.740000000000002,122.61,PC003-BK,0,,,ON,False
2026-06-09,,IM10,1,7:00AM,H61P RCL-LED Refl B,1022901,,528,700,46.666666666666664,7.972222222222222,41,6.554166666666666,1.4458333333333337,,,33,,715,715,715,0,0,0,1.2424242424242424,1.2424242424242424,888.3333333333334,0.8368266369047618,1.0396937003968252,1.0396937003968252,1400,1430,1430,1.0214285714285714,1.0214285714285714,1129.7,0,237.38000000000002,PC017-WT,0,,,ON,False
2026-06-09,,IM10,2,,H61P RCL-LED Refl B,,,528,700,46.666666666666664,7.972222222222222,41,0,4.782500000000001,,,,,,0,0,0,0,0,0,0,0,0.1706424107142857,0,0,1400,0,0,0,0,0,0,0,PC017-WT,0,,,ON,True
2026-06-09,,IM10,2,,31CC DRL Inner Lens,,,TNL 621,,0,0,41,3.2175,-2.8786111111111112,,,39,630p,297,277,277,20,20,0.06734006734006734,1.0512820512820513,1.0512820512820513,312.2307692307692,1.7432974305555555,1.7092833392747513,1.7092833392747513,0,594,554,297,277,578.376,41.760000000000005,166.574232,PC020-NC,0,,,ON,True
2026-06-09,,IM11,3,ONGOING,L42P RCL Rim/ Cuff,1026804,,MO4375,1000,95.23809523809524,7.777777777777778,28,7.661111111111111,0.3388888888888886,,,28,,985,985,985,0,0,0,1,1,985,0.9432743055555556,0.9432743055555556,0.9432743055555556,2000,1970,1970,0.985,0.985,825.43,0,195.03,PP025-BK,0,,,ON,False
2026-06-09,,IM11,1,8:00AM,01OB Bezel Plug,1022573,,1943,700,18.666666666666668,6.805555555555555,35,4.538916666666666,3.4610833333333337,,,35.14,8a,465,1854,1854,6,6,0.0032258064516129032,0.9960159362549801,0.9960159362549801,463.14741035856576,0.3768921874999999,0.3741796874999999,0.3741796874999999,5600,3720,3708,0.6642857142857143,0.6621428571428571,355.968,1.1520000000000001,141.22050000000002,ABS07-BK,0,,,ON,False
2026-06-09,,IM11,2,,01OB Bezel Plug,,,1943,800,21.333333333333332,7.777777777777778,35,8.658105555555554,-0.6581055555555544,,,35.14,,887,3548,3548,0,0,0,0.9960159362549801,0.9960159362549801,883.4661354581673,1.1999593168402776,1.1951786024305553,1.1951786024305553,6400,7096,7096,1.10875,1.10875,681.216,0,269.38190000000003,ABS07-BK,0,,,ON,False
2026-06-09,,IM12,3,ONGOING,GM PIN,1032127,,2717,800,4.266666666666667,7.777777777777778,35,6.851472222222222,1.1485277777777778,,,26.38,,935,7480,0,0,0,0,1.3267626990144048,1.3267626990144048,1240.5231235784686,1.0009572699652778,1.3280327690972222,1.3280327690972222,6400,7480,7480,1.16875,1.16875,748,0,134.1912,PP024-BK,0,,,ON,False
2026-06-09,,IM12,1,,GM PIN,,,2717,800,4.266666666666667,7.777777777777778,35,4.396666666666666,3.6033333333333344,,,26.38,,600,4800,0,0,0,0,1.3267626990144048,1.3267626990144048,796.0576194086428,0.41218749999999993,0.5468749999999999,0.5468749999999999,6400,4800,4800,0.75,0.75,480,0,86.11200000000001,PP024-BK,0,,,ON,False
2026-06-09,,IM12,2,,GM PIN,,,2717,800,4.266666666666667,7.777777777777778,35,0,8,,,,,,0,0,0,0,0,0,0,0,0,0,0,6400,0,0,0,0,0,0,0,PP024-BK,0,,,ON,False
2026-06-09,,IM14,3,ONGOING,NQ5A Bumper Brkt I/B #2,1026344,,1023,650,0,7.850555555555554,43.48,6.959066666666667,1.0409333333333333,,,38.19,,656,656,656,0,0,0,1.1385179366326263,1.1385179366326263,746.8677664310029,0.8779130256410256,0.9995197264957264,0.9995197264957264,1300,1312,1312,1.0092307692307692,1.0092307692307692,0,0,101.9424,PAM02-BK,0,,,ON,False
2026-06-09,,IM14,1,,NQ5A Bumper Brkt I/B #2,,,1023,650,0,7.850555555555554,43.48,7.160625,0.8393750000000004,,,38.19,,675,675,675,0,0,0,1.1385179366326263,1.1385179366326263,768.4996072270228,0.9295042067307693,1.0582572115384616,1.0582572115384616,1300,1350,1350,1.0384615384615385,1.0384615384615385,0,0,104.89500000000001,PAM02-BK,0,,,ON,False
2026-06-09,,IM14,2,5:00PM,T90A RCL RIM (COVER A),1033165,,MO5773,500,66.66666666666667,5.833333333333333,42,4.666666666666667,3.333333333333333,,,40,5p,420,410,410,10,10,0.023809523809523808,1.05,1.05,441,0.49000000000000005,0.5022500000000001,0.5022500000000001,1000,840,820,0.84,0.82,533.82,13.02,183.96,PP025-BK,0,,,ON,False
2026-06-09,,IM15,3,ONGOING,U625 REFLEX REFLECTOR,1027799,,MO8085,700,0,6.416666666666667,33,3.737222222222222,4.262777777777778,,,31,,434,434,434,0,0,0,1.064516129032258,1.064516129032258,462,0.2896347222222222,0.30832083333333327,0.30832083333333327,1400,868,868,0.62,0.62,335.048,0,66.87939999999999,PMMA01-AM,0,,,ON,False
2026-06-09,,IM15,1,8:30AM,T90A CHL REFLEX REFLECTOR,1032773,,MO6510,700,25.454545454545453,5.638888888888889,29,9.666666666666666,-1.666666666666666,,,29,430a,1200,1195,1195,5,5,0.004166666666666667,1,1,1200,2.0714285714285716,2.062797619047619,2.062797619047619,1400,2400,2390,1.7142857142857142,1.707142857142857,877.13,3.67,148.8,PC026-AMB,0,,,ON,False
2026-06-09,,IM15,2,,T90A CHL REFLEX REFLECTOR,,,MO6510,900,32.72727272727273,7.25,29,3.6330555555555555,4.366944444444444,,,29,,451,451,451,0,0,0,1,1,451,0.22757056327160494,0.22757056327160494,0.22757056327160494,1800,902,902,0.5011111111111111,0.5011111111111111,331.034,0,55.924,PC026-AMB,0,,,ON,False
2026-06-09,,IM16,3,ONGOING,FORD PIN,1032104,,656,700,1.4,7.777777777777778,40,8.031583333333334,-0.03158333333333374,,,31.09,,930,3720,0,0,0,0,1.2865873271148278,1.2865873271148278,1196.5262142167899,1.3338165178571428,1.7160714285714285,1.7160714285714285,2800,3720,3720,1.3285714285714285,1.3285714285714285,665.88,0,52.07628,PP024-BK,0,,,ON,False
2026-06-09,,IM16,1,,FORD PIN,,,656,700,1.4,7.777777777777778,40,7.599777777777778,0.40022222222222226,,,31.09,,880,3520,0,0,0,0,1.2865873271148278,1.2865873271148278,1132.1968478610486,1.1942507936507936,1.5365079365079364,1.5365079365079364,2800,3520,3520,1.2571428571428571,1.2571428571428571,630.0799999999999,0,49.27648,PP024-BK,0,,,ON,False
2026-06-09,,IM16,2,,FORD PIN,,,656,700,1.4,7.777777777777778,40,9.093825,-1.0938250000000007,,,31.09,,1053,4212,0,0,0,0,1.2865873271148278,1.2865873271148278,1354.7764554519138,1.7099638794642857,2.200017857142857,2.200017857142857,2800,4212,4212,1.5042857142857142,1.5042857142857142,753.948,0,58.963787999999994,PP024-BK,0,,,ON,False
2026-06-09,,IM17,3,,SD,,,0,,0,0,0,0,0,,,,,,0,0,0,0,0,0,0,0,0,0,0,0,0,0,0,0,0,0,0,0,0,,,SD,False
2026-06-09,,IM17,1,,SD,,,0,,0,0,0,0,0,,,,,,0,0,0,0,0,0,0,0,0,0,0,0,0,0,0,0,0,0,0,0,0,,,SD,False
2026-06-09,,IM17,2,,SD,,,0,,0,0,0,0,0,,,,,,0,0,0,0,0,0,0,0,0,0,0,0,0,0,0,0,0,0,0,0,0,,,SD,False
2026-06-09,,IM18,3,,SD,,,0,,0,0,0,0,0,,,,,,0,0,0,0,0,0,0,0,0,0,0,0,0,0,0,0,0,0,0,0,0,,,SD,False
2026-06-09,,IM18,1,,SD,,,0,,0,0,0,0,0,,,,,,0,0,0,0,0,0,0,0,0,0,0,0,0,0,0,0,0,0,0,0,0,,,SD,False
2026-06-09,,IM18,2,,SD,,,0,,0,0,0,0,0,,,,,,0,0,0,0,0,0,0,0,0,0,0,0,0,0,0,0,0,0,0,0,0,,,SD,False
2026-06-09,,IM19,3,11:10PM,T90A BUL HSG,1019476,,MO5785,700,100,7.388888888888889,38,3.881944444444444,4.118055555555555,,,43,,325,320,320,5,5,0.015384615384615385,0.8837209302325582,0.8837209302325582,287.2093023255814,0.22529141865079363,0.19603174603174603,0.19603174603174603,1400,650,640,0.4642857142857143,0.4571428571428572,669.44,10.46,245.7,ASA01-BK,0,,,ON,False
2026-06-09,,IM19,1,,T90A BUL HSG,,,MO5785,700,100,7.388888888888889,38,7.584722222222222,0.41527777777777786,,,43,,635,635,635,0,0,0,0.8837209302325582,0.8837209302325582,561.1627906976744,0.8600533234126985,0.7600471230158731,0.7600471230158731,1400,1270,1270,0.9071428571428571,0.9071428571428571,1328.42,0,480.06,ASA01-BK,0,,,ON,False
2026-06-09,,IM19,2,,T90A BUL HSG,,,MO5785,700,100,7.388888888888889,38,3.917777777777778,4.082222222222223,,,43,,328,328,328,0,0,0,0.8837209302325582,0.8837209302325582,289.8604651162791,0.22946984126984127,0.2027873015873016,0.2027873015873016,1400,656,656,0.4685714285714286,0.4685714285714286,686.176,0,247.968,ASA01-BK,0,,,ON,False
2026-06-09,,IM2,3,,SD,,,0,,0,0,0,0,0,,,,,,0,0,0,0,0,0,0,0,0,0,0,0,0,0,0,0,0,0,0,0,0,,,SD,False
2026-06-09,,IM2,1,,SD,,,0,,0,0,0,0,0,,,,,,0,0,0,0,0,0,0,0,0,0,0,0,0,0,0,0,0,0,0,0,0,,,SD,False
2026-06-09,,IM2,2,,SD,,,0,,0,0,0,0,0,,,,,,0,0,0,0,0,0,0,0,0,0,0,0,0,0,0,0,0,0,0,0,0,,,SD,False
2026-06-09,,IM3,3,ONGOING,T90A CHL EXTENSION B,1027240,,MO6519,800,53.333333333333336,7.555555555555555,34,7.058208333333334,0.9417916666666661,,,27.77,2a,915,915,915,0,0,0,1.2243428159884768,1.2243428159884768,1120.2736766294563,1.0091032226562502,1.2354882812500003,1.2354882812500003,1600,1830,1830,1.14375,1.14375,794.22,0,270.84,PC003-BK,0,,,ON,False
2026-06-09,,IM3,1,,T90A CHL EXTENSION B,,,MO6519,800,53.333333333333336,7.555555555555555,34,6.957927777777778,1.042072222222222,,,27.77,,902,902,902,0,0,0,1.2243428159884768,1.2243428159884768,1104.357220021606,0.9806329461805555,1.2006309027777777,1.2006309027777777,1600,1804,1804,1.1275,1.1275,782.936,0,266.99199999999996,PC003-BK,0,,,ON,False
2026-06-09,,IM3,2,4:00PM,T90A RCL REFLECTOR C,1033092,,MO5776,700,66.66666666666667,6.416666666666667,33,5.236111111111111,2.7638888888888893,,,29,4p,650,644,644,6,6,0.009230769230769232,1.1379310344827587,1.1379310344827587,739.6551724137931,0.6077628968253969,0.6852083333333334,0.6852083333333334,1400,1300,1288,0.9285714285714286,0.92,716.128,6.672000000000001,222.3,PC014-WT,0,,,ON,False
2026-06-09,,IM4,3,ONGOING,L42P(2) HL Base A (Carrier Plate),1027912,,70637,700,0,7.83611111111111,40.3,5.9223333333333334,2.0776666666666666,,,43.6,,489,489,489,0,0,0,0.9243119266055045,0.9243119266055045,451.98853211009174,0.5171466071428572,0.47800477678571435,0.47800477678571435,1400,978,978,0.6985714285714286,0.6985714285714286,0,0,320.07495,PC001-GY,0,,,ON,False
2026-06-09,,IM4,1,,L42P(2) HL Base A (Carrier Plate),,,70637,700,0,7.83611111111111,40.3,8.683666666666666,-0.6836666666666655,,,43.6,,717,697,697,20,20,0.02789400278940028,0.9243119266055045,0.9243119266055045,662.7316513761467,1.1118194642857142,0.9990022172619046,0.9990022172619046,1400,1434,1394,1.0242857142857142,0.9957142857142857,0,0,469.31235,PC001-GY,0,,,ON,False
2026-06-09,,IM4,2,4:30PM,T90A RCL INNER LENS B,1032941,,MO5778,600,50,5.5,33,6.027777777777777,1.9722222222222232,,,31,345p,700,680,680,20,20,0.02857142857142857,1.064516129032258,1.064516129032258,745.1612903225806,0.8790509259259257,0.9090277777777775,0.9090277777777775,1200,1400,1360,1.1666666666666667,1.1333333333333333,587.52,17.28,161,PC011-NC,0,,,ON,False
2026-06-09,,IM5,3,,SD,,,0,,0,0,0,0,0,,,,,,0,0,0,0,0,0,0,0,0,0,0,0,0,0,0,0,0,0,0,0,0,,,SD,False
2026-06-09,,IM5,1,,SD,,,0,,0,0,0,0,0,,,,,,0,0,0,0,0,0,0,0,0,0,0,0,0,0,0,0,0,0,0,0,0,,,SD,False
2026-06-09,,IM5,2,,SD,,,0,,0,0,0,0,0,,,,,,0,0,0,0,0,0,0,0,0,0,0,0,0,0,0,0,0,0,0,0,0,,,SD,False
2026-06-09,,IM6,3,ONGOING,311 D Bezel Plug,1026425,,0,800,0,7.777777777777778,35,3.8875000000000006,0,,ejectors binding up pulled to shop.,31.1,,450,1800,1800,0,0,0,1.12540192926045,1.12540192926045,506.4308681672025,0.27333984375000003,0.3076171875,0.3076171875,6400,3600,3600,0.5625,0.5625,0,0,144,ABS07-BK,0,,,ON,False
2026-06-09,,IM6,1,,311 D Bezel Plug,,,0,800,0,7.777777777777778,35,7.5503888888888895,0,,,31.1,,874,3496,3496,0,0,0,1.12540192926045,1.12540192926045,983.6012861736333,1.031099982638889,1.160401909722222,1.160401909722222,6400,6992,6992,1.0925,1.0925,0,0,279.68,ABS07-BK,0,,,ON,False
2026-06-09,,IM6,2,,311 D Bezel Plug,,,0,800,0,7.777777777777778,35,8.63888888888889,0,,,31.1,,1000,4000,4000,0,0,0,1.12540192926045,1.12540192926045,1125.40192926045,1.3498263888888888,1.5190972222222219,1.5190972222222219,6400,8000,8000,1.25,1.25,0,0,320,ABS07-BK,0,,,ON,False
2026-06-09,,IM7,3,ONGOING,31CC Bezel (Trim Ring),1028224,,TNL 625,600,0,7,42,6.4222222222222225,1.5777777777777775,,,34,ongoing,680,680,680,0,0,0,1.2352941176470589,1.2352941176470589,840,0.9098148148148149,1.123888888888889,1.123888888888889,1200,1360,1360,1.1333333333333333,1.1333333333333333,1381.76,0,149.73600000000002,PC013-BK,0,,,ON,False
2026-06-09,,IM7,1,7:30AM,P33A FCL Base C,1033554,,5549,500,0,6.527777777777778,47,1.1900000000000002,3.032222222222221,,,47.6,1145a,90,176,176,4,4,0.022222222222222223,0.9873949579831932,0.9873949579831932,88.8655462184874,0.6085527777777778,0.587529012345679,0.587529012345679,2000,360,352,0.18,0.176,0,0,61.587,PC017-WT,0,,,ON,True
2026-06-09,,IM7,1,,31CC Bezel (Trim Ring),,,TNL 625,,0,0,42,3.777777777777778,-4.238222222222223,,,34,,400,400,400,0,0,0,1.2352941176470589,1.2352941176470589,494.11764705882354,2.651614814814815,3.2755241830065365,3.2755241830065365,0,800,800,400,400,812.8,0,88.08,PC013-BK,0,,,ON,True
2026-06-09,,IM7,2,,P33A FCL Base C,,,5549,600,0,7.833333333333333,47,8.460444444444445,-0.46044444444444466,,,47.59,,640,1280,1280,0,0,0,0.9876024374868669,0.9876024374868669,632.0655599915948,1.1280592592592593,1.114074074074074,1.114074074074074,2400,2560,2560,1.0666666666666667,1.0666666666666667,0,0,437.952,PC017-WT,0,,,ON,False
2026-06-09,,IM8,3,,SD,,,0,,0,0,0,0,0,,,,,,0,0,0,0,0,0,0,0,0,0,0,0,0,0,0,0,0,0,0,0,0,,,SD,False
2026-06-09,,IM8,1,,SD,,,0,,0,0,0,0,0,,,,,,0,0,0,0,0,0,0,0,0,0,0,0,0,0,0,0,0,0,0,0,0,,,SD,False
2026-06-09,,IM8,2,,SD,,,0,,0,0,0,0,0,,,,,,0,0,0,0,0,0,0,0,0,0,0,0,0,0,0,0,0,0,0,0,0,,,SD,False
2026-06-09,,IM9,3,ONGOING,T90A RCL Reflector A,1028168,,MO5774,600,150,6.666666666666667,40,1.7185611111111112,6.281438888888889,,,37.27,,166,166,166,0,0,0,1.0732492621411323,1.0732492621411323,178.15937751542796,0.059433571759259264,0.06378703703703704,0.06378703703703704,1200,332,332,0.27666666666666667,0.27666666666666667,353.91200000000003,0,107.568,PC001-GY,0,,,ON,False
2026-06-09,,IM9,1,,T90A RCL Reflector A,,,MO5774,600,150,6.666666666666667,40,9.069652777777778,-1.0696527777777778,,,42.13,,775,775,775,0,0,0,0.9494422027059102,0.9494422027059102,735.8177070970804,1.464371021412037,1.390335648148148,1.390335648148148,1200,1550,1550,1.2916666666666667,1.2916666666666667,1652.3000000000002,0,502.2,PC001-GY,0,,,ON,False
2026-06-09,,IM9,2,3:30PM,NX4OB RCO Stop Ref,1033724,,902,600,0,6.666666666666667,40,5.950000000000001,2.049999999999999,,,35.7,315p,600,594,594,6,6,0.01,1.1204481792717087,1.1204481792717087,672.2689075630252,0.7437500000000001,0.8250000000000002,0.8250000000000002,1200,1200,1188,1,0.99,919.6655207082337,9.289550714224582,334.8,PBT02-DGY,0,,,ON,False
2026-06-10,,IM1,3,ONGOING,NQ5A Bumper Brkt O/B,1009834,,1024,600,0,7.203333333333333,43.22,2.5483333333333333,5.451666666666666,,,33,ongoing,278,278,278,0,0,0,1.3096969696969696,1.3096969696969696,364.09575757575755,0.14759097222222223,0.19329944907407406,0.19329944907407406,1200,556,556,0.4633333333333333,0.4633333333333333,0,0,30.6356,PAM02-BK,0,,,ON,False
2026-06-10,,IM1,1,7:30AM,T6ZA LPL Housing,1035491,,3802,900,0,7,28,11.113333333333333,-3.1133333333333333,,,24,230a,1667,1664,1664,3,3,0.001799640071985603,1.1666666666666667,1.1666666666666667,1944.8333333333335,2.5730453703703704,2.996483950617284,2.996483950617284,1800,3334,3328,1.8522222222222222,1.8488888888888888,0,0,224.7116,ASA01-BK,0,,,ON,False
2026-06-10,,IM1,2,,T6ZA LPL Housing,,,3802,1000,0,7.777777777777778,28,10.3,-2.3000000000000007,,,24,,1545,1545,1545,0,0,0,1.1666666666666667,1.1666666666666667,1802.5000000000002,1.9891875000000003,2.3207187500000006,2.3207187500000006,2000,3090,3090,1.545,1.545,0,0,208.266,ASA01-BK,0,,,ON,False
2026-06-10,,IM10,3,11:00PM,31CC DRL Inner Lens,1035223,,TNL 621,300,42.857142857142854,3.4166666666666665,41,1.6574999999999998,6.3425,,WIP,39,,153,153,153,0,0,0,1.0512820512820513,1.0512820512820513,160.84615384615384,0.10566562499999999,0.11108437499999999,0.11108437499999999,600,306,306,0.51,0.51,319.464,0,85.810968,PC020-NC,0,,,ON,False
2026-06-10,,IM10,1,,31CC DRL Inner Lens,,,TNL 621,300,42.857142857142854,3.4166666666666665,41,2.058333333333333,5.941666666666666,,WIP,39,,190,190,190,0,0,0,1.0512820512820513,1.0512820512820513,199.74358974358975,0.16295138888888888,0.17130787037037037,0.17130787037037037,600,380,380,0.6333333333333333,0.6333333333333333,396.72,0,106.56264,PC020-NC,0,,,ON,False
2026-06-10,,IM10,2,,31CC DRL Inner Lens,,,TNL 621,300,42.857142857142854,3.4166666666666665,41,3.4341666666666666,4.565833333333334,,WIP,39,,317,317,317,0,0,0,1.0512820512820513,1.0512820512820513,333.2564102564103,0.45359618055555556,0.47685752314814817,0.47685752314814817,600,634,634,1.0566666666666666,1.0566666666666666,661.8960000000001,0,177.79135200000002,PC020-NC,0,,,ON,False
2026-06-10,,IM11,3,ONGOING,01OB Bezel Plug,1022573,,1943,800,21.333333333333332,7.777777777777778,35,7.789366666666667,0.210633333333333,,,35.14,ongoing,798,3192,3192,0,0,0,0.9960159362549801,0.9960159362549801,794.8207171314741,0.97123665625,0.9673671875,0.9673671875,6400,6384,6384,0.9975,0.9975,612.864,0,242.35260000000002,ABS07-BK,0,,,ON,False
2026-06-10,,IM11,1,,01OB Bezel Plug,,,1943,800,21.333333333333332,7.777777777777778,35,8.091961111111111,-0.09196111111111094,,,35.14,ongoing,829,3316,3316,0,0,0,0.9960159362549801,0.9960159362549801,825.6972111553785,1.048161837673611,1.0439858940972222,1.0439858940972222,6400,6632,6632,1.03625,1.03625,636.672,0,251.76730000000003,ABS07-BK,0,,,ON,False
2026-06-10,,IM11,2,,01OB Bezel Plug,,,1943,800,21.333333333333332,7.777777777777778,35,9.57565,-1.5756499999999996,,,35.14,ongoing,981,3924,3924,0,0,0,0.9960159362549801,0.9960159362549801,977.0916334661355,1.4677676015624999,1.4619199218749999,1.4619199218749999,6400,7848,7848,1.22625,1.22625,753.408,0,297.9297,ABS07-BK,0,,,ON,False
2026-06-10,,IM12,3,,SD,,,0,,0,0,0,0,0,,,,,,0,0,0,0,0,0,0,0,0,0,0,0,0,0,0,0,0,0,0,0,0,,,SD,False
2026-06-10,,IM12,1,,SD,,,0,,0,0,0,0,0,,,,,,0,0,0,0,0,0,0,0,0,0,0,0,0,0,0,0,0,0,0,0,0,,,SD,False
2026-06-10,,IM12,2,,SD,,,0,,0,0,0,0,0,,,,,,0,0,0,0,0,0,0,0,0,0,0,0,0,0,0,0,0,0,0,0,0,,,SD,False
2026-06-10,,IM14,3,ONGOING,T90A RCL RIM (COVER A),1033165,,MO5773,650,86.66666666666667,7.583333333333333,42,7.555555555555555,0.44444444444444464,,,40,ongoing,680,680,680,0,0,0,1.05,1.05,714,0.988034188034188,1.0374358974358975,1.0374358974358975,1300,1360,1360,1.0461538461538462,1.0461538461538462,885.36,0,297.84,PP025-BK,0,,,ON,False
2026-06-10,,IM14,1,,T90A RCL RIM (COVER A),,,MO5773,650,86.66666666666667,7.583333333333333,42,8.022222222222222,-0.022222222222222143,,,40,ongoing,722,722,722,0,0,0,1.05,1.05,758.1,1.1138547008547008,1.169547435897436,1.169547435897436,1300,1444,1444,1.1107692307692307,1.1107692307692307,940.044,0,316.236,PP025-BK,0,,,ON,False
2026-06-10,,IM14,2,,T90A RCL RIM (COVER A),,,MO5773,650,86.66666666666667,7.583333333333333,42,7.177777777777778,0.822222222222222,,,40,ongoin,646,646,646,0,0,0,1.05,1.05,678.3000000000001,0.8917008547008548,0.9362858974358976,0.9362858974358976,1300,1292,1292,0.9938461538461538,0.9938461538461538,841.092,0,282.948,PP025-BK,0,,,ON,False
2026-06-10,,IM15,3,12:00AM,U625 REFLEX REFLECTOR,1035204,,MO8085,700,0,6.416666666666667,33,5.597222222222222,2.4027777777777777,,,31,11p,650,644,644,6,6,0.009230769230769232,1.064516129032258,1.064516129032258,691.9354838709677,0.6496775793650793,0.6852083333333332,0.6852083333333332,1400,1300,1288,0.9285714285714286,0.92,497.168,4.632,100.16499999999999,PMMA01-AM,0,,,ON,False
2026-06-10,,IM15,1,,U625 REFLEX REFLECTOR,,,MO8085,800,0,7.333333333333333,33,8.275277777777777,-0.2752777777777773,,,31,ongoing,961,961,961,0,0,0,1.064516129032258,1.064516129032258,1023,1.2425846788194443,1.3227514322916665,1.3227514322916665,1600,1922,1922,1.20125,1.20125,741.892,0,148.09009999999998,PMMA01-AM,0,,,ON,False
2026-06-10,,IM15,2,,U625 REFLEX REFLECTOR,,,MO8085,800,0,7.333333333333333,33,7.655277777777778,0.34472222222222193,,,31,ongoing,889,889,889,0,0,0,1.064516129032258,1.064516129032258,946.3548387096773,1.0633659288194446,1.1319701822916668,1.1319701822916668,1600,1778,1778,1.11125,1.11125,686.308,0,136.9949,PMMA01-AM,0,,,ON,False
2026-06-10,,IM16,3,,FORD PIN,,,656,,0,0,40,7.861944444444444,0.13805555555555582,,,31,ongoing,913,3652,0,0,0,0,1.2903225806451613,1.2903225806451613,1178.0645161290322,0,0,0,0,3652,3652,913,913,653.708,0,51.124348,PP024-BK,0,,,ON,False
2026-06-10,,IM16,1,,FORD PIN,,,656,,0,0,40,4.6930555555555555,3.3069444444444445,,,31,ongoing,545,2180,0,0,0,0,1.2903225806451613,1.2903225806451613,703.2258064516129,0,0,0,0,2180,2180,545,545,390.21999999999997,0,30.517819999999997,PP024-BK,0,,,ON,False
2026-06-10,,IM16,2,,SD,,,0,,0,0,0,0,0,,,,,,0,0,0,0,0,0,0,0,0,0,0,0,0,0,0,0,0,0,0,0,0,,,SD,False
2026-06-10,,IM17,3,,SD,,,0,,0,0,0,0,0,,,,,,0,0,0,0,0,0,0,0,0,0,0,0,0,0,0,0,0,0,0,0,0,,,SD,False
2026-06-10,,IM17,1,,SD,,,0,,0,0,0,0,0,,,,,,0,0,0,0,0,0,0,0,0,0,0,0,0,0,0,0,0,0,0,0,0,,,SD,False
2026-06-10,,IM17,2,,SD,,,0,,0,0,0,0,0,,,,,,0,0,0,0,0,0,0,0,0,0,0,0,0,0,0,0,0,0,0,0,0,,,SD,False
2026-06-10,,IM18,3,,SD,,,0,,0,0,0,0,0,,,,,,0,0,0,0,0,0,0,0,0,0,0,0,0,0,0,0,0,0,0,0,0,,,SD,False
2026-06-10,,IM18,1,,SD,,,0,,0,0,0,0,0,,,,,,0,0,0,0,0,0,0,0,0,0,0,0,0,0,0,0,0,0,0,0,0,,,SD,False
2026-06-10,,IM18,2,,SD,,,0,,0,0,0,0,0,,,,,,0,0,0,0,0,0,0,0,0,0,0,0,0,0,0,0,0,0,0,0,0,,,SD,False
2026-06-10,,IM19,3,,SD,,,0,,0,0,0,0,0,,,,,,0,0,0,0,0,0,0,0,0,0,0,0,0,0,0,0,0,0,0,0,0,,,SD,False
2026-06-10,,IM19,1,,SD,,,0,,0,0,0,0,0,,,,,,0,0,0,0,0,0,0,0,0,0,0,0,0,0,0,0,0,0,0,0,0,,,SD,False
2026-06-10,,IM19,2,,SD,,,0,,0,0,0,0,0,,,,,,0,0,0,0,0,0,0,0,0,0,0,0,0,0,0,0,0,0,0,0,0,,,SD,False
2026-06-10,,IM2,3,11:30PM,L42N Reflector C,1035314,,M03633,200,25,1.5555555555555556,28,2.408333333333333,5.591666666666667,,,34,,255,250,250,5,5,0.0196078431372549,0.8235294117647058,0.8235294117647058,210,0.383828125,0.3098958333333333,0.3098958333333333,400,510,500,1.275,1.2499999999999998,255,5.1,67.575,PC009-GY,0,,,ON,False
2026-06-10,,IM2,1,7:00AM,T90A CHL BRACKET G,1034535,,MO8384,800,40,7.388888888888889,33.25,10.168888888888889,-2.1688888888888886,,,32,230a,1144,1139,1139,5,5,0.004370629370629371,1.0390625,1.0390625,1188.6875,1.817688888888889,1.8804375868055554,1.8804375868055554,1600,2288,2278,1.43,1.4237499999999998,1280.236,5.620000000000001,290.576,ABS06-BK,0,,,ON,False
2026-06-10,,IM2,2,,T90A CHL BRACKET G,,,MO8384,800,40,7.388888888888889,33.25,4.613333333333333,3.3866666666666667,,,32,,519,519,519,0,0,0,1.0390625,1.0390625,539.2734375,0.3741125,0.38872626953125,0.38872626953125,1600,1038,1038,0.64875,0.64875,583.3560000000001,0,131.826,ABS06-BK,0,,,ON,False
2026-06-10,,IM3,3,ONGOING,T90A RCL REFLECTOR C,1033092,,MO5776,800,76.19047619047619,7.333333333333333,33,7.166666666666667,0.833333333333333,,,30,ongoing,860,860,860,0,0,0,1.1,1.1,946.0000000000001,0.9630208333333334,1.059322916666667,1.059322916666667,1600,1720,1720,1.075,1.075,956.32,0,294.12,PC014-WT,0,,,ON,False
2026-06-10,,IM3,1,8:30AM,L42P(2) HL Reflector A (REV ---),1035338,,4385,600,0,6.333333333333333,38,6.222222222222223,1.7777777777777768,,,35,630a,640,635,635,5,5,0.0078125,1.0857142857142856,1.0857142857142856,694.8571428571428,0.8296296296296297,0.8937037037037037,0.8937037037037037,1200,1280,1270,1.0666666666666667,1.0583333333333333,0,0,475.712,PC003-BK,0,,,ON,False
2026-06-10,,IM3,2,,L42P(2) HL Reflector A (REV ---),,,4385,700,0,7.388888888888889,38,9.936111111111112,-1.9361111111111118,,,35,ongoing,1022,1022,1022,0,0,0,1.0857142857142856,1.0857142857142856,1109.6,1.8133402777777778,1.9687694444444443,1.9687694444444443,1400,2044,2044,1.46,1.46,0,0,759.6526,PC003-BK,0,,,ON,False
2026-06-10,,IM4,3,ONGOING,T90A RCL INNER LENS B,1032941,,MO5778,800,66.66666666666667,7.333333333333333,33,7.489999999999999,0.5100000000000007,,burning parts leaving marks on parts polising.,29.96,ongoing,900,900,900,0,0,0,1.1014686248331107,1.1014686248331107,991.3217623497997,1.05328125,1.1601562499999998,1.1601562499999998,1600,1800,1800,1.125,1.125,777.6,0,207,PC011-NC,0,,,ON,False
2026-06-10,,IM4,1,,T90A RCL INNER LENS B,,,MO5778,800,66.66666666666667,7.333333333333333,33,7.997655555555555,0.0023444444444447043,,,29.96,ongoing,961,961,961,0,0,0,1.1014686248331107,1.1014686248331107,1058.5113484646195,1.2008979670138888,1.3227514322916665,1.3227514322916665,1600,1922,1922,1.20125,1.20125,830.304,0,221.03,PC011-NC,0,,,ON,False
2026-06-10,,IM4,2,4:00PM,GC7 CHL Base A,1034036,,M05786,700,116.66666666666667,5.444444444444445,28,5.413333333333333,2.586666666666667,,,28,315p,696,690,690,6,6,0.008620689655172414,1,1,696,0.6728,0.6669999999999999,0.6669999999999999,1400,1392,1380,0.9942857142857143,0.9857142857142858,971.52,8.448,278.9568,PP019-BK,0,,,ON,False
2026-06-10,,IM5,3,,SD,,,0,,0,0,0,0,0,,,,,,0,0,0,0,0,0,0,0,0,0,0,0,0,0,0,0,0,0,0,0,0,,,SD,False
2026-06-10,,IM5,1,,SD,,,0,,0,0,0,0,0,,,,,,0,0,0,0,0,0,0,0,0,0,0,0,0,0,0,0,0,0,0,0,0,,,SD,False
2026-06-10,,IM5,2,,SD,,,0,,0,0,0,0,0,,,,,,0,0,0,0,0,0,0,0,0,0,0,0,0,0,0,0,0,0,0,0,0,,,SD,False
2026-06-10,,IM6,3,ONGOING,311 D Bezel Plug,1026425,,0,800,0,7.777777777777778,35,7.602222222222223,0,,,31.1,ongoing,880,3520,3520,0,0,0,1.12540192926045,1.12540192926045,990.353697749196,1.0453055555555557,1.176388888888889,1.176388888888889,6400,7040,7040,1.1,1.1,0,0,281.6,ABS07-BK,0,,,ON,False
2026-06-10,,IM6,1,,311 D Bezel Plug,,,0,800,0,7.777777777777778,35,8.146472222222222,0,,,31.1,ongoing,943,3772,3772,0,0,0,1.12540192926045,1.12540192926045,1061.2540192926044,1.2003317664930555,1.3508556857638887,1.3508556857638887,6400,7544,7544,1.17875,1.17875,0,0,301.76,ABS07-BK,0,,,ON,False
2026-06-10,,IM6,2,,311 D Bezel Plug,,,0,800,0,7.777777777777778,35,10.254361111111113,0,,,31.1,ongoing,1187,4748,4748,0,0,0,1.12540192926045,1.12540192926045,1335.8520900321541,1.901863537326389,2.1403608940972223,2.1403608940972223,6400,9496,9496,1.48375,1.48375,0,0,379.84000000000003,ABS07-BK,0,,,ON,False
2026-06-10,,IM7,3,ONGOING,P33A FCL Base C,1033554,,5549,600,0,7.833333333333333,47,6.491666666666666,1.5083333333333337,,,41,ongoing,570,1140,1140,0,0,0,1.146341463414634,1.146341463414634,653.4146341463414,0.7708854166666665,0.8836979166666664,0.8836979166666664,2400,2280,2280,0.95,0.95,0,0,390.051,PC017-WT,0,,,ON,False
2026-06-10,,IM7,1,8:00AM,T90A RCL Extension A,1034776,,MO5772,600,80,6.5,39,0.9944444444444442,2.2222222222222223,,,35.8,1215p,100,95,95,5,5,0.05,1.0893854748603353,1.0893854748603353,108.93854748603353,0.6259259259259259,0.6477808814400994,0.6477808814400994,1200,200,190,0.16666666666666666,0.15833333333333333,136.04,7.16,54,PC003-BK,0,,,ON,True
2026-06-10,,IM7,1,,P33A FCL Base C,,,5549,,0,0,47,4.783333333333333,-7.155388888888888,,,41,ongoing,420,840,840,0,0,0,1.146341463414634,1.146341463414634,481.4634146341463,3.959345347222222,4.538761739498645,4.538761739498645,0,1680,1680,420,420,0,0,287.406,PC017-WT,0,,,ON,True
2026-06-10,,IM7,2,,T90A RCL Extension A,,,MO5772,700,93.33333333333333,7.583333333333333,39,10.372055555555555,-2.372055555555555,,,35.8,ongoing,1043,1043,1043,0,0,0,1.0893854748603353,1.0893854748603353,1136.2290502793298,1.9317953472222222,2.104469791666667,2.104469791666667,1400,2086,2086,1.49,1.49,1493.576,0,563.22,PC003-BK,0,,,ON,False
2026-06-10,,IM8,3,,SD,,,0,,0,0,0,0,0,,,,,,0,0,0,0,0,0,0,0,0,0,0,0,0,0,0,0,0,0,0,0,0,,,SD,False
2026-06-10,,IM8,1,,SD,,,0,,0,0,0,0,0,,,,,,0,0,0,0,0,0,0,0,0,0,0,0,0,0,0,0,0,0,0,0,0,,,SD,False
2026-06-10,,IM8,2,,SD,,,0,,0,0,0,0,0,,,,,,0,0,0,0,0,0,0,0,0,0,0,0,0,0,0,0,0,0,0,0,0,,,SD,False
2026-06-10,,IM9,3,12:30AM,H61P RCL-LED Refl A,1034058,,527,500,33.333333333333336,5.694444444444445,41,5.916666666666667,2.083333333333333,,,35.5,11p,600,595,595,5,5,0.008333333333333333,1.1549295774647887,1.1549295774647887,692.9577464788732,0.8875,1.0164583333333332,1.0164583333333332,1000,1200,1190,1.2,1.19,857.99,7.21,228,PC017-WT,0,,,ON,False
2026-06-10,,IM9,1,,H61P RCL-LED Refl A,,,527,700,46.666666666666664,7.972222222222222,41,7.632499999999999,0.3675000000000006,,,35.5,ongoing,774,774,774,0,0,0,1.1549295774647887,1.1549295774647887,893.9154929577464,1.0549205357142857,1.2183589285714285,1.2183589285714285,1400,1548,1548,1.1057142857142856,1.1057142857142856,1116.108,0,294.12,PC017-WT,0,,,ON,False
2026-06-10,,IM9,2,,H61P RCL-LED Refl A,,,527,700,46.666666666666664,7.972222222222222,41,7.277500000000001,0.7224999999999993,,,35.5,ongoing,738,738,738,0,0,0,1.1549295774647887,1.1549295774647887,852.3380281690141,0.9590705357142859,1.107658928571429,1.107658928571429,1400,1476,1476,1.0542857142857143,1.0542857142857143,1064.196,0,280.44,PC017-WT,0,,,ON,False
2026-06-11,,IM1,3,ONGOING,T6ZA LPL Housing,1035491,,3802,1000,0,7.777777777777778,28,1.718888888888889,6.281111111111111,,,28,ongoing,221,221,221,0,0,0,1,1,221,0.04748430555555556,0.04748430555555556,0.04748430555555556,2000,442,442,0.221,0.221,0,0,29.7908,ASA01-BK,0,,,ON,False
2026-06-11,,IM1,1,8:00AM,BF4 Ext. B,1037193,,M03433,200,22.22222222222222,2,36,2.579388888888889,5.420611111111111,,splay issues,32.02,9a,290,230,230,60,60,0.20689655172413793,1.1242973141786383,1.1242973141786383,326.0462211118051,0.46751423611111115,0.416875,0.416875,400,580,460,1.45,1.15,621.46,162.12,87,PEI01-GY,0,,,ON,False
2026-06-11,,IM1,2,,SD,,,0,,0,0,0,0,0,,,,,,0,0,0,0,0,0,0,0,0,0,0,0,0,0,0,0,0,0,0,0,0,,,SD,False
2026-06-11,,IM10,3,1:00AM,J34A HG BRACKET A,1036026,,5765,700,0,6.708333333333333,34.5,4.861111111111112,3.1388888888888884,,,35,1215a,500,490,490,10,10,0.02,0.9857142857142858,0.9857142857142858,492.8571428571429,0.4340277777777778,0.41927083333333337,0.41927083333333337,1400,1000,980,0.7142857142857143,0.7,0,0,341.05,PAM01-BK,0,,,ON,False
2026-06-11,,IM10,1,9:00AM,890B CHL-LED Cover HG,1035924,,5417,600,0,6,36,4.9671111111111115,1.1467777777777775,,,35.2,8a,508,504,504,4,4,0.007874015748031496,1.0227272727272727,1.0227272727272727,519.5454545454545,1.0022837500000001,1.0169915645132428,1.0169915645132428,1200,1016,1008,0.8466666666666667,0.84,0,0,167.132,PP018-BK,0,,,ON,True
2026-06-11,,IM10,1,,J34A HG BRACKET A,,,5765,,0,0,34.5,1.8861111111111113,-2.6983916666666676,,,35,ongoing,194,194,194,0,0,0,0.9857142857142858,0.9857142857142858,191.22857142857143,1.83042794921875,1.8042789785156252,1.8042789785156252,0,388,388,194,194,0,0,132.3274,PAM01-BK,0,,,ON,True
2026-06-11,,IM10,2,,890B CHL-LED Cover HG,,,5417,800,0,8,36,8.812280555555557,-0.8122805555555566,,,35.21,ongoing,901,901,901,0,0,0,1.022436807725078,1.022436807725078,921.2155637602954,1.2406038719618058,1.2684390625000002,1.2684390625000002,1600,1802,1802,1.12625,1.12625,0,0,296.42900000000003,PP018-BK,0,,,ON,False
2026-06-11,,IM11,3,ONGOING,01OB Bezel Plug,1035648,,1943,800,21.333333333333332,7.777777777777778,35,5.680000000000001,2.3199999999999994,,,36,ongoing,568,2272,2272,0,0,0,0.9722222222222222,0.9722222222222222,552.2222222222222,0.5041,0.4900972222222222,0.4900972222222222,6400,4544,4544,0.71,0.71,436.224,0,172.50160000000002,ABS07-BK,0,,,ON,False
2026-06-11,,IM11,1,,01OB Bezel Plug,,,1943,800,21.333333333333332,7.777777777777778,35,7.52,0.4800000000000004,,,36,ongoing,752,3008,3008,0,0,0,0.9722222222222222,0.9722222222222222,731.1111111111111,0.8835999999999999,0.8590555555555555,0.8590555555555555,6400,6016,6016,0.94,0.94,577.5360000000001,0,228.38240000000002,ABS07-BK,0,,,ON,False
2026-06-11,,IM11,2,,01OB Bezel Plug,,,1943,800,21.333333333333332,7.777777777777778,35,10.49,-2.49,,,36,ongoing,1049,4196,4196,0,0,0,0.9722222222222222,0.9722222222222222,1019.8611111111111,1.7193765625,1.6716161024305554,1.6716161024305554,6400,8392,8392,1.31125,1.31125,805.6320000000001,0,318.5813,ABS07-BK,0,,,ON,False
2026-06-11,,IM12,3,,SD,,,0,,0,0,0,0,0,,,,,,0,0,0,0,0,0,0,0,0,0,0,0,0,0,0,0,0,0,0,0,0,,,SD,False
2026-06-11,,IM12,1,,SD,,,0,,0,0,0,0,0,,,,,,0,0,0,0,0,0,0,0,0,0,0,0,0,0,0,0,0,0,0,0,0,,,SD,False
2026-06-11,,IM12,2,,150B CHL BG Shade A,,,M05175,,0,0,24,8.266666666666667,-0.2666666666666675,,had to move here for press 2 being broke.,24,3p,1240,1230,1230,10,10,0.008064516129032258,1,1,1240,0,0,0,0,2480,2460,1240,1230,799.5,6.5,186,PP025-BK,0,,,ON,False
2026-06-11,,IM14,3,12:30AM,T90A CHL EXTENSION B,1027240,,MO6519,600,40,5.666666666666667,34,6.326666666666667,1.673333333333333,,,35.04,1115p,650,640,640,10,10,0.015384615384615385,0.9703196347031964,0.9703196347031964,630.7077625570777,0.8567361111111113,0.8185185185185188,0.8185185185185188,1200,1300,1280,1.0833333333333333,1.0666666666666667,555.52,8.68,192.39999999999998,PC003-BK,0,,,ON,False
2026-06-11,,IM14,1,,T90A CHL EXTENSION B,,,MO6519,800,53.333333333333336,7.555555555555555,34,7.786666666666666,0.21333333333333382,,,35.04,ongoing,800,800,800,0,0,0,0.9703196347031964,0.9703196347031964,776.2557077625571,0.9733333333333333,0.9444444444444444,0.9444444444444444,1600,1600,1600,1,1,694.4,0,236.79999999999998,PC003-BK,0,,,ON,False
2026-06-11,,IM14,2,,T90A CHL EXTENSION B,,,MO6519,800,53.333333333333336,7.555555555555555,34,7.488249999999999,0.511750000000001,,,35.01,ongoing,770,770,770,0,0,0,0.9711510996858042,0.9711510996858042,747.7863467580692,0.9009300781249999,0.8749392361111111,0.8749392361111111,1600,1540,1540,0.9625,0.9625,668.36,0,227.92,PC003-BK,0,,,ON,False
2026-06-11,,IM15,3,,U625 REFLEX REFLECTOR,,,MO8085,,0,0,33,7.062222222222222,0.9377777777777778,,,31.78,ongoing,800,800,800,0,0,0,1.038388923851479,1.038388923851479,830.7111390811832,0,0,0,0,1600,1600,800,800,617.6,0,123.27999999999999,PMMA01-AM,0,,,ON,False
2026-06-11,,IM15,1,,U625 REFLEX REFLECTOR,,,MO8085,,0,0,33,2.3658444444444444,1.6616555555555554,,,31.78,ongoing,268,268,268,0,0,0,1.038388923851479,1.038388923851479,278.2882315921964,0,0,0,0,536,536,268,268,206.89600000000002,0,41.2988,PMMA01-AM,0,,,ON,True
2026-06-11,,IM15,1,,U625 REFLEX REFLECTOR,,,MO8085,,0,0,33,3.9725000000000006,0.5405277777777768,,counter reset when told to pause it for no pack.,31.78,,450,450,450,0,0,0,1.038388923851479,1.038388923851479,467.27501573316556,0,0,0,0,900,900,450,450,347.40000000000003,0,69.345,PMMA01-AM,0,,,ON,True
2026-06-11,,IM15,2,,U625 REFLEX REFLECTOR,,,MO8085,,0,0,33,3.4869722222222226,4.513027777777777,,,31.78,ongoing,395,395,395,0,0,0,1.038388923851479,1.038388923851479,410.1636249213342,0,0,0,0,790,790,395,395,304.94,0,60.869499999999995,PMMA01-AM,0,,,ON,False
2026-06-11,,IM16,3,,SD,,,0,,0,0,0,0,0,,,,,,0,0,0,0,0,0,0,0,0,0,0,0,0,0,0,0,0,0,0,0,0,,,SD,False
2026-06-11,,IM16,1,,SD,,,0,,0,0,0,0,0,,,,,,0,0,0,0,0,0,0,0,0,0,0,0,0,0,0,0,0,0,0,0,0,,,SD,False
2026-06-11,,IM16,2,,SD,,,0,,0,0,0,0,0,,,,,,0,0,0,0,0,0,0,0,0,0,0,0,0,0,0,0,0,0,0,0,0,,,SD,False
2026-06-11,,IM17,3,,SD,,,0,,0,0,0,0,0,,,,,,0,0,0,0,0,0,0,0,0,0,0,0,0,0,0,0,0,0,0,0,0,,,SD,False
2026-06-11,,IM17,1,,SD,,,0,,0,0,0,0,0,,,,,,0,0,0,0,0,0,0,0,0,0,0,0,0,0,0,0,0,0,0,0,0,,,SD,False
2026-06-11,,IM17,2,,SD,,,0,,0,0,0,0,0,,,,,,0,0,0,0,0,0,0,0,0,0,0,0,0,0,0,0,0,0,0,0,0,,,SD,False
2026-06-11,,IM18,3,,SD,,,0,,0,0,0,0,0,,,,,,0,0,0,0,0,0,0,0,0,0,0,0,0,0,0,0,0,0,0,0,0,,,SD,False
2026-06-11,,IM18,1,,SD,,,0,,0,0,0,0,0,,,,,,0,0,0,0,0,0,0,0,0,0,0,0,0,0,0,0,0,0,0,0,0,,,SD,False
2026-06-11,,IM18,2,,SD,,,0,,0,0,0,0,0,,,,,,0,0,0,0,0,0,0,0,0,0,0,0,0,0,0,0,0,0,0,0,0,,,SD,False
2026-06-11,,IM19,3,11:30PM,T1XL FASCIA BRACKET 1,1037550,,TNL 737,400,0,6.111111111111111,55,6.268472222222223,1.731527777777777,,,41.03,11p,550,550,550,0,0,0,1.3404825737265416,1.3404825737265416,737.2654155495978,1.0773936631944445,1.4442274305555556,1.4442274305555556,800,1100,1100,1.375,1.375,781,0,128.645,PP028-BK,0,,,ON,False
2026-06-11,,IM19,1,,T1XL FASCIA BRACKET 1,,,TNL 737,500,0,7.638888888888889,55,7.408194444444445,0.5918055555555553,,,41.03,ongoing,650,650,650,0,0,0,1.3404825737265416,1.3404825737265416,871.3136729222521,1.2038315972222222,1.6137152777777777,1.6137152777777777,1000,1300,1300,1.3,1.3,923,0,152.035,PP028-BK,0,,,ON,False
2026-06-11,,IM19,2,,T1XL FASCIA BRACKET 1,,,TNL 737,500,0,7.638888888888889,55,10.154925,-2.1549250000000004,,,41.03,ongoing,891,891,891,0,0,0,1.3404825737265416,1.3404825737265416,1194.3699731903484,2.26200954375,3.032184375,3.032184375,1000,1782,1782,1.782,1.782,1265.22,0,208.4049,PP028-BK,0,,,ON,False
2026-06-11,,IM2,3,,SD,,,0,,0,0,0,0,0,,,,,,0,0,0,0,0,0,0,0,0,0,0,0,0,0,0,0,0,0,0,0,0,,,SD,False
2026-06-11,,IM2,1,7:00AM,150B CHL BG Shade A,1035664,,M05175,1100,44,7.333333333333333,24,0,8,,issues with barrel movement moving tool to press 12,,,,0,0,0,0,0,0,0,0,0,0,0,2200,0,0,0,0,0,0,0,PP025-BK,0,,,ON,False
2026-06-11,,IM2,2,,150B CHL BG Shade A,,,M05175,1100,44,7.333333333333333,24,0,8,,,,,,0,0,0,0,0,0,0,0,0,0,0,2200,0,0,0,0,0,0,0,PP025-BK,0,,,ON,False
2026-06-11,,IM3,3,ONGOING,L42P(2) HL Reflector A (REV ---),1035338,,4385,600,0,6.333333333333333,38,2.4597222222222226,5.540277777777778,,,35,ongoing,253,253,253,0,0,0,1.0857142857142856,1.0857142857142856,274.68571428571425,0.1296478587962963,0.1407605324074074,0.1407605324074074,1200,506,506,0.4216666666666667,0.4216666666666667,0,0,188.0549,PC003-BK,0,,,ON,False
2026-06-11,,IM3,1,7:30AM,L42P RCL Shade,1037348,,M04373,1000,40,6.666666666666667,24,8.700999999999999,-0.7009999999999987,,,23.73,430a,1320,1320,1320,0,0,0,1.011378002528445,1.011378002528445,1335.0189633375473,1.4356649999999997,1.4519999999999995,1.4519999999999995,2000,2640,2640,1.32,1.32,2587.2,0,388.08,PC006-GY,0,,,ON,False
2026-06-11,,IM3,2,,L42P RCL Shade,,,M04373,1200,48,8,24,10.098433333333332,-2.0984333333333325,,,23.73,ongoing,1532,1532,1532,0,0,0,1.011378002528445,1.011378002528445,1549.4310998735775,1.6115416527777775,1.6298777777777773,1.6298777777777773,2400,3064,3064,1.2766666666666666,1.2766666666666666,3002.72,0,450.40799999999996,PC006-GY,0,,,ON,False
2026-06-11,,IM4,3,11:00PM,31CG Inner Lens,1035742,,M643,800,26.666666666666668,7.777777777777778,35,4.861111111111112,3.1388888888888884,,,35,12a,500,495,495,5,5,0.01,1,1,500,0.3797743055555556,0.3759765625,0.3759765625,1600,1000,990,0.625,0.61875,818.7299999999999,8.27,156,PC028-RED,0,,,ON,False
2026-06-11,,IM4,1,,31CG Inner Lens,,,M643,800,26.666666666666668,7.777777777777778,35,7.132144444444445,0.8678555555555549,,,34.28,ongoing,749,749,749,0,0,0,1.0210035005834306,1.0210035005834306,764.7316219369895,0.8346837795138891,0.8522150607638891,0.8522150607638891,1600,1498,1498,0.93625,0.93625,1238.846,0,233.688,PC028-RED,0,,,ON,False
2026-06-11,,IM4,2,4:00PM,L42P BUL Refl,1037325,,M04264,700,116.66666666666667,6.222222222222222,32,0,3.2293666666666665,,Tool had to be taken to tool room.,,,,0,0,0,0,0,0,0,0,0.4268013035714286,0,0,1400,0,0,0,0,0,0,0,PC001-GY,0,,,ON,True
2026-06-11,,IM4,2,,31CG Inner Lens,,,M643,,0,0,35,4.7706333333333335,3.2293666666666665,,,34.28,ongoing,501,501,501,0,0,0,1.0210035005834306,1.0210035005834306,511.5227537922987,0,0,0,0,1002,1002,501,501,828.654,0,156.312,PC028-RED,0,,,ON,True
2026-06-11,,IM5,3,,SD,,,0,,0,0,0,0,0,,,,,,0,0,0,0,0,0,0,0,0,0,0,0,0,0,0,0,0,0,0,0,0,,,SD,False
2026-06-11,,IM5,1,,SD,,,0,,0,0,0,0,0,,,,,,0,0,0,0,0,0,0,0,0,0,0,0,0,0,0,0,0,0,0,0,0,,,SD,False
2026-06-11,,IM5,2,,SD,,,0,,0,0,0,0,0,,,,,,0,0,0,0,0,0,0,0,0,0,0,0,0,0,0,0,0,0,0,0,0,,,SD,False
2026-06-11,,IM6,3,ONGOING,311 D Bezel Plug,1026425,,0,800,0,7.777777777777778,35,5.788055555555556,0,,Ejectors binding up no mold maaint.,31.1,ongoing,670,2680,2680,0,0,0,1.12540192926045,1.12540192926045,754.0192926045015,0.6059370659722223,0.6819227430555556,0.6819227430555556,6400,5360,5360,0.8375,0.8375,0,0,214.4,ABS07-BK,0,,,ON,False
2026-06-11,,IM6,1,,311 D Bezel Plug,,,0,800,0,7.777777777777778,35,7.446722222222223,0,,,31.1,ongoing,862,3448,3448,0,0,0,1.12540192926045,1.12540192926045,970.0964630225079,1.0029803993055557,1.1287560763888889,1.1287560763888889,6400,6896,6896,1.0775,1.0775,0,0,275.84000000000003,ABS07-BK,0,,,ON,False
2026-06-11,,IM6,2,,311 D Bezel Plug,,,0,800,0,7.777777777777778,35,10.513527777777778,0,,,31.1,ongoing,1217,4868,4868,0,0,0,1.12540192926045,1.12540192926045,1369.6141479099676,1.9992130164930555,2.2499181857638884,2.2499181857638884,6400,9736,9736,1.52125,1.52125,0,0,389.44,ABS07-BK,0,,,ON,False
2026-06-11,,IM7,3,ONGOING,T90A RCL Extension A,1034776,,MO5772,700,93.33333333333333,7.583333333333333,39,5.508111111111111,2.491888888888889,,,35.6,ongoing,557,557,557,0,0,0,1.095505617977528,1.095505617977528,610.1966292134831,0.5478603373015872,0.6001840773809523,0.6001840773809523,1400,1114,1114,0.7957142857142857,0.7957142857142857,797.6239999999999,0,300.78000000000003,PC003-BK,0,,,ON,False
2026-06-11,,IM7,1,8:30AM,P33A FCL Base C,1037370,,5549,500,0,6.527777777777778,47,2.049013888888889,2.7964305555555553,,,47.59,1030a,155,310,310,0,0,0,0.9876024374868669,0.9876024374868669,153.0783778104644,0.6166229791666668,0.6089783572354136,0.6089783572354136,2000,620,620,0.31,0.31,0,0,106.0665,PC017-WT,0,,,ON,True
2026-06-11,,IM7,1,,T90A RCL Extension A,,,MO5772,,0,0,39,3.1545555555555556,-5.730111111111112,,,35.6,ongoing,319,319,319,0,0,0,1.095505617977528,1.095505617977528,349.4662921348314,3.200832152777778,3.5065296055711612,3.5065296055711612,0,638,638,319,319,456.808,0,172.26000000000002,PC003-BK,0,,,ON,True
2026-06-11,,IM7,2,,P33A FCL Base C,,,5549,600,0,7.833333333333333,47,10.575555555555557,-2.5755555555555567,,,47.59,ongoing,800,1600,1600,0,0,0,0.9876024374868669,0.9876024374868669,790.0819499894935,1.7625925925925927,1.7407407407407407,1.7407407407407407,2400,3200,3200,1.3333333333333333,1.3333333333333333,0,0,547.44,PC017-WT,0,,,ON,False
2026-06-11,,IM8,3,,SD,,,0,,0,0,0,0,0,,,,,,0,0,0,0,0,0,0,0,0,0,0,0,0,0,0,0,0,0,0,0,0,,,SD,False
2026-06-11,,IM8,1,,SD,,,0,,0,0,0,0,0,,,,,,0,0,0,0,0,0,0,0,0,0,0,0,0,0,0,0,0,0,0,0,0,,,SD,False
2026-06-11,,IM8,2,,SD,,,0,,0,0,0,0,0,,,,,,0,0,0,0,0,0,0,0,0,0,0,0,0,0,0,0,0,0,0,0,0,,,SD,False
2026-06-11,,IM9,3,12:00AM,H61P RCL-LED Refl B,1035990,,528,600,40,6.833333333333333,41,7.360347222222221,0.639652777777779,,,34.19,11p,775,775,775,0,0,0,1.1991810470897923,1.1991810470897923,929.365311494589,1.1883893952546296,1.4250940393518519,1.4250940393518519,1200,1550,1550,1.2916666666666667,1.2916666666666667,1224.5,0,257.3,PC017-WT,0,,,ON,False
2026-06-11,,IM9,1,,H61P RCL-LED Refl B,,,528,700,46.666666666666664,7.972222222222222,41,9.274444444444445,-1.2744444444444447,,Issues with burning/discolor.,34,ongoing,982,922,922,60,60,0.06109979633401222,1.2058823529411764,1.2058823529411764,1184.1764705882351,1.6263400793650795,1.8413474206349207,1.8413474206349207,1400,1964,1844,1.4028571428571428,1.3171428571428572,1456.76,94.80000000000001,326.024,PC017-WT,0,,,ON,False
2026-06-11,,IM9,2,4:30PM,T90A RCL Reflector A,1028168,,MO5774,500,125,5.555555555555555,40,6.026166666666666,1.9738333333333342,,waiting on PC001 to dry. Issues with slides.,41.8,515p,519,511,511,8,8,0.015414258188824663,0.9569377990430623,0.9569377990430623,496.65071770334936,0.7818951249999999,0.7366916666666666,0.7366916666666666,1000,1038,1022,1.038,1.022,1089.452,17.056,336.312,PC001-GY,0,,,ON,False
2026-06-12,,IM1,3,,SD,,,0,,0,0,0,0,0,,,,,,0,0,0,0,0,0,0,0,0,0,0,0,0,0,0,0,0,0,0,0,0,,,SD,False
2026-06-12,,IM1,1,,SD,,,0,,0,0,0,0,0,,,,,,0,0,0,0,0,0,0,0,0,0,0,0,0,0,0,0,0,0,0,0,0,,,SD,False
2026-06-12,,IM1,2,,SD,,,0,,0,0,0,0,0,,,,,,0,0,0,0,0,0,0,0,0,0,0,0,0,0,0,0,0,0,0,0,0,,,SD,False
2026-06-12,,IM10,3,11:30PM,31CC Reflector Turn,1039036,,TNL 620,600,60,6.666666666666667,40,0,8,,,,1100p,625,625,625,0,0,0,0,0,0,0,0,0,1200,1250,1250,1.0416666666666667,1.0416666666666667,1016.2499999999999,0,183.75,PBT05-BK,0,,,ON,False
2026-06-12,,IM10,1,,31CC Reflector Turn,,,TNL 620,700,70,7.777777777777778,40,0,8,,,,ongoing,775,775,775,0,0,0,0,0,0,0,0,0,1400,1550,1550,1.1071428571428572,1.1071428571428572,1260.1499999999999,0,227.85,PBT05-BK,0,,,ON,False
2026-06-12,,IM10,2,,31CC Reflector Turn,,,TNL 620,700,70,7.777777777777778,40,4.882533333333333,3.117466666666667,,Stopped for WIP,33.29,ongoing,528,528,528,0,0,0,1.2015620306398318,1.2015620306398318,634.4247521778312,0.4603531428571428,0.553142857142857,0.553142857142857,1400,1056,1056,0.7542857142857143,0.7542857142857143,858.5279999999999,0,155.232,PBT05-BK,0,,,ON,False
2026-06-12,,IM11,3,ONGOING,01OB Bezel Plug,1035648,,1943,800,21.333333333333332,7.777777777777778,35,0,8,,,,ongoing,574,2296,2296,0,0,0,0,0,0,0,0,0,6400,4592,4592,0.7175,0.7175,440.832,0,174.3238,ABS07-BK,0,,,ON,False
2026-06-12,,IM11,1,,01OB Bezel Plug,,,1943,800,21.333333333333332,7.777777777777778,35,7.223222222222222,0.7767777777777782,,,35.14,ongoing,740,2960,2960,0,0,0,0.9960159362549801,0.9960159362549801,737.0517928286853,0.8351850694444444,0.8318576388888889,0.8318576388888889,6400,5920,5920,0.925,0.925,568.32,0,224.73800000000003,ABS07-BK,0,,,ON,False
2026-06-12,,IM11,2,,01OB Bezel Plug,,,1943,800,21.333333333333332,7.777777777777778,35,9.246402777777778,-1.246402777777778,,,35.15,ongoing,947,3788,3788,0,0,0,0.9957325746799431,0.9957325746799431,942.9587482219061,1.3681786610243056,1.362340060763889,1.362340060763889,6400,7576,7576,1.18375,1.18375,727.296,0,287.6039,ABS07-BK,0,,,ON,False
2026-06-12,,IM12,3,ONGOING,150B CHL BG Shade A,1035664,,M05175,1100,44,7.333333333333333,24,0,8,,,,ongoing,810,810,810,0,0,0,0,0,0,0,0,0,2200,1620,1620,0.7363636363636363,0.7363636363636363,526.5,0,121.5,PP025-BK,0,,,ON,False
2026-06-12,,IM12,1,9:00AM,J34A BG BRACKET A,1037910,,5764,600,0,5.75,34.5,0,8,,,,900a,269,269,269,0,0,0,0,0,0,0,0,0,1200,538,538,0.4483333333333333,0.4483333333333333,0,0,120.91550000000001,PAM01-BK,0,,,ON,True
2026-06-12,,IM12,1,,150B CHL BG Shade A,,,M05175,,0,0,24,0,8,,,,ongoing,453,453,453,0,0,0,0,0,0,0,0,0,0,906,906,453,453,294.45,0,67.95,PP025-BK,0,,,ON,True
2026-06-12,,IM12,2,,J34A BG BRACKET A,,,5764,800,0,7.666666666666667,34.5,0,8,,,,ongoing,856,856,856,0,0,0,0,0,0,0,0,0,1600,1712,1712,1.07,1.07,0,0,384.772,PAM01-BK,0,,,ON,False
2026-06-12,,IM14,3,12:00AM,L42P(2) HL  Inner Lens B,1039205,,7698,500,0,6.666666666666667,48,0,8,,,,1100p,600,600,600,0,0,0,0,0,0,0,0,0,1000,1200,1200,1.2,1.2,0,0,261.5118,PC030-NC,0,,,ON,False
2026-06-12,,IM14,1,,L42P(2) HL  Inner Lens B,,,7698,600,0,8,48,7.220705555555556,0.7792944444444441,,,38.74,ongoing,671,671,671,0,0,0,1.23902942694889,1.23902942694889,831.3887454827052,1.0093944641203705,1.2506694444444446,1.2506694444444446,1200,1342,1342,1.1183333333333334,1.1183333333333334,0,0,292.457363,PC030-NC,0,,,ON,False
2026-06-12,,IM14,2,,L42P(2) HL  Inner Lens B,,,7698,600,0,8,48,9.256944444444445,-1.2569444444444446,,,38.75,ongoing,860,860,860,0,0,0,1.238709677419355,1.238709677419355,1065.2903225806451,1.6585358796296297,2.0544444444444445,2.0544444444444445,1200,1720,1720,1.4333333333333333,1.4333333333333333,0,0,374.83358,PC030-NC,0,,,ON,False
2026-06-12,,IM15,3,,SD,,,0,,0,0,0,0,0,,,,,,0,0,0,0,0,0,0,0,0,0,0,0,0,0,0,0,0,0,0,0,0,,,SD,False
2026-06-12,,IM15,1,,SD,,,0,,0,0,0,0,0,,,,,,0,0,0,0,0,0,0,0,0,0,0,0,0,0,0,0,0,0,0,0,0,,,SD,False
2026-06-12,,IM15,2,,SD,,,0,,0,0,0,0,0,,,,,,0,0,0,0,0,0,0,0,0,0,0,0,0,0,0,0,0,0,0,0,0,,,SD,False
2026-06-12,,IM16,3,,SD,,,0,,0,0,0,0,0,,,,,,0,0,0,0,0,0,0,0,0,0,0,0,0,0,0,0,0,0,0,0,0,,,SD,False
2026-06-12,,IM16,1,,SD,,,0,,0,0,0,0,0,,,,,,0,0,0,0,0,0,0,0,0,0,0,0,0,0,0,0,0,0,0,0,0,,,SD,False
2026-06-12,,IM16,2,,SD,,,0,,0,0,0,0,0,,,,,,0,0,0,0,0,0,0,0,0,0,0,0,0,0,0,0,0,0,0,0,0,,,SD,False
2026-06-12,,IM17,3,,SD,,,0,,0,0,0,0,0,,,,,,0,0,0,0,0,0,0,0,0,0,0,0,0,0,0,0,0,0,0,0,0,,,SD,False
2026-06-12,,IM17,1,,SD,,,0,,0,0,0,0,0,,,,,,0,0,0,0,0,0,0,0,0,0,0,0,0,0,0,0,0,0,0,0,0,,,SD,False
2026-06-12,,IM17,2,,SD,,,0,,0,0,0,0,0,,,,,,0,0,0,0,0,0,0,0,0,0,0,0,0,0,0,0,0,0,0,0,0,,,SD,False
2026-06-12,,IM18,3,,SD,,,0,,0,0,0,0,0,,,,,,0,0,0,0,0,0,0,0,0,0,0,0,0,0,0,0,0,0,0,0,0,,,SD,False
2026-06-12,,IM18,1,,SD,,,0,,0,0,0,0,0,,,,,,0,0,0,0,0,0,0,0,0,0,0,0,0,0,0,0,0,0,0,0,0,,,SD,False
2026-06-12,,IM18,2,,SD,,,0,,0,0,0,0,0,,,,,,0,0,0,0,0,0,0,0,0,0,0,0,0,0,0,0,0,0,0,0,0,,,SD,False
2026-06-12,,IM19,3,ONGOING,T1XL FASCIA BRACKET 1,1037550,,TNL 737,500,0,7.638888888888889,55,0,8,,,,ongoing,433,433,433,0,0,0,0,0,0,0,0,0,1000,866,866,0.866,0.866,614.86,0,101.2787,PP028-BK,0,,,ON,False
2026-06-12,,IM19,1,,T1XL FASCIA BRACKET 1,,,TNL 737,500,0,7.638888888888889,55,1.8554166666666667,6.144583333333333,,,44.53,1115a,150,150,150,0,0,0,1.2351223894004042,1.2351223894004042,185.26835841006064,0.069578125,0.0859375,0.0859375,1000,300,300,0.3,0.3,213,0,35.085,PP028-BK,0,,,ON,False
2026-06-12,,IM19,2,4:00PM,T1XL FASCIA BRACKET 2,1037550,,729,400,0,6.111111111111111,55,8.254124999999998,-0.2541249999999984,,,44.55,ongoing,667,667,667,0,0,0,1.234567901234568,1.234567901234568,823.4567901234569,1.7204691796874996,2.124036024305555,2.124036024305555,800,1334,1334,1.6675,1.6675,1159.246,0,331.499,PP028-BK,0,,,ON,False
2026-06-12,,IM2,3,,SD,,,0,,0,0,0,0,0,,,,,,0,0,0,0,0,0,0,0,0,0,0,0,0,0,0,0,0,0,0,0,0,,,SD,False
2026-06-12,,IM2,1,,SD,,,0,,0,0,0,0,0,,,,,,0,0,0,0,0,0,0,0,0,0,0,0,0,0,0,0,0,0,0,0,0,,,SD,False
2026-06-12,,IM2,2,,SD,,,0,,0,0,0,0,0,,,,,,0,0,0,0,0,0,0,0,0,0,0,0,0,0,0,0,0,0,0,0,0,,,SD,False
2026-06-12,,IM3,3,ONGOING,L42P RCL Shade,1037348,,M04373,900,36,6,24,0,8,,,,ongoing,430,430,430,0,0,0,0,0,0,0,0,0,1800,860,860,0.4777777777777778,0.4777777777777778,842.8,0,126.41999999999999,PC006-GY,0,,,ON,False
2026-06-12,,IM3,1,7:30AM,550B RCL-LED Ext. B,1039065,,M05326,1000,142.85714285714286,6.388888888888889,23,0,8,,,,400a,1230,1230,1230,0,0,0,0,0,0,0,0,0,2000,2460,2460,1.23,1.23,661.74,0,135.054,PC018-BK,0,,,ON,False
2026-06-12,,IM3,2,,550B RCL-LED Ext. B,,,M05326,,0,0,23,0,8,,Stopped fpr WIP,,ongoing,569,569,569,0,0,0,0,0,0,0,0,0,0,1138,1138,569,569,306.122,0,62.4762,PC018-BK,0,,,ON,False
2026-06-12,,IM4,3,ONGOING,L42P BUL Refl,1037325,,M04264,700,116.66666666666667,6.222222222222222,32,0,8,,,,,,0,0,0,0,0,0,0,0,0,0,0,1400,0,0,0,0,0,0,0,PC001-GY,0,,,ON,False
2026-06-12,,IM4,1,,L42P BUL Refl,,,M04264,700,116.66666666666667,6.222222222222222,32,0,8,,,,,,0,0,0,0,0,0,0,0,0,0,0,1400,0,0,0,0,0,0,0,PC001-GY,0,,,ON,True
2026-06-12,,IM4,1,,T90A RCL INNER LENS B,,,MO5778,,0,0,33,0,8,,,,,1625,1625,1625,0,0,0,0,0,0,0,0,0,0,3250,3250,1625,1625,1404,0,373.75,PC011-NC,0,,,ON,True
2026-06-12,,IM4,2,3:30PM,T90A RCL INNER LENS B,1032941,,MO5778,700,58.333333333333336,6.416666666666667,33,0,8,,,,ongoing,286,286,286,0,0,0,0,0,0,0,0,0,1400,572,572,0.4085714285714286,0.4085714285714286,247.10399999999998,0,65.78,PC011-NC,0,,,ON,False
2026-06-12,,IM5,3,,SD,,,0,,0,0,0,0,0,,,,,,0,0,0,0,0,0,0,0,0,0,0,0,0,0,0,0,0,0,0,0,0,,,SD,False
2026-06-12,,IM5,1,,SD,,,0,,0,0,0,0,0,,,,,,0,0,0,0,0,0,0,0,0,0,0,0,0,0,0,0,0,0,0,0,0,,,SD,False
2026-06-12,,IM5,2,,SD,,,0,,0,0,0,0,0,,,,,,0,0,0,0,0,0,0,0,0,0,0,0,0,0,0,0,0,0,0,0,0,,,SD,False
2026-06-12,,IM6,3,ONGOING,311 D Bezel Plug,1026425,,0,800,0,7.777777777777778,35,0,0,,,,ongoing,665,2660,2660,0,0,0,0,0,0,0,0,0,6400,5320,5320,0.83125,0.83125,0,0,212.8,ABS07-BK,0,,,ON,False
2026-06-12,,IM6,1,,311 D Bezel Plug,,,0,800,0,7.777777777777778,35,0,0,,,,ongoing,650,2600,2600,0,0,0,0,0,0,0,0,0,6400,5200,5200,0.8125,0.8125,0,0,208,ABS07-BK,0,,,ON,False
2026-06-12,,IM6,2,,311 D Bezel Plug,,,0,800,0,7.777777777777778,35,0,0,,,,ongoing,1262,5048,5048,0,0,0,0,0,0,0,0,0,6400,10096,10096,1.5775,1.5775,0,0,403.84000000000003,ABS07-BK,0,,,ON,False
2026-06-12,,IM7,3,ONGOING,P33A FCL Base C,1033554,,5549,400,0,5.222222222222222,47,0,8,,,,ongoing,544,1088,1088,0,0,0,0,0,0,0,0,0,1600,2176,2176,1.36,1.36,0,0,372.2592,PC017-WT,0,,,ON,False
2026-06-12,,IM7,1,7:00AM,550B RCL-LED Reflector,1039066,,MO5239,600,120,5.833333333333333,35,0,8,,Platen ring had to be cleaned for tool to sit flush,,830a,483,483,483,0,0,0,0,0,0,0,0,0,1200,966,966,0.805,0.805,905.142,0,301.392,PC018-BK,0,,,ON,False
2026-06-12,,IM7,2,,550B RCL-LED Reflector,,,MO5239,600,120,5.833333333333333,35,0,8,,Stopped for WIP,,ongoing,458,458,458,0,0,0,0,0,0,0,0,0,1200,916,916,0.7633333333333333,0.7633333333333333,858.292,0,285.792,PC018-BK,0,,,ON,False
2026-06-12,,IM8,3,,SD,,,0,,0,0,0,0,0,,,,,,0,0,0,0,0,0,0,0,0,0,0,0,0,0,0,0,0,0,0,0,0,,,SD,False
2026-06-12,,IM8,1,,SD,,,0,,0,0,0,0,0,,,,,,0,0,0,0,0,0,0,0,0,0,0,0,0,0,0,0,0,0,0,0,0,,,SD,False
2026-06-12,,IM8,2,,SD,,,0,,0,0,0,0,0,,,,,,0,0,0,0,0,0,0,0,0,0,0,0,0,0,0,0,0,0,0,0,0,,,SD,False
2026-06-12,,IM9,3,ONGOING,T90A RCL Reflector A,1028168,,MO5774,500,125,5.555555555555555,40,0,8,,,,ongoing,461,461,461,0,0,0,0,0,0,0,0,0,1000,922,922,0.922,0.922,982.8520000000001,0,298.728,PC001-GY,0,,,ON,False
2026-06-12,,IM9,1,,T90A RCL Reflector A,,,MO5774,400,100,4.444444444444445,40,6.202349999999999,1.7976500000000009,,,41.58,ongoing,537,537,537,0,0,0,0.9620009620009621,0.9620009620009621,516.5945165945167,1.040831859375,1.00128125,1.00128125,800,1074,1074,1.3425,1.3425,1144.884,0,347.976,PC001-GY,0,,,ON,False
2026-06-12,,IM9,2,3:00PM,NX4OB RCO Stop Ref,1039454,,902,500,0,5.555555555555555,40,0,8,,,,300p,513,513,513,0,0,0,0,0,0,0,0,0,1000,1026,1026,1.026,1.026,794.2565860662017,0,286.254,PBT02-DGY,0,,,ON,False
2026-06-13,,IM1,3,,SD,,,0,,0,0,0,0,0,,,,,,0,0,0,0,0,0,0,0,0,0,0,0,0,0,0,0,0,0,0,0,0,,,SD,False
2026-06-13,,IM1,1,,SD,,,0,,0,0,0,0,0,,,,,,0,0,0,0,0,0,0,0,0,0,0,0,0,0,0,0,0,0,0,0,0,,,SD,False
2026-06-13,,IM1,2,,SD,,,0,,0,0,0,0,0,,,,,,0,0,0,0,0,0,0,0,0,0,0,0,0,0,0,0,0,0,0,0,0,,,SD,False
2026-06-13,,IM10,3,,SD,,,0,,0,0,0,0,0,,,,,,0,0,0,0,0,0,0,0,0,0,0,0,0,0,0,0,0,0,0,0,0,,,SD,False
2026-06-13,,IM10,1,,SD,,,0,,0,0,0,0,0,,,,,,0,0,0,0,0,0,0,0,0,0,0,0,0,0,0,0,0,0,0,0,0,,,SD,False
2026-06-13,,IM10,2,,SD,,,0,,0,0,0,0,0,,,,,,0,0,0,0,0,0,0,0,0,0,0,0,0,0,0,0,0,0,0,0,0,,,SD,False
2026-06-13,,IM11,3,,SD,,,0,,0,0,0,0,0,,,,,,0,0,0,0,0,0,0,0,0,0,0,0,0,0,0,0,0,0,0,0,0,,,SD,False
2026-06-13,,IM11,1,,SD,,,0,,0,0,0,0,0,,,,,,0,0,0,0,0,0,0,0,0,0,0,0,0,0,0,0,0,0,0,0,0,,,SD,False
2026-06-13,,IM11,2,,SD,,,0,,0,0,0,0,0,,,,,,0,0,0,0,0,0,0,0,0,0,0,0,0,0,0,0,0,0,0,0,0,,,SD,False
2026-06-13,,IM12,3,,SD,,,0,,0,0,0,0,0,,,,,,0,0,0,0,0,0,0,0,0,0,0,0,0,0,0,0,0,0,0,0,0,,,SD,False
2026-06-13,,IM12,1,,SD,,,0,,0,0,0,0,0,,,,,,0,0,0,0,0,0,0,0,0,0,0,0,0,0,0,0,0,0,0,0,0,,,SD,False
2026-06-13,,IM12,2,,SD,,,0,,0,0,0,0,0,,,,,,0,0,0,0,0,0,0,0,0,0,0,0,0,0,0,0,0,0,0,0,0,,,SD,False
2026-06-13,,IM14,3,,SD,,,0,,0,0,0,0,0,,,,,,0,0,0,0,0,0,0,0,0,0,0,0,0,0,0,0,0,0,0,0,0,,,SD,False
2026-06-13,,IM14,1,,SD,,,0,,0,0,0,0,0,,,,,,0,0,0,0,0,0,0,0,0,0,0,0,0,0,0,0,0,0,0,0,0,,,SD,False
2026-06-13,,IM14,2,,SD,,,0,,0,0,0,0,0,,,,,,0,0,0,0,0,0,0,0,0,0,0,0,0,0,0,0,0,0,0,0,0,,,SD,False
2026-06-13,,IM15,3,,SD,,,0,,0,0,0,0,0,,,,,,0,0,0,0,0,0,0,0,0,0,0,0,0,0,0,0,0,0,0,0,0,,,SD,False
2026-06-13,,IM15,1,,SD,,,0,,0,0,0,0,0,,,,,,0,0,0,0,0,0,0,0,0,0,0,0,0,0,0,0,0,0,0,0,0,,,SD,False
2026-06-13,,IM15,2,,SD,,,0,,0,0,0,0,0,,,,,,0,0,0,0,0,0,0,0,0,0,0,0,0,0,0,0,0,0,0,0,0,,,SD,False
2026-06-13,,IM16,3,,SD,,,0,,0,0,0,0,0,,,,,,0,0,0,0,0,0,0,0,0,0,0,0,0,0,0,0,0,0,0,0,0,,,SD,False
2026-06-13,,IM16,1,,SD,,,0,,0,0,0,0,0,,,,,,0,0,0,0,0,0,0,0,0,0,0,0,0,0,0,0,0,0,0,0,0,,,SD,False
2026-06-13,,IM16,2,,SD,,,0,,0,0,0,0,0,,,,,,0,0,0,0,0,0,0,0,0,0,0,0,0,0,0,0,0,0,0,0,0,,,SD,False
2026-06-13,,IM17,3,,SD,,,0,,0,0,0,0,0,,,,,,0,0,0,0,0,0,0,0,0,0,0,0,0,0,0,0,0,0,0,0,0,,,SD,False
2026-06-13,,IM17,1,,SD,,,0,,0,0,0,0,0,,,,,,0,0,0,0,0,0,0,0,0,0,0,0,0,0,0,0,0,0,0,0,0,,,SD,False
2026-06-13,,IM17,2,,SD,,,0,,0,0,0,0,0,,,,,,0,0,0,0,0,0,0,0,0,0,0,0,0,0,0,0,0,0,0,0,0,,,SD,False
2026-06-13,,IM18,3,,SD,,,0,,0,0,0,0,0,,,,,,0,0,0,0,0,0,0,0,0,0,0,0,0,0,0,0,0,0,0,0,0,,,SD,False
2026-06-13,,IM18,1,,SD,,,0,,0,0,0,0,0,,,,,,0,0,0,0,0,0,0,0,0,0,0,0,0,0,0,0,0,0,0,0,0,,,SD,False
2026-06-13,,IM18,2,,SD,,,0,,0,0,0,0,0,,,,,,0,0,0,0,0,0,0,0,0,0,0,0,0,0,0,0,0,0,0,0,0,,,SD,False
2026-06-13,,IM19,3,,SD,,,0,,0,0,0,0,0,,,,,,0,0,0,0,0,0,0,0,0,0,0,0,0,0,0,0,0,0,0,0,0,,,SD,False
2026-06-13,,IM19,1,,SD,,,0,,0,0,0,0,0,,,,,,0,0,0,0,0,0,0,0,0,0,0,0,0,0,0,0,0,0,0,0,0,,,SD,False
2026-06-13,,IM19,2,,SD,,,0,,0,0,0,0,0,,,,,,0,0,0,0,0,0,0,0,0,0,0,0,0,0,0,0,0,0,0,0,0,,,SD,False
2026-06-13,,IM2,3,,SD,,,0,,0,0,0,0,0,,,,,,0,0,0,0,0,0,0,0,0,0,0,0,0,0,0,0,0,0,0,0,0,,,SD,False
2026-06-13,,IM2,1,,SD,,,0,,0,0,0,0,0,,,,,,0,0,0,0,0,0,0,0,0,0,0,0,0,0,0,0,0,0,0,0,0,,,SD,False
2026-06-13,,IM2,2,,SD,,,0,,0,0,0,0,0,,,,,,0,0,0,0,0,0,0,0,0,0,0,0,0,0,0,0,0,0,0,0,0,,,SD,False
2026-06-13,,IM3,3,,SD,,,0,,0,0,0,0,0,,,,,,0,0,0,0,0,0,0,0,0,0,0,0,0,0,0,0,0,0,0,0,0,,,SD,False
2026-06-13,,IM3,1,,SD,,,0,,0,0,0,0,0,,,,,,0,0,0,0,0,0,0,0,0,0,0,0,0,0,0,0,0,0,0,0,0,,,SD,False
2026-06-13,,IM3,2,,SD,,,0,,0,0,0,0,0,,,,,,0,0,0,0,0,0,0,0,0,0,0,0,0,0,0,0,0,0,0,0,0,,,SD,False
2026-06-13,,IM4,3,,SD,,,0,,0,0,0,0,0,,,,,,0,0,0,0,0,0,0,0,0,0,0,0,0,0,0,0,0,0,0,0,0,,,SD,False
2026-06-13,,IM4,1,,SD,,,0,,0,0,0,0,0,,,,,,0,0,0,0,0,0,0,0,0,0,0,0,0,0,0,0,0,0,0,0,0,,,SD,False
2026-06-13,,IM4,2,,SD,,,0,,0,0,0,0,0,,,,,,0,0,0,0,0,0,0,0,0,0,0,0,0,0,0,0,0,0,0,0,0,,,SD,False
2026-06-13,,IM5,3,,SD,,,0,,0,0,0,0,0,,,,,,0,0,0,0,0,0,0,0,0,0,0,0,0,0,0,0,0,0,0,0,0,,,SD,False
2026-06-13,,IM5,1,,SD,,,0,,0,0,0,0,0,,,,,,0,0,0,0,0,0,0,0,0,0,0,0,0,0,0,0,0,0,0,0,0,,,SD,False
2026-06-13,,IM5,2,,SD,,,0,,0,0,0,0,0,,,,,,0,0,0,0,0,0,0,0,0,0,0,0,0,0,0,0,0,0,0,0,0,,,SD,False
2026-06-13,,IM6,3,,SD,,,0,,0,0,0,0,0,,,,,,0,0,0,0,0,0,0,0,0,0,0,0,0,0,0,0,0,0,0,0,0,,,SD,False
2026-06-13,,IM6,1,,SD,,,0,,0,0,0,0,0,,,,,,0,0,0,0,0,0,0,0,0,0,0,0,0,0,0,0,0,0,0,0,0,,,SD,False
2026-06-13,,IM6,2,,SD,,,0,,0,0,0,0,0,,,,,,0,0,0,0,0,0,0,0,0,0,0,0,0,0,0,0,0,0,0,0,0,,,SD,False
2026-06-13,,IM7,3,,SD,,,0,,0,0,0,0,0,,,,,,0,0,0,0,0,0,0,0,0,0,0,0,0,0,0,0,0,0,0,0,0,,,SD,False
2026-06-13,,IM7,1,,SD,,,0,,0,0,0,0,0,,,,,,0,0,0,0,0,0,0,0,0,0,0,0,0,0,0,0,0,0,0,0,0,,,SD,False
2026-06-13,,IM7,2,,SD,,,0,,0,0,0,0,0,,,,,,0,0,0,0,0,0,0,0,0,0,0,0,0,0,0,0,0,0,0,0,0,,,SD,False
2026-06-13,,IM8,3,,SD,,,0,,0,0,0,0,0,,,,,,0,0,0,0,0,0,0,0,0,0,0,0,0,0,0,0,0,0,0,0,0,,,SD,False
2026-06-13,,IM8,1,,SD,,,0,,0,0,0,0,0,,,,,,0,0,0,0,0,0,0,0,0,0,0,0,0,0,0,0,0,0,0,0,0,,,SD,False
2026-06-13,,IM8,2,,SD,,,0,,0,0,0,0,0,,,,,,0,0,0,0,0,0,0,0,0,0,0,0,0,0,0,0,0,0,0,0,0,,,SD,False
2026-06-13,,IM9,3,,SD,,,0,,0,0,0,0,0,,,,,,0,0,0,0,0,0,0,0,0,0,0,0,0,0,0,0,0,0,0,0,0,,,SD,False
2026-06-13,,IM9,1,,SD,,,0,,0,0,0,0,0,,,,,,0,0,0,0,0,0,0,0,0,0,0,0,0,0,0,0,0,0,0,0,0,,,SD,False
2026-06-13,,IM9,2,,SD,,,0,,0,0,0,0,0,,,,,,0,0,0,0,0,0,0,0,0,0,0,0,0,0,0,0,0,0,0,0,0,,,SD,False
2026-06-14,,IM1,3,,SD,,,0,,0,0,0,0,0,,,,,,0,0,0,0,0,0,0,0,0,0,0,0,0,0,0,0,0,0,0,0,0,,,SD,False
2026-06-14,,IM1,1,,SD,,,0,,0,0,0,0,0,,,,,,0,0,0,0,0,0,0,0,0,0,0,0,0,0,0,0,0,0,0,0,0,,,SD,False
2026-06-14,,IM1,2,,SD,,,0,,0,0,0,0,0,,,,,,0,0,0,0,0,0,0,0,0,0,0,0,0,0,0,0,0,0,0,0,0,,,SD,False
2026-06-14,,IM10,3,,SD,,,0,,0,0,0,0,0,,,,,,0,0,0,0,0,0,0,0,0,0,0,0,0,0,0,0,0,0,0,0,0,,,SD,False
2026-06-14,,IM10,1,,SD,,,0,,0,0,0,0,0,,,,,,0,0,0,0,0,0,0,0,0,0,0,0,0,0,0,0,0,0,0,0,0,,,SD,False
2026-06-14,,IM10,2,,SD,,,0,,0,0,0,0,0,,,,,,0,0,0,0,0,0,0,0,0,0,0,0,0,0,0,0,0,0,0,0,0,,,SD,False
2026-06-14,,IM11,3,,SD,,,0,,0,0,0,0,0,,,,,,0,0,0,0,0,0,0,0,0,0,0,0,0,0,0,0,0,0,0,0,0,,,SD,False
2026-06-14,,IM11,1,,SD,,,0,,0,0,0,0,0,,,,,,0,0,0,0,0,0,0,0,0,0,0,0,0,0,0,0,0,0,0,0,0,,,SD,False
2026-06-14,,IM11,2,,SD,,,0,,0,0,0,0,0,,,,,,0,0,0,0,0,0,0,0,0,0,0,0,0,0,0,0,0,0,0,0,0,,,SD,False
2026-06-14,,IM12,3,,SD,,,0,,0,0,0,0,0,,,,,,0,0,0,0,0,0,0,0,0,0,0,0,0,0,0,0,0,0,0,0,0,,,SD,False
2026-06-14,,IM12,1,,SD,,,0,,0,0,0,0,0,,,,,,0,0,0,0,0,0,0,0,0,0,0,0,0,0,0,0,0,0,0,0,0,,,SD,False
2026-06-14,,IM12,2,,SD,,,0,,0,0,0,0,0,,,,,,0,0,0,0,0,0,0,0,0,0,0,0,0,0,0,0,0,0,0,0,0,,,SD,False
2026-06-14,,IM14,3,,SD,,,0,,0,0,0,0,0,,,,,,0,0,0,0,0,0,0,0,0,0,0,0,0,0,0,0,0,0,0,0,0,,,SD,False
2026-06-14,,IM14,1,,SD,,,0,,0,0,0,0,0,,,,,,0,0,0,0,0,0,0,0,0,0,0,0,0,0,0,0,0,0,0,0,0,,,SD,False
2026-06-14,,IM14,2,,SD,,,0,,0,0,0,0,0,,,,,,0,0,0,0,0,0,0,0,0,0,0,0,0,0,0,0,0,0,0,0,0,,,SD,False
2026-06-14,,IM15,3,,SD,,,0,,0,0,0,0,0,,,,,,0,0,0,0,0,0,0,0,0,0,0,0,0,0,0,0,0,0,0,0,0,,,SD,False
2026-06-14,,IM15,1,,SD,,,0,,0,0,0,0,0,,,,,,0,0,0,0,0,0,0,0,0,0,0,0,0,0,0,0,0,0,0,0,0,,,SD,False
2026-06-14,,IM15,2,,SD,,,0,,0,0,0,0,0,,,,,,0,0,0,0,0,0,0,0,0,0,0,0,0,0,0,0,0,0,0,0,0,,,SD,False
2026-06-14,,IM16,3,,SD,,,0,,0,0,0,0,0,,,,,,0,0,0,0,0,0,0,0,0,0,0,0,0,0,0,0,0,0,0,0,0,,,SD,False
2026-06-14,,IM16,1,,SD,,,0,,0,0,0,0,0,,,,,,0,0,0,0,0,0,0,0,0,0,0,0,0,0,0,0,0,0,0,0,0,,,SD,False
2026-06-14,,IM16,2,,SD,,,0,,0,0,0,0,0,,,,,,0,0,0,0,0,0,0,0,0,0,0,0,0,0,0,0,0,0,0,0,0,,,SD,False
2026-06-14,,IM17,3,,SD,,,0,,0,0,0,0,0,,,,,,0,0,0,0,0,0,0,0,0,0,0,0,0,0,0,0,0,0,0,0,0,,,SD,False
2026-06-14,,IM17,1,,SD,,,0,,0,0,0,0,0,,,,,,0,0,0,0,0,0,0,0,0,0,0,0,0,0,0,0,0,0,0,0,0,,,SD,False
2026-06-14,,IM17,2,,SD,,,0,,0,0,0,0,0,,,,,,0,0,0,0,0,0,0,0,0,0,0,0,0,0,0,0,0,0,0,0,0,,,SD,False
2026-06-14,,IM18,3,,SD,,,0,,0,0,0,0,0,,,,,,0,0,0,0,0,0,0,0,0,0,0,0,0,0,0,0,0,0,0,0,0,,,SD,False
2026-06-14,,IM18,1,,SD,,,0,,0,0,0,0,0,,,,,,0,0,0,0,0,0,0,0,0,0,0,0,0,0,0,0,0,0,0,0,0,,,SD,False
2026-06-14,,IM18,2,,SD,,,0,,0,0,0,0,0,,,,,,0,0,0,0,0,0,0,0,0,0,0,0,0,0,0,0,0,0,0,0,0,,,SD,False
2026-06-14,,IM19,3,,SD,,,0,,0,0,0,0,0,,,,,,0,0,0,0,0,0,0,0,0,0,0,0,0,0,0,0,0,0,0,0,0,,,SD,False
2026-06-14,,IM19,1,,SD,,,0,,0,0,0,0,0,,,,,,0,0,0,0,0,0,0,0,0,0,0,0,0,0,0,0,0,0,0,0,0,,,SD,False
2026-06-14,,IM19,2,,SD,,,0,,0,0,0,0,0,,,,,,0,0,0,0,0,0,0,0,0,0,0,0,0,0,0,0,0,0,0,0,0,,,SD,False
2026-06-14,,IM2,3,,SD,,,0,,0,0,0,0,0,,,,,,0,0,0,0,0,0,0,0,0,0,0,0,0,0,0,0,0,0,0,0,0,,,SD,False
2026-06-14,,IM2,1,,SD,,,0,,0,0,0,0,0,,,,,,0,0,0,0,0,0,0,0,0,0,0,0,0,0,0,0,0,0,0,0,0,,,SD,False
2026-06-14,,IM2,2,,SD,,,0,,0,0,0,0,0,,,,,,0,0,0,0,0,0,0,0,0,0,0,0,0,0,0,0,0,0,0,0,0,,,SD,False
2026-06-14,,IM3,3,,SD,,,0,,0,0,0,0,0,,,,,,0,0,0,0,0,0,0,0,0,0,0,0,0,0,0,0,0,0,0,0,0,,,SD,False
2026-06-14,,IM3,1,,SD,,,0,,0,0,0,0,0,,,,,,0,0,0,0,0,0,0,0,0,0,0,0,0,0,0,0,0,0,0,0,0,,,SD,False
2026-06-14,,IM3,2,,SD,,,0,,0,0,0,0,0,,,,,,0,0,0,0,0,0,0,0,0,0,0,0,0,0,0,0,0,0,0,0,0,,,SD,False
2026-06-14,,IM4,3,,SD,,,0,,0,0,0,0,0,,,,,,0,0,0,0,0,0,0,0,0,0,0,0,0,0,0,0,0,0,0,0,0,,,SD,False
2026-06-14,,IM4,1,,SD,,,0,,0,0,0,0,0,,,,,,0,0,0,0,0,0,0,0,0,0,0,0,0,0,0,0,0,0,0,0,0,,,SD,False
2026-06-14,,IM4,2,,SD,,,0,,0,0,0,0,0,,,,,,0,0,0,0,0,0,0,0,0,0,0,0,0,0,0,0,0,0,0,0,0,,,SD,False
2026-06-14,,IM5,3,,SD,,,0,,0,0,0,0,0,,,,,,0,0,0,0,0,0,0,0,0,0,0,0,0,0,0,0,0,0,0,0,0,,,SD,False
2026-06-14,,IM5,1,,SD,,,0,,0,0,0,0,0,,,,,,0,0,0,0,0,0,0,0,0,0,0,0,0,0,0,0,0,0,0,0,0,,,SD,False
2026-06-14,,IM5,2,,SD,,,0,,0,0,0,0,0,,,,,,0,0,0,0,0,0,0,0,0,0,0,0,0,0,0,0,0,0,0,0,0,,,SD,False
2026-06-14,,IM6,3,,SD,,,0,,0,0,0,0,0,,,,,,0,0,0,0,0,0,0,0,0,0,0,0,0,0,0,0,0,0,0,0,0,,,SD,False
2026-06-14,,IM6,1,,SD,,,0,,0,0,0,0,0,,,,,,0,0,0,0,0,0,0,0,0,0,0,0,0,0,0,0,0,0,0,0,0,,,SD,False
2026-06-14,,IM6,2,,SD,,,0,,0,0,0,0,0,,,,,,0,0,0,0,0,0,0,0,0,0,0,0,0,0,0,0,0,0,0,0,0,,,SD,False
2026-06-14,,IM7,3,,SD,,,0,,0,0,0,0,0,,,,,,0,0,0,0,0,0,0,0,0,0,0,0,0,0,0,0,0,0,0,0,0,,,SD,False
2026-06-14,,IM7,1,,SD,,,0,,0,0,0,0,0,,,,,,0,0,0,0,0,0,0,0,0,0,0,0,0,0,0,0,0,0,0,0,0,,,SD,False
2026-06-14,,IM7,2,,SD,,,0,,0,0,0,0,0,,,,,,0,0,0,0,0,0,0,0,0,0,0,0,0,0,0,0,0,0,0,0,0,,,SD,False
2026-06-14,,IM8,3,,SD,,,0,,0,0,0,0,0,,,,,,0,0,0,0,0,0,0,0,0,0,0,0,0,0,0,0,0,0,0,0,0,,,SD,False
2026-06-14,,IM8,1,,SD,,,0,,0,0,0,0,0,,,,,,0,0,0,0,0,0,0,0,0,0,0,0,0,0,0,0,0,0,0,0,0,,,SD,False
2026-06-14,,IM8,2,,SD,,,0,,0,0,0,0,0,,,,,,0,0,0,0,0,0,0,0,0,0,0,0,0,0,0,0,0,0,0,0,0,,,SD,False
2026-06-14,,IM9,3,,SD,,,0,,0,0,0,0,0,,,,,,0,0,0,0,0,0,0,0,0,0,0,0,0,0,0,0,0,0,0,0,0,,,SD,False
2026-06-14,,IM9,1,,SD,,,0,,0,0,0,0,0,,,,,,0,0,0,0,0,0,0,0,0,0,0,0,0,0,0,0,0,0,0,0,0,,,SD,False
2026-06-14,,IM9,2,,SD,,,0,,0,0,0,0,0,,,,,,0,0,0,0,0,0,0,0,0,0,0,0,0,0,0,0,0,0,0,0,0,,,SD,False
2026-06-15,,IM1,3,,SD,,,0,,0,0,0,0,0,,,,,,0,0,0,0,0,0,0,0,0,0,0,0,0,0,0,0,0,0,0,0,0,,,SD,False
2026-06-15,,IM1,1,,SD,,,0,,0,0,0,0,0,,,,,,0,0,0,0,0,0,0,0,0,0,0,0,0,0,0,0,0,0,0,0,0,,,SD,False
2026-06-15,,IM1,2,,SD,,,0,,0,0,0,0,0,,,,,,0,0,0,0,0,0,0,0,0,0,0,0,0,0,0,0,0,0,0,0,0,,,SD,False
2026-06-15,,IM10,3,11:50PM,H61P RCL-LED Refl B,1035990,,528,600,40,6.833333333333333,41,0,8,,,,12a,550,550,550,0,0,0,0,0,0,0,0,0,1200,1100,1100,0.9166666666666666,0.9166666666666666,869,0,182.60000000000002,PC017-WT,0,,,ON,False
2026-06-15,,IM10,1,,H61P RCL-LED Refl B,,,528,700,46.666666666666664,7.972222222222222,41,0,8,,,,ongoing,650,650,650,0,0,0,0,0,0,0,0,0,1400,1300,1300,0.9285714285714286,0.9285714285714286,1027,0,215.8,PC017-WT,0,,,ON,False
2026-06-15,,IM10,2,4:30PM,H61P RCL-LED Refl B,1037604,,528,500,33.333333333333336,5.694444444444445,41,0,8,,,,ongoing,1291,1291,1291,0,0,0,0,0,0,0,0,0,1000,2582,2582,2.582,2.582,2039.7800000000002,0,428.612,PC017-WT,0,,,ON,False
2026-06-15,,IM11,3,11:30PM,01OB Bezel Plug,1035648,,1943,600,16,5.833333333333333,35,0,8,,,,12a,622,2488,2488,0,0,0,0,0,0,0,0,0,4800,4976,4976,1.0366666666666666,1.0366666666666666,477.696,0,188.90140000000002,ABS07-BK,0,,,ON,False
2026-06-15,,IM11,1,8:00AM,L42P RCL Rim/ Cuff,1039908,,MO4375,900,85.71428571428571,7,28,0,8,,,,745a,672,670,670,2,2,0.002976190476190476,0,0,0,0,0,0,1800,1344,1340,0.7466666666666667,0.7444444444444445,561.4599999999999,1.676,133.056,PP025-BK,0,,,ON,False
2026-06-15,,IM11,2,,L42P RCL Rim/ Cuff,,,MO4375,1000,95.23809523809524,7.777777777777778,28,0,8,,,,ongoing,1236,1236,1236,0,0,0,0,0,0,0,0,0,2000,2472,2472,1.236,1.236,1035.768,0,244.728,PP025-BK,0,,,ON,False
2026-06-15,,IM12,3,,SD,,,0,,0,0,0,0,0,,,,,,0,0,0,0,0,0,0,0,0,0,0,0,0,0,0,0,0,0,0,0,0,,,SD,False
2026-06-15,,IM12,1,,SD,,,0,,0,0,0,0,0,,,,,,0,0,0,0,0,0,0,0,0,0,0,0,0,0,0,0,0,0,0,0,0,,,SD,False
2026-06-15,,IM12,2,,SD,,,0,,0,0,0,0,0,,,,,,0,0,0,0,0,0,0,0,0,0,0,0,0,0,0,0,0,0,0,0,0,,,SD,False
2026-06-15,,IM14,3,11:40PM,T90A RCL REFLECTOR C,1040730,,MO5776,700,66.66666666666667,6.416666666666667,33,0,8,,,,1230p,450,446,446,4,4,0.008888888888888889,0,0,0,0,0,0,1400,900,892,0.6428571428571429,0.6371428571428572,495.95200000000006,4.448,153.9,PC014-WT,0,,,ON,False
2026-06-15,,IM14,1,,T90A RCL REFLECTOR C,,,MO5776,800,76.19047619047619,7.333333333333333,33,0,8,,,,ongoing,700,700,700,0,0,0,0,0,0,0,0,0,1600,1400,1400,0.875,0.875,778.4000000000001,0,239.4,PC014-WT,0,,,ON,False
2026-06-15,,IM14,2,,T90A RCL REFLECTOR C,,,MO5776,800,76.19047619047619,7.333333333333333,33,0,8,,,,ongoing,1021,1021,1021,0,0,0,0,0,0,0,0,0,1600,2042,2042,1.27625,1.27625,1135.352,0,349.182,PC014-WT,0,,,ON,False
2026-06-15,,IM15,3,12:10AM,U625 REFLEX REFLECTOR,1035204,,MO8085,700,0,6.416666666666667,33,0,8,,,,1245a,500,500,500,0,0,0,0,0,0,0,0,0,1400,1000,1000,0.7142857142857143,0.7142857142857143,386,0,77.05,PMMA01-AM,0,,,ON,False
2026-06-15,,IM15,1,,U625 REFLEX REFLECTOR,,,MO8085,800,0,7.333333333333333,33,0,8,,,,ongoing,991,991,991,0,0,0,0,0,0,0,0,0,1600,1982,1982,1.23875,1.23875,765.052,0,152.7131,PMMA01-AM,0,,,ON,False
2026-06-15,,IM15,2,3:30PM,T90A CHL REFLEX REFLECTOR,1032773,,MO6510,800,29.09090909090909,6.444444444444445,29,0,8,,,,445p,686,683,683,3,3,0.004373177842565598,0,0,0,0,0,0,1600,1372,1366,0.8575,0.85375,501.322,2.202,85.064,PC026-AMB,0,,,ON,False
2026-06-15,,IM16,3,,SD,,,0,,0,0,0,0,0,,,,,,0,0,0,0,0,0,0,0,0,0,0,0,0,0,0,0,0,0,0,0,0,,,SD,False
2026-06-15,,IM16,1,,SD,,,0,,0,0,0,0,0,,,,,,0,0,0,0,0,0,0,0,0,0,0,0,0,0,0,0,0,0,0,0,0,,,SD,False
2026-06-15,,IM16,2,,SD,,,0,,0,0,0,0,0,,,,,,0,0,0,0,0,0,0,0,0,0,0,0,0,0,0,0,0,0,0,0,0,,,SD,False
2026-06-15,,IM17,3,,SD,,,0,,0,0,0,0,0,,,,,,0,0,0,0,0,0,0,0,0,0,0,0,0,0,0,0,0,0,0,0,0,,,SD,False
2026-06-15,,IM17,1,,SD,,,0,,0,0,0,0,0,,,,,,0,0,0,0,0,0,0,0,0,0,0,0,0,0,0,0,0,0,0,0,0,,,SD,False
2026-06-15,,IM17,2,,SD,,,0,,0,0,0,0,0,,,,,,0,0,0,0,0,0,0,0,0,0,0,0,0,0,0,0,0,0,0,0,0,,,SD,False
2026-06-15,,IM18,3,,SD,,,0,,0,0,0,0,0,,,,,,0,0,0,0,0,0,0,0,0,0,0,0,0,0,0,0,0,0,0,0,0,,,SD,False
2026-06-15,,IM18,1,,SD,,,0,,0,0,0,0,0,,,,,,0,0,0,0,0,0,0,0,0,0,0,0,0,0,0,0,0,0,0,0,0,,,SD,False
2026-06-15,,IM18,2,,SD,,,0,,0,0,0,0,0,,,,,,0,0,0,0,0,0,0,0,0,0,0,0,0,0,0,0,0,0,0,0,0,,,SD,False
2026-06-15,,IM19,3,12:20AM,T1XL FASCIA BRACKET 2,1039453,,729,400,0,6.111111111111111,55,0,8,,,,11p,475,475,475,0,0,0,0,0,0,0,0,0,800,950,950,1.1875,1.1875,825.55,0,236.075,PP028-BK,0,,,ON,False
2026-06-15,,IM19,1,,T1XL FASCIA BRACKET 2,,,729,300,0,4.583333333333333,55,0,8,,,,ongoing,508,508,508,0,0,0,0,0,0,0,0,0,600,1016,1016,1.6933333333333334,1.6933333333333334,882.904,0,252.476,PP028-BK,0,,,ON,False
2026-06-15,,IM19,2,3:00PM,T90A BUL HSG,1040163,,MO5785,700,100,7.388888888888889,38,0,8,,,,330p,603,600,600,3,3,0.004975124378109453,0,0,0,0,0,0,1400,1206,1200,0.8614285714285714,0.8571428571428572,1255.2,6.276,455.868,ASA01-BK,0,,,ON,False
2026-06-15,,IM2,3,,SD,,,0,,0,0,0,0,0,,,,,,0,0,0,0,0,0,0,0,0,0,0,0,0,0,0,0,0,0,0,0,0,,,SD,False
2026-06-15,,IM2,1,,SD,,,0,,0,0,0,0,0,,,,,,0,0,0,0,0,0,0,0,0,0,0,0,0,0,0,0,0,0,0,0,0,,,SD,False
2026-06-15,,IM2,2,,SD,,,0,,0,0,0,0,0,,,,,,0,0,0,0,0,0,0,0,0,0,0,0,0,0,0,0,0,0,0,0,0,,,SD,False
2026-06-15,,IM3,3,11:00PM,550B RCL-LED Ext. B,1039065,,M05326,1000,142.85714285714286,6.388888888888889,23,0,8,,,,1130p,1000,998,998,2,2,0.002,0,0,0,0,0,0,2000,2000,1996,1,0.998,536.924,1.076,109.8,PC018-BK,0,,,ON,False
2026-06-15,,IM3,1,7:00AM,L42P BUL Refl,1041141,,M04264,800,133.33333333333334,7.111111111111111,32,0,8,,,,730a,580,576,576,4,4,0.006896551724137931,0,0,0,0,0,0,1600,1160,1152,0.725,0.72,867.456,6.024,309.72,PC001-GY,0,,,ON,False
2026-06-15,,IM3,2,,L42P BUL Refl,,,M04264,800,133.33333333333334,7.111111111111111,32,0,8,,,,ongoing,1098,1098,1098,0,0,0,0,0,0,0,0,0,1600,2196,2196,1.3725,1.3725,1653.588,0,586.332,PC001-GY,0,,,ON,False
2026-06-15,,IM4,3,12:00AM,T90A RCL RIM (COVER A),1040794,,MO5773,600,80,7,42,0,8,,,,1130p,650,647,647,3,3,0.004615384615384616,0,0,0,0,0,0,1200,1300,1294,1.0833333333333333,1.0783333333333334,842.394,3.906,284.7,PP025-BK,0,,,ON,False
2026-06-15,,IM4,1,,T90A RCL RIM (COVER A),,,MO5773,650,86.66666666666667,7.583333333333333,42,0,8,,,,ongoing,570,570,570,0,0,0,0,0,0,0,0,0,1300,1140,1140,0.8769230769230769,0.8769230769230769,742.14,0,249.66,PP025-BK,0,,,ON,False
2026-06-15,,IM4,2,,T90A RCL RIM (COVER A),,,MO5773,650,86.66666666666667,7.583333333333333,42,0,8,,,,ongoing,625,625,625,0,0,0,0,0,0,0,0,0,1300,1250,1250,0.9615384615384616,0.9615384615384616,813.75,0,273.75,PP025-BK,0,,,ON,False
2026-06-15,,IM5,3,,SD,,,0,,0,0,0,0,0,,,,,,0,0,0,0,0,0,0,0,0,0,0,0,0,0,0,0,0,0,0,0,0,,,SD,False
2026-06-15,,IM5,1,,SD,,,0,,0,0,0,0,0,,,,,,0,0,0,0,0,0,0,0,0,0,0,0,0,0,0,0,0,0,0,0,0,,,SD,False
2026-06-15,,IM5,2,,SD,,,0,,0,0,0,0,0,,,,,,0,0,0,0,0,0,0,0,0,0,0,0,0,0,0,0,0,0,0,0,0,,,SD,False
2026-06-15,,IM6,3,11:10PM,311 D Bezel Plug,1026425,,0,750,0,7.291666666666667,35,0,0,,,,11p,650,2600,2600,0,0,0,0,0,0,0,0,0,6000,5200,5200,0.8666666666666667,0.8666666666666667,0,0,208,ABS07-BK,0,,,ON,False
2026-06-15,,IM6,1,,311 D Bezel Plug,,,0,800,0,7.777777777777778,35,0,0,,,,ongoing,900,3600,3600,0,0,0,0,0,0,0,0,0,6400,7200,7200,1.125,1.125,0,0,288,ABS07-BK,0,,,ON,False
2026-06-15,,IM6,2,4:00PM,T90A CHL BRACKET G,1040248,,MO8384,750,37.5,6.927083333333333,33.25,0,8,,,,4p,767,765,765,2,2,0.002607561929595828,0,0,0,0,0,0,1500,1534,1530,1.0226666666666666,1.0199999999999998,859.8600000000001,2.248,194.818,ABS06-BK,0,,,ON,False
2026-06-15,,IM7,3,11:20PM,550B RCL-LED Reflector,1039066,,MO5239,600,120,5.833333333333333,35,0,8,,,,1115p,400,400,400,0,0,0,0,0,0,0,0,0,1200,800,800,0.6666666666666666,0.6666666666666666,749.6,0,249.6,PC018-BK,0,,,ON,False
2026-06-15,,IM7,1,7:30AM,T90A RCL Extension A,1040487,,MO5772,600,80,6.5,39,0,8,,,,930a,316,313,313,3,3,0.00949367088607595,0,0,0,0,0,0,1200,632,626,0.5266666666666666,0.5216666666666666,448.216,4.295999999999999,170.64000000000001,PC003-BK,0,,,ON,False
2026-06-15,,IM7,2,,T90A RCL Extension A,,,MO5772,700,93.33333333333333,7.583333333333333,39,0,8,,,,ongoing,921,921,921,0,0,0,0,0,0,0,0,0,1400,1842,1842,1.3157142857142856,1.3157142857142856,1318.8719999999998,0,497.34000000000003,PC003-BK,0,,,ON,False
2026-06-15,,IM8,3,,SD,,,0,,0,0,0,0,0,,,,,,0,0,0,0,0,0,0,0,0,0,0,0,0,0,0,0,0,0,0,0,0,,,SD,False
2026-06-15,,IM8,1,,SD,,,0,,0,0,0,0,0,,,,,,0,0,0,0,0,0,0,0,0,0,0,0,0,0,0,0,0,0,0,0,0,,,SD,False
2026-06-15,,IM8,2,,SD,,,0,,0,0,0,0,0,,,,,,0,0,0,0,0,0,0,0,0,0,0,0,0,0,0,0,0,0,0,0,0,,,SD,False
2026-06-15,,IM9,3,12:30AM,T90A RCL Reflector A,1028168,,MO5774,400,100,4.444444444444445,40,0,8,,,,1145p,450,445,445,5,5,0.011111111111111112,0,0,0,0,0,0,800,900,890,1.125,1.1125,948.74,10.66,291.6,PC001-GY,0,,,ON,False
2026-06-15,,IM9,1,,T90A RCL Reflector A,,,MO5774,500,125,5.555555555555555,40,0,8,,,,ongoing,674,674,674,0,0,0,0,0,0,0,0,0,1000,1348,1348,1.348,1.348,1436.968,0,436.752,PC001-GY,0,,,ON,False
2026-06-15,,IM9,2,,T90A RCL Reflector A,,,MO5774,500,125,5.555555555555555,40,0,8,,,,ongoing,450,450,450,0,0,0,0,0,0,0,0,0,1000,900,900,0.9,0.9,959.4000000000001,0,291.6,PC001-GY,0,,,ON,False
2026-06-16,,IM1,3,11:00PM,THRA/TGSX Outer Lens Mold Only,1046788,,NEEDED,600,0,7.5,45,4.522777777777778,3.477222222222222,,,46.52,1245a,350,695,0,5,5,0.014184397163120567,0.9673258813413584,0.9673258813413584,338.56405846947547,0.32978587962962963,0.314485446217494,0.314485446217494,1200,705,695,0.5833333333333334,0.5750591016548463,0,0,112.8,PMMA03-RED,0,,,ON,False
2026-06-16,,IM1,1,,THRA/TGSX Outer Lens Mold Only,,,NEEDED,600,0,7.5,45,7.107222222222223,0.892777777777777,,,46.52,,550,1100,0,0,0,0,0.9673258813413584,0.9673258813413584,532.0292347377472,0.814369212962963,0.7877604166666666,0.7877604166666666,1200,1100,1100,0.9166666666666666,0.9166666666666666,0,0,176,PMMA03-RED,0,,,ON,False
2026-06-16,,IM1,2,,THRA/TGSX Outer Lens Mold Only,,,NEEDED,600,0,7.5,45,12.030588888888891,-4.030588888888891,,,46.52,,931,1862,0,0,0,0,0.9673258813413584,0.9673258813413584,900.5803955288047,2.333432969907408,2.257190104166667,2.257190104166667,1200,1862,1862,1.5516666666666667,1.5516666666666667,0,0,297.92,PMMA03-RED,0,,,ON,False
2026-06-16,,IM10,3,TBD,H61P RCL-LED Refl A,1045281,,527,600,40,6.833333333333333,41,2.2847222222222223,2.552777777777778,,,32.9,330a,250,244,244,6,6,0.024,1.2462006079027357,1.2462006079027357,311.55015197568395,0.675228587962963,0.8212749901497243,0.8212749901497243,1200,500,488,0.4166666666666667,0.4066666666666667,351.848,8.652,95,PC017-WT,0,,,ON,True
2026-06-16,,IM10,3,,H61P RCL-LED Refl B,,,528,,0,0,41,3.1625,-2.016666666666667,,,33,,345,345,345,0,0,0,1.2424242424242424,1.2424242424242424,428.6363636363636,1.9586160714285714,2.433432088744589,2.433432088744589,0,690,690,345,345,545.1,0,114.54,PC017-WT,0,,,ON,True
2026-06-16,,IM10,1,,H61P RCL-LED Refl A,,,527,700,46.666666666666664,7.972222222222222,41,6.854166666666667,1.145833333333333,,Paused no totes.,32.9,,750,750,750,0,0,0,1.2462006079027357,1.2462006079027357,934.6504559270518,0.91796875,1.1439732142857144,1.1439732142857144,1400,1500,1500,1.0714285714285714,1.0714285714285714,1081.5,0,285,PC017-WT,0,,,ON,False
2026-06-16,,IM10,2,,H61P RCL-LED Refl A,,,527,700,46.666666666666664,7.972222222222222,41,9.486166666666666,-1.4861666666666657,,Screen froze.,32.9,,1038,1038,1038,0,0,0,1.2462006079027357,1.2462006079027357,1293.5562310030396,1.75832875,2.1912303571428575,2.1912303571428575,1400,2076,2076,1.4828571428571429,1.4828571428571429,1496.796,0,394.44,PC017-WT,0,,,ON,False
2026-06-16,,IM11,3,ONGOING,L42P RCL Rim/ Cuff,1039908,,MO4375,1000,95.23809523809524,7.777777777777778,28,5.9655555555555555,2.0344444444444445,,,28,,767,767,767,0,0,0,1,1,767,0.5719476388888889,0.5719476388888889,0.5719476388888889,2000,1534,1534,0.767,0.767,642.746,0,151.866,PP025-BK,0,,,ON,False
2026-06-16,,IM11,1,9:00AM,01OB Bezel Plug,1044957,,1943,600,16,5.833333333333333,35,2.24315,5.75685,,,34.51,945a,234,926,926,10,10,0.010683760683760684,1.0141987829614605,1.0141987829614605,237.32251521298176,0.2766551666666667,0.2775856481481482,0.2775856481481482,4800,1872,1852,0.39,0.38583333333333336,177.792,1.92,71.06580000000001,ABS07-BK,0,,,ON,True
2026-06-16,,IM11,1,,L42P RCL Rim/ Cuff,,,MO4375,,0,0,28,0,-1.3656305555555548,,,,,358,358,358,0,0,0,0,0,0,1.9536119986979166,0,0,0,716,716,358,358,300.00399999999996,0,70.884,PP025-BK,0,,,ON,True
2026-06-16,,IM11,2,,01OB Bezel Plug,,,1943,800,21.333333333333332,7.777777777777778,35,9.365630555555555,-1.3656305555555548,,,34.51,,977,3908,3908,0,0,0,1.0141987829614605,1.0141987829614605,990.8722109533469,1.4297220394965278,1.4500223524305556,1.4500223524305556,6400,7816,7816,1.22125,1.22125,750.336,0,296.7149,ABS07-BK,0,,,ON,False
2026-06-16,,IM12,3,11:10PM,150B CHL BG Shade A,1044970,,M05175,1100,44,7.333333333333333,24,5.199444444444444,2.8005555555555564,,,26.74,1145p,700,700,700,0,0,0,0.8975317875841436,0.8975317875841436,628.2722513089005,0.41359217171717166,0.37121212121212116,0.37121212121212116,2200,1400,1400,0.6363636363636364,0.6363636363636364,455,0,105,PP025-BK,0,,,ON,False
2026-06-16,,IM12,1,,150B CHL BG Shade A,,,M05175,1100,44,7.333333333333333,24,8.393388888888888,-0.3933888888888877,,,26.74,,1130,1130,1130,0,0,0,0.8975317875841436,0.8975317875841436,1014.2109199700823,1.0777874368686866,0.9673484848484847,0.9673484848484847,2200,2260,2260,1.0272727272727273,1.0272727272727273,734.5,0,169.5,PP025-BK,0,,,ON,False
2026-06-16,,IM12,2,,150B CHL BG Shade A,,,M05175,1100,44,7.333333333333333,24,10.997222222222224,-2.9972222222222236,,,26.75,,1480,1480,1480,0,0,0,0.897196261682243,0.897196261682243,1327.8504672897195,1.8495328282828285,1.6593939393939396,1.6593939393939396,2200,2960,2960,1.3454545454545455,1.3454545454545455,962,0,222,PP025-BK,0,,,ON,False
2026-06-16,,IM14,3,1:00AM,NQ5A Bumper Brkt I/B #1,1046858,,1022,500,0,6.075,43.74,0,8,,,,,,0,0,0,0,0,0,0,0,0,0,0,1000,0,0,0,0,0,0,0,PAM02-BK,0,,,ON,True
2026-06-16,,IM14,3,,T90A RCL REFLECTOR C,,,MO5776,,0,0,33,0,-0.9823444444444451,,Paused for no packaging.,,,353,353,353,0,0,0,0,0,0,2.2811412245370373,0,0,0,706,706,353,353,392.53600000000006,0,120.72600000000001,PC014-WT,0,,,ON,True
2026-06-16,,IM14,1,,NQ5A Bumper Brkt I/B #1,,,1022,600,0,7.29,43.74,8.982344444444445,-0.9823444444444451,,,37.34,4a,866,862,862,4,4,0.004618937644341801,1.1713979646491697,1.1713979646491697,1014.4306373861809,1.6205646435185186,1.8895578749999997,1.8895578749999997,1200,1732,1724,1.4433333333333334,1.4366666666666665,0,0,168.1772,PAM02-BK,0,,,ON,False
2026-06-16,,IM14,2,,NQ5A Bumper Brkt I/B #1,,,1022,600,0,7.29,43.74,0,8,,,,,,0,0,0,0,0,0,0,0,0,0,0,1200,0,0,0,0,0,0,0,PAM02-BK,0,,,ON,False
2026-06-16,,IM15,3,ONGOING,T90A CHL REFLEX REFLECTOR,1032773,,MO6510,900,32.72727272727273,7.25,29,6.010133333333333,1.989866666666667,,,28.32,,764,764,764,0,0,0,1.0240112994350283,1.0240112994350283,782.3446327683616,0.6377419259259258,0.6530549382716049,0.6530549382716049,1800,1528,1528,0.8488888888888889,0.8488888888888889,560.776,0,94.736,PC026-AMB,0,,,ON,False
2026-06-16,,IM15,1,,T90A CHL REFLEX REFLECTOR,,,MO6510,900,32.72727272727273,7.25,29,9.830822222222222,-1.8308222222222224,,,28.82,,1228,1228,1228,0,0,0,1.0062456627342122,1.0062456627342122,1235.6696738376127,1.6767013456790123,1.6871734567901233,1.6871734567901233,1800,2456,2456,1.3644444444444443,1.3644444444444443,901.352,0,152.272,PC026-AMB,0,,,ON,False
2026-06-16,,IM15,2,,SD,,,0,,0,0,0,0,0,,,,,,0,0,0,0,0,0,0,0,0,0,0,0,0,0,0,0,0,0,0,0,0,,,SD,False
2026-06-16,,IM16,3,,SD,,,0,,0,0,0,0,0,,,,,,0,0,0,0,0,0,0,0,0,0,0,0,0,0,0,0,0,0,0,0,0,,,SD,False
2026-06-16,,IM16,1,,SD,,,0,,0,0,0,0,0,,,,,,0,0,0,0,0,0,0,0,0,0,0,0,0,0,0,0,0,0,0,0,0,,,SD,False
2026-06-16,,IM16,2,,SD,,,0,,0,0,0,0,0,,,,,,0,0,0,0,0,0,0,0,0,0,0,0,0,0,0,0,0,0,0,0,0,,,SD,False
2026-06-16,,IM17,3,,SD,,,0,,0,0,0,0,0,,,,,,0,0,0,0,0,0,0,0,0,0,0,0,0,0,0,0,0,0,0,0,0,,,SD,False
2026-06-16,,IM17,1,,SD,,,0,,0,0,0,0,0,,,,,,0,0,0,0,0,0,0,0,0,0,0,0,0,0,0,0,0,0,0,0,0,,,SD,False
2026-06-16,,IM17,2,,SD,,,0,,0,0,0,0,0,,,,,,0,0,0,0,0,0,0,0,0,0,0,0,0,0,0,0,0,0,0,0,0,,,SD,False
2026-06-16,,IM18,3,,SD,,,0,,0,0,0,0,0,,,,,,0,0,0,0,0,0,0,0,0,0,0,0,0,0,0,0,0,0,0,0,0,,,SD,False
2026-06-16,,IM18,1,,SD,,,0,,0,0,0,0,0,,,,,,0,0,0,0,0,0,0,0,0,0,0,0,0,0,0,0,0,0,0,0,0,,,SD,False
2026-06-16,,IM18,2,,SD,,,0,,0,0,0,0,0,,,,,,0,0,0,0,0,0,0,0,0,0,0,0,0,0,0,0,0,0,0,0,0,,,SD,False
2026-06-16,,IM19,3,ONGOING,T90A BUL HSG,1040163,,MO5785,700,100,7.388888888888889,38,6.533611111111111,1.466388888888889,,,43,ongoing,547,547,547,0,0,0,0.8837209302325582,0.8837209302325582,483.3953488372093,0.6381937996031746,0.5639852182539682,0.5639852182539682,1400,1094,1094,0.7814285714285715,0.7814285714285715,1144.324,0,413.532,ASA01-BK,0,,,ON,False
2026-06-16,,IM19,1,,T90A BUL HSG,,,MO5785,700,100,7.388888888888889,38,7.321944444444444,0.6780555555555559,,,43,,613,613,613,0,0,0,0.8837209302325582,0.8837209302325582,541.7209302325582,0.8014914186507937,0.7082947420634921,0.7082947420634921,1400,1226,1226,0.8757142857142857,0.8757142857142857,1282.396,0,463.428,ASA01-BK,0,,,ON,False
2026-06-16,,IM19,2,,T90A BUL HSG,,,MO5785,700,100,7.388888888888889,38,11.968333333333334,-3.9683333333333337,,,43,,1002,1002,1002,0,0,0,0.8837209302325582,0.8837209302325582,885.4883720930233,2.141476785714286,1.8924678571428575,1.8924678571428575,1400,2004,2004,1.4314285714285715,1.4314285714285715,2096.184,0,757.5120000000001,ASA01-BK,0,,,ON,False
2026-06-16,,IM2,3,,SD,,,0,,0,0,0,0,0,,,,,,0,0,0,0,0,0,0,0,0,0,0,0,0,0,0,0,0,0,0,0,0,,,SD,False
2026-06-16,,IM2,1,,SD,,,0,,0,0,0,0,0,,,,,,0,0,0,0,0,0,0,0,0,0,0,0,0,0,0,0,0,0,0,0,0,,,SD,False
2026-06-16,,IM2,2,,SD,,,0,,0,0,0,0,0,,,,,,0,0,0,0,0,0,0,0,0,0,0,0,0,0,0,0,0,0,0,0,0,,,SD,False
2026-06-16,,IM3,3,ONGOING,L42P BUL Refl,1041141,,M04264,800,133.33333333333334,7.111111111111111,32,6.337555555555555,1.6624444444444446,,,31.6,,722,722,722,0,0,0,1.0126582278481011,1.0126582278481011,731.139240506329,0.714955486111111,0.7240055555555553,0.7240055555555553,1600,1444,1444,0.9025,0.9025,1087.332,0,385.548,PC001-GY,0,,,ON,False
2026-06-16,,IM3,1,12:00PM,T90A RCL INNER LENS B,1032941,,MO5778,300,25,2.75,33,0.40277777777777773,-2.9716666666666667,,,29,,50,40,40,10,10,0.2,1.1379310344827587,1.1379310344827587,56.896551724137936,1.698114772727273,1.5458700000000003,1.5458700000000003,600,100,80,0.16666666666666666,0.13333333333333333,34.56,8.64,11.5,PC011-NC,0,,,ON,True
2026-06-16,,IM3,1,,L42P BUL Refl,,,M04264,300,50,2.6666666666666665,32,4.345,3.2522222222222226,,,31.6,,495,495,495,0,0,0,1.0126582278481011,1.0126582278481011,501.26582278481004,0.5390706018518518,0.5458942803563056,0.5458942803563056,600,990,990,1.65,1.65,745.47,0,264.33000000000004,PC001-GY,0,,,ON,True
2026-06-16,,IM3,2,,T90A RCL INNER LENS B,,,MO5778,800,66.66666666666667,7.333333333333333,33,10.568888888888889,-2.568888888888889,,,29,,1312,1312,1312,0,0,0,1.1379310344827587,1.1379310344827587,1492.9655172413793,2.1666222222222222,2.465466666666667,2.465466666666667,1600,2624,2624,1.64,1.64,1133.568,0,301.76,PC011-NC,0,,,ON,False
2026-06-16,,IM4,3,12:30AM,L42P(2) HL Base A (Carrier Plate),1046530,,70637,600,0,6.716666666666667,40.3,3.666666666666667,4.333333333333333,,,44,115p,300,292,292,8,8,0.02666666666666667,0.9159090909090909,0.9159090909090909,274.77272727272725,0.22916666666666666,0.2042986111111111,0.2042986111111111,1200,600,584,0.5,0.4866666666666667,0,0,196.36499999999998,PC001-GY,0,,,ON,False
2026-06-16,,IM4,1,,L42P(2) HL Base A (Carrier Plate),,,70637,700,0,7.83611111111111,40.3,7.797777777777778,0.20222222222222186,,,44,,638,638,638,0,0,0,0.9159090909090909,0.9159090909090909,584.35,0.8883896825396826,0.8136841865079366,0.8136841865079366,1400,1276,1276,0.9114285714285715,0.9114285714285715,0,0,417.6029,PC001-GY,0,,,ON,False
2026-06-16,,IM4,2,,L42P(2) HL Base A (Carrier Plate),,,70637,700,0,7.83611111111111,40.3,7.015555555555555,0.9844444444444447,,,44,,574,574,574,0,0,0,0.9159090909090909,0.9159090909090909,525.7318181818182,0.7190944444444444,0.6586251388888889,0.6586251388888889,1400,1148,1148,0.82,0.82,0,0,375.7117,PC001-GY,0,,,ON,False
2026-06-16,,IM5,3,,SD,,,0,,0,0,0,0,0,,,,,,0,0,0,0,0,0,0,0,0,0,0,0,0,0,0,0,0,0,0,0,0,,,SD,False
2026-06-16,,IM5,1,,SD,,,0,,0,0,0,0,0,,,,,,0,0,0,0,0,0,0,0,0,0,0,0,0,0,0,0,0,0,0,0,0,,,SD,False
2026-06-16,,IM5,2,,SD,,,0,,0,0,0,0,0,,,,,,0,0,0,0,0,0,0,0,0,0,0,0,0,0,0,0,0,0,0,0,0,,,SD,False
2026-06-16,,IM6,3,ONGOING,T90A CHL BRACKET G,1040248,,MO8384,700,35,6.465277777777778,33.25,7.04,0.96,,Packaging.,32,,792,792,792,0,0,0,1.0390625,1.0390625,822.9375,0.9956571428571429,1.03455,1.03455,1400,1584,1584,1.1314285714285715,1.1314285714285715,890.2080000000001,0,201.168,ABS06-BK,0,,,ON,False
2026-06-16,,IM6,1,7:00AM,J34A BG BRACKET A,1045321,,5764,800,0,7.666666666666667,34.5,5.020277777777777,2.9797222222222226,,,31,730a,583,578,578,5,5,0.008576329331046312,1.1129032258064515,1.1129032258064515,648.8225806451612,0.45731592881944444,0.5045834635416665,0.5045834635416665,1600,1166,1156,0.72875,0.7225,0,0,262.0585,PAM01-BK,0,,,ON,False
2026-06-16,,IM6,2,,J34A BG BRACKET A,,,5764,800,0,7.666666666666667,34.5,9.015833333333331,-1.0158333333333314,,,31,,1047,1047,1047,0,0,0,1.1129032258064515,1.1129032258064515,1165.2096774193546,1.4749339843749996,1.6414587890624994,1.6414587890624994,1600,2094,2094,1.30875,1.30875,0,0,470.6265,PAM01-BK,0,,,ON,False
2026-06-16,,IM7,3,ONGOING,T90A RCL Extension A,1040487,,MO5772,700,93.33333333333333,7.583333333333333,39,0,8,,cutter down in window.,,,447,447,447,0,0,0,0,0,0,0,0,0,1400,894,894,0.6385714285714286,0.6385714285714286,640.1039999999999,0,241.38000000000002,PC003-BK,0,,,ON,False
2026-06-16,,IM7,1,8:00AM,P33A FCL Base C,1046683,,5549,500,0,6.527777777777778,47,2.4444444444444446,5.555555555555555,,,44,1130a,200,390,390,10,10,0.025,1.0681818181818181,1.0681818181818181,213.63636363636363,0.12222222222222223,0.12729166666666666,0.12729166666666666,2000,800,780,0.4,0.39,0,0,136.86,PC017-WT,0,,,ON,False
2026-06-16,,IM7,2,,P33A FCL Base C,,,5549,600,0,7.833333333333333,47,8.714444444444444,-0.7144444444444442,,,44,,713,1426,1426,0,0,0,1.0681818181818181,1.0681818181818181,761.6136363636364,1.294458101851852,1.3827166087962963,1.3827166087962963,2400,2852,2852,1.1883333333333332,1.1883333333333332,0,0,487.90590000000003,PC017-WT,0,,,ON,False
2026-06-16,,IM8,3,,SD,,,0,,0,0,0,0,0,,,,,,0,0,0,0,0,0,0,0,0,0,0,0,0,0,0,0,0,0,0,0,0,,,SD,False
2026-06-16,,IM8,1,,SD,,,0,,0,0,0,0,0,,,,,,0,0,0,0,0,0,0,0,0,0,0,0,0,0,0,0,0,0,0,0,0,,,SD,False
2026-06-16,,IM8,2,,SD,,,0,,0,0,0,0,0,,,,,,0,0,0,0,0,0,0,0,0,0,0,0,0,0,0,0,0,0,0,0,0,,,SD,False
2026-06-16,,IM9,3,12:00AM,150B SPL Housing,1045011,,M05201,550,110,6.875,45,3.1243055555555554,4.875694444444445,,No totes.,40.9,2a,275,270,270,5,5,0.01818181818181818,1.1002444987775062,1.1002444987775062,302.5672371638142,0.19526909722222222,0.2109375,0.2109375,1100,550,540,0.5,0.4909090909090909,603.18,11.17,217.25,PC001-GY,0,,,ON,False
2026-06-16,,IM9,1,8:30AM,31CC Reflector Turn,1046437,,TNL 620,500,50,5.555555555555555,40,0,4.875694444444445,,,,,,0,0,0,0,0,0,0,0,0.21479600694444442,0,0,1000,0,0,0,0,0,0,0,PBT05-BK,0,,,ON,True
2026-06-16,,IM9,1,,150B SPL Housing,,,M05201,,0,0,45,3.1243055555555554,-5.626527777777778,,no totes.,40.9,,275,272,272,3,3,0.01090909090909091,1.1002444987775062,1.1002444987775062,302.5672371638142,3.3749989335317463,3.6728150207982737,3.6728150207982737,0,550,544,275,272,607.648,6.702,217.25,PC001-GY,0,,,ON,True
2026-06-16,,IM9,2,,31CC Reflector Turn,,,TNL 620,700,70,7.777777777777778,40,10.502222222222223,-2.5022222222222226,,,34,1p,1112,1107,1107,5,5,0.0044964028776978415,1.1764705882352942,1.1764705882352942,1308.235294117647,2.08544126984127,2.4424285714285716,2.4424285714285716,1400,2224,2214,1.5885714285714285,1.5814285714285714,1799.982,8.129999999999999,326.928,PBT05-BK,0,,,ON,False
2026-06-17,,IM1,3,1:00AM,NQ5A Bumper Brkt O/B,1048725,,1024,500,0,6.002777777777778,43.22,0,8,,,,,,0,0,0,0,0,0,0,0,0,0,0,1000,0,0,0,0,0,0,0,PAM02-BK,0,,,ON,False
2026-06-17,,IM1,1,,NQ5A Bumper Brkt O/B,,,1024,650,0,7.8036111111111115,43.22,11.102319444444445,-3.1023194444444453,,,32.95,2a,1213,1213,1213,0,0,0,1.3116843702579664,1.3116843702579664,1591.0731411229133,2.589829516559829,3.397038898504273,3.397038898504273,1300,2426,2426,1.866153846153846,1.866153846153846,0,0,133.67260000000002,PAM02-BK,0,,,ON,False
2026-06-17,,IM1,2,,NQ5A Bumper Brkt O/B,,,1024,650,0,7.8036111111111115,43.22,11.157236111111112,-3.1572361111111125,,,32.95,,1219,1219,1219,0,0,0,1.3116843702579664,1.3116843702579664,1598.943247344461,2.6155136191239317,3.4307283344017088,3.4307283344017088,1300,2438,2438,1.8753846153846154,1.8753846153846154,0,0,134.3338,PAM02-BK,0,,,ON,False
2026-06-17,,IM10,3,12:00AM,31CC Bezel (Trim Ring),1046836,,TNL 625,600,0,7,42,4.4125,3.5875000000000004,,,35.3,1145p,450,444,444,6,6,0.013333333333333334,1.189801699716714,1.189801699716714,535.4107648725213,0.41367187499999997,0.48562500000000003,0.48562500000000003,1200,900,888,0.75,0.74,902.208,12.192,99.09,PC013-BK,0,,,ON,False
2026-06-17,,IM10,1,,31CC Bezel (Trim Ring),,,TNL 625,650,0,7.583333333333333,42,9.805555555555555,-1.8055555555555554,,,35.3,ongoing,1000,1000,1000,0,0,0,1.189801699716714,1.189801699716714,1189.801699716714,1.8856837606837604,2.2435897435897436,2.2435897435897436,1300,2000,2000,1.5384615384615385,1.5384615384615385,2032,0,220.20000000000002,PC013-BK,0,,,ON,False
2026-06-17,,IM10,2,4:00PM,GC7 CHL HG Bracket A,1047162,,M05193,800,53.333333333333336,6.222222222222222,28,7.005555555555556,0.9944444444444436,,,26,445p,970,960,960,10,10,0.010309278350515464,1.0769230769230769,1.0769230769230769,1044.6153846153845,1.061779513888889,1.1316666666666668,1.1316666666666668,1600,1940,1920,1.2125,1.2,2540.16,26.46,606.056,PAM01-BK,0,,,ON,False
2026-06-17,,IM11,3,ONGOING,01OB Bezel Plug,1044957,,1943,800,21.333333333333332,7.777777777777778,35,5.353138888888889,2.646861111111111,,,37.42,ongoing,515,2060,2060,0,0,0,0.9353287012292891,0.9353287012292891,481.6942811330839,0.4307603949652778,0.4029025607638889,0.4029025607638889,6400,4120,4120,0.64375,0.64375,395.52,0,156.40550000000002,ABS07-BK,0,,,ON,False
2026-06-17,,IM11,1,,01OB Bezel Plug,,,1943,800,21.333333333333332,7.777777777777778,35,8.32595,-0.32595000000000063,,,37.42,,801,3204,3204,0,0,0,0.9353287012292891,0.9353287012292891,749.1982896846606,1.0420446796875,0.974654296875,0.974654296875,6400,6408,6408,1.00125,1.00125,615.168,0,243.26370000000003,ABS07-BK,0,,,ON,False
2026-06-17,,IM11,2,4:30PM,NQ5A Flange Brkt,1048727,,1021,500,0,5.691666666666666,40.98,6.153888888888889,-1.7815500000000002,,,38,645p,583,578,578,5,5,0.008576329331046312,1.078421052631579,1.078421052631579,628.7194736842105,2.27910115,2.436751496046131,2.436751496046131,1000,1166,1156,1.166,1.156,0,0,80.2024355,PP022-BK,0,,,ON,True
2026-06-17,,IM11,2,,01OB Bezel Plug,,,1943,,0,0,35,3.6276611111111112,0.7755333333333336,,,37.42,,349,1396,1396,0,0,0,0.9353287012292891,0.9353287012292891,326.4297167290219,1.0630286666666666,0.9942812221628362,0.9942812221628362,0,2792,2792,349,349,268.032,0,105.99130000000001,ABS07-BK,0,,,ON,True
2026-06-17,,IM12,3,12:30AM,550B RCL-LED Base SAE,1047068,,M05332,700,31.818181818181817,5.833333333333333,30,3.5968055555555556,4.403194444444445,,,27.26,115a,475,475,475,0,0,0,1.1005135730007336,1.1005135730007336,522.7439471753485,0.305086185515873,0.3357514880952381,0.3357514880952381,1400,950,950,0.6785714285714286,0.6785714285714286,329.65,0,76.95,PP025-BK,0,,,ON,False
2026-06-17,,IM12,1,,550B RCL-LED Base SAE,,,M05332,900,40.90909090909091,7.5,30,7.670777777777777,0.3292222222222234,,,26.2,,1054,1054,1054,0,0,0,1.1450381679389314,1.1450381679389314,1206.8702290076337,1.122916635802469,1.2857824074074073,1.2857824074074073,1800,2108,2108,1.1711111111111112,1.1711111111111112,731.476,0,170.74800000000002,PP025-BK,0,,,ON,False
2026-06-17,,IM12,2,,550B RCL-LED Base SAE,,,M05332,900,40.90909090909091,7.5,30,7.139499999999999,0.8605000000000009,,,26.2,,981,981,981,0,0,0,1.1450381679389314,1.1450381679389314,1123.2824427480916,0.972756875,1.11384375,1.11384375,1800,1962,1962,1.09,1.09,680.814,0,158.922,PP025-BK,0,,,ON,False
2026-06-17,,IM14,3,ONGOING,NQ5A Bumper Brkt I/B #1,1046858,,1022,600,0,7.29,43.74,5.45725,2.54275,,,37.35,,526,526,526,0,0,0,1.1710843373493975,1.1710843373493975,615.9903614457832,0.5980236458333333,0.700336125,0.700336125,1200,1052,1052,0.8766666666666667,0.8766666666666667,0,0,102.14920000000001,PAM02-BK,0,,,ON,False
2026-06-17,,IM14,1,,NQ5A Bumper Brkt I/B #1,,,1022,600,0,7.29,43.74,8.3,-0.3000000000000007,,,37.35,,800,800,800,0,0,0,1.1710843373493975,1.1710843373493975,936.867469879518,1.3833333333333335,1.62,1.62,1200,1600,1600,1.3333333333333333,1.3333333333333333,0,0,155.36,PAM02-BK,0,,,ON,False
2026-06-17,,IM14,2,,NQ5A Bumper Brkt I/B #1,,,1022,600,0,7.29,43.74,3.1125,-1.5091666666666663,,,37.35,,300,300,300,0,0,0,1.1710843373493975,1.1710843373493975,351.32530120481925,1.7948552083333331,2.1019268222891565,2.1019268222891565,1200,600,600,0.5,0.5,0,0,58.260000000000005,PAM02-BK,0,,,ON,True
2026-06-17,,IM14,2,,NQ5A Bumper Brkt I/B #2,,,1023,,0,0,43.48,6.3966666666666665,-1.8311111111111114,,,38,6p,606,596,596,10,10,0.0165016501650165,1.1442105263157893,1.1442105263157893,693.3915789473683,2.4725244444444447,2.782403867261112,2.782403867261112,0,1212,1192,606,596,0,0,94.17240000000001,PAM02-BK,0,,,ON,True
2026-06-17,,IM15,3,1:30AM,U625 REFLEX REFLECTOR,1035204,,MO8085,500,0,4.583333333333333,33,3.4344444444444444,4.565555555555555,,,30.91,130a,400,400,400,0,0,0,1.0676156583629892,1.0676156583629892,427.0462633451957,0.34344444444444444,0.36666666666666664,0.36666666666666664,1000,800,800,0.8,0.8,308.8,0,61.63999999999999,PMMA01-AM,0,,,ON,False
2026-06-17,,IM15,1,,U625 REFLEX REFLECTOR,,,MO8085,800,0,7.333333333333333,33,8.463166666666668,-0.46316666666666784,,,30.9,,986,986,986,0,0,0,1.0679611650485437,1.0679611650485437,1053.009708737864,1.3038566145833335,1.3924682291666668,1.3924682291666668,1600,1972,1972,1.2325,1.2325,761.192,0,151.9426,PMMA01-AM,0,,,ON,False
2026-06-17,,IM15,2,,U625 REFLEX REFLECTOR,,,MO8085,800,0,7.333333333333333,33,7.931,0.06899999999999995,,,30.9,,924,924,924,0,0,0,1.0679611650485437,1.0679611650485437,986.7961165048544,1.145038125,1.2228562499999998,1.2228562499999998,1600,1848,1848,1.155,1.155,713.328,0,142.3884,PMMA01-AM,0,,,ON,False
2026-06-17,,IM16,3,,SD,,,0,,0,0,0,0,0,,,,,,0,0,0,0,0,0,0,0,0,0,0,0,0,0,0,0,0,0,0,0,0,,,SD,False
2026-06-17,,IM16,1,,SD,,,0,,0,0,0,0,0,,,,,,0,0,0,0,0,0,0,0,0,0,0,0,0,0,0,0,0,0,0,0,0,,,SD,False
2026-06-17,,IM16,2,,SD,,,0,,0,0,0,0,0,,,,,,0,0,0,0,0,0,0,0,0,0,0,0,0,0,0,0,0,0,0,0,0,,,SD,False
2026-06-17,,IM17,3,,SD,,,0,,0,0,0,0,0,,,,,,0,0,0,0,0,0,0,0,0,0,0,0,0,0,0,0,0,0,0,0,0,,,SD,False
2026-06-17,,IM17,1,,SD,,,0,,0,0,0,0,0,,,,,,0,0,0,0,0,0,0,0,0,0,0,0,0,0,0,0,0,0,0,0,0,,,SD,False
2026-06-17,,IM17,2,,SD,,,0,,0,0,0,0,0,,,,,,0,0,0,0,0,0,0,0,0,0,0,0,0,0,0,0,0,0,0,0,0,,,SD,False
2026-06-17,,IM18,3,2:00AM,DL3A HL STD/OPT BOT BEZ ,1048386,,632,300,0,4.487333333333334,53.848000000000006,0,8,,,,,300,300,300,0,0,0,0,0,0,0,0,0,600,600,600,1,1,0,0,106.8,PBT03-BK,0,,,ON,False
2026-06-17,,IM18,1,,SD,,,0,,0,0,0,0,0,,,,,,0,0,0,0,0,0,0,0,0,0,0,0,0,0,0,0,0,0,0,0,0,,,SD,False
2026-06-17,,IM18,2,,SD,,,0,,0,0,0,0,0,,,,,,0,0,0,0,0,0,0,0,0,0,0,0,0,0,0,0,0,0,0,0,0,,,SD,False
2026-06-17,,IM19,3,,SD,,,0,,0,0,0,0,0,,,,,,0,0,0,0,0,0,0,0,0,0,0,0,0,0,0,0,0,0,0,0,0,,,SD,False
2026-06-17,,IM19,1,9:00AM,T1XL FASCIA BRACKET 2,1039453,,729,350,0,5.347222222222222,55,6.210750000000001,1.7892499999999991,,,44.1,645a,507,505,505,2,2,0.0039447731755424065,1.2471655328798186,1.2471655328798186,632.3129251700681,1.1245893750000002,1.3970163690476192,1.3970163690476192,700,1014,1010,1.4485714285714286,1.4428571428571428,877.6899999999999,3.476,251.97899999999998,PP028-BK,0,,,ON,False
2026-06-17,,IM19,2,,T1XL FASCIA BRACKET 2,,,729,500,0,7.638888888888889,55,12.152,-4.151999999999999,,,44.1,,992,992,992,0,0,0,1.2471655328798186,1.2471655328798186,1237.18820861678,3.013696,3.7585777777777776,3.7585777777777776,1000,1984,1984,1.984,1.984,1724.096,0,493.024,PP028-BK,0,,,ON,False
2026-06-17,,IM2,3,,SD,,,0,,0,0,0,0,0,,,,,,0,0,0,0,0,0,0,0,0,0,0,0,0,0,0,0,0,0,0,0,0,,,SD,False
2026-06-17,,IM2,1,,SD,,,0,,0,0,0,0,0,,,,,,0,0,0,0,0,0,0,0,0,0,0,0,0,0,0,0,0,0,0,0,0,,,SD,False
2026-06-17,,IM2,2,,SD,,,0,,0,0,0,0,0,,,,,,0,0,0,0,0,0,0,0,0,0,0,0,0,0,0,0,0,0,0,0,0,,,SD,False
2026-06-17,,IM3,3,ONGOING,T90A RCL INNER LENS B,1032941,,MO5778,700,58.333333333333336,6.416666666666667,33,0,8,,No pack go to next tool per supervisor.,,,,0,0,0,0,0,0,0,0,0,0,0,1400,0,0,0,0,0,0,0,PC011-NC,0,,,ON,False
2026-06-17,,IM3,1,7:00AM,L42P(2) HL Reflector A (REV ---),1048418,,4385,700,0,7.388888888888889,38,10.1,-2.0999999999999996,,,36,3a,1010,1010,1010,0,0,0,1.0555555555555556,1.0555555555555556,1066.111111111111,1.8216071428571428,1.9228075396825397,1.9228075396825397,1400,2020,2020,1.4428571428571428,1.4428571428571428,0,0,750.733,PC003-BK,0,,,ON,False
2026-06-17,,IM3,2,,L42P(2) HL Reflector A (REV ---),,,4385,700,0,7.388888888888889,38,7.54,0.45999999999999996,,Pause for no pack.,36,,754,754,754,0,0,0,1.0555555555555556,1.0555555555555556,795.8888888888889,1.0152071428571428,1.0716075396825395,1.0716075396825395,1400,1508,1508,1.0771428571428572,1.0771428571428572,0,0,560.4481999999999,PC003-BK,0,,,ON,False
2026-06-17,,IM4,3,11:00PM,"DL3A HL RIM BEZ LOW OUT, OPT ",1048726,,635,300,0,3.564666666666667,42.776,2.1634944444444444,5.836505555555556,,,25.79,1130p,302,302,302,0,0,0,1.658627374951532,1.658627374951532,500.9054672353626,0.2722397175925926,0.4515442481481482,0.4515442481481482,600,604,604,1.0066666666666666,1.0066666666666666,0,0,24.764,PBT02-DGY,0,,,ON,False
2026-06-17,,IM4,1,7:30AM,"DL3A HL OPT RIM BEZ HIGH, OPT ",1048705,,637,300,0,3.5760000000000005,42.912000000000006,2.626111111111111,5.373888888888889,,,29,,326,326,326,0,0,0,1.4797241379310346,1.4797241379310346,482.3900689655173,0.3567134259259259,0.5278374666666668,0.5278374666666668,600,652,652,1.0866666666666667,1.0866666666666667,0,0,30.644,PBT02-DGY,0,,,ON,False
2026-06-17,,IM4,2,ASAP,T90A CHL EXTENSION B,1047736,,MO6519,800,53.333333333333336,7.555555555555555,34,0,8,,Grease on parts. Pulled to tool room for repair and PM.,,,,0,0,0,0,0,0,0,0,0,0,0,1600,0,0,0,0,0,0,0,PC003-BK,0,,,ON,False
2026-06-17,,IM5,3,,SD,,,0,,0,0,0,0,0,,,,,,0,0,0,0,0,0,0,0,0,0,0,0,0,0,0,0,0,0,0,0,0,,,SD,False
2026-06-17,,IM5,1,,SD,,,0,,0,0,0,0,0,,,,,,0,0,0,0,0,0,0,0,0,0,0,0,0,0,0,0,0,0,0,0,0,,,SD,False
2026-06-17,,IM5,2,,SD,,,0,,0,0,0,0,0,,,,,,0,0,0,0,0,0,0,0,0,0,0,0,0,0,0,0,0,0,0,0,0,,,SD,False
2026-06-17,,IM6,3,11:30PM,311 D Bezel Plug,1026425,,0,800,0,7.777777777777778,35,5.615277777777778,0,,,31.1,1115p,650,2600,2600,0,0,0,1.12540192926045,1.12540192926045,731.5112540192926,0.5703016493055556,0.6418185763888888,0.6418185763888888,6400,5200,5200,0.8125,0.8125,0,0,208,ABS07-BK,0,,,ON,False
2026-06-17,,IM6,1,,311 D Bezel Plug,,,0,800,0,7.777777777777778,35,7.990972222222223,0,,,31.1,,925,3700,3700,0,0,0,1.12540192926045,1.12540192926045,1040.9967845659162,1.1549452039930557,1.2997775607638888,1.2997775607638888,6400,7400,7400,1.15625,1.15625,0,0,296,ABS07-BK,0,,,ON,False
2026-06-17,,IM6,2,,311 D Bezel Plug,,,0,800,0,7.777777777777778,35,11.532916666666667,0,,,31.1,,1335,5340,5340,0,0,0,1.12540192926045,1.12540192926045,1502.4115755627008,2.4056943359375,2.707373046875,2.707373046875,6400,10680,10680,1.66875,1.66875,0,0,427.2,ABS07-BK,0,,,ON,False
2026-06-17,,IM7,3,ONGOING,P33A FCL Base C,1046683,,5549,600,0,7.833333333333333,47,7.081388888888889,0.9186111111111108,,,48.1,ongoing,530,1060,1060,0,0,0,0.9771309771309771,0.9771309771309771,517.8794178794178,0.7819033564814816,0.7640219907407407,0.7640219907407407,2400,2120,2120,0.8833333333333333,0.8833333333333333,0,0,362.67900000000003,PC017-WT,0,,,ON,False
2026-06-17,,IM7,1,8:00AM,TZ5X Extension 4,1048255,,M03931,200,80,1.8333333333333333,33,0,8,,Posture issues with robot maintenance working on it.,,,,0,0,0,0,0,0,0,0,0,0,0,400,0,0,0,0,0,0,0,PC003-BK,0,,,ON,False
2026-06-17,,IM7,2,3:00PM,550B RCL-LED Reflector,1048350,,MO5239,800,160,7.777777777777778,35,0,8,,,,,,0,0,0,0,0,0,0,0,0,0,0,1600,0,0,0,0,0,0,0,PC018-BK,0,,,ON,True
2026-06-17,,IM7,2,,TZ5X Extension 4,,,M03931,,0,0,33,0,8,,,,430p,311,306,306,5,5,0.01607717041800643,0,0,0,0,0,0,0,622,612,311,306,619.9559999999999,10.129999999999999,286.12,PC003-BK,0,,,ON,True
2026-06-17,,IM8,3,,SD,,,0,,0,0,0,0,0,,,,,,0,0,0,0,0,0,0,0,0,0,0,0,0,0,0,0,0,0,0,0,0,,,SD,False
2026-06-17,,IM8,1,,SD,,,0,,0,0,0,0,0,,,,,,0,0,0,0,0,0,0,0,0,0,0,0,0,0,0,0,0,0,0,0,0,,,SD,False
2026-06-17,,IM8,2,,SD,,,0,,0,0,0,0,0,,,,,,0,0,0,0,0,0,0,0,0,0,0,0,0,0,0,0,0,0,0,0,0,,,SD,False
2026-06-17,,IM9,3,ONGOING,31CC Reflector Turn,1046437,,TNL 620,700,70,7.777777777777778,40,5.677777777777778,2.322222222222222,,,35,ongoing,584,584,584,0,0,0,1.1428571428571428,1.1428571428571428,667.4285714285714,0.5921111111111111,0.6766984126984127,0.6766984126984127,1400,1168,1168,0.8342857142857143,0.8342857142857143,949.584,0,171.696,PBT05-BK,0,,,ON,False
2026-06-17,,IM9,1,8:30AM,890B CHL-LED Cover HG,1047128,,5417,600,0,6,36,3.229777777777777,2.3591111111111114,,,33.8,945a,344,344,344,0,0,0,1.0650887573964498,1.0650887573964498,366.39053254437874,0.6957096296296296,0.7409925049309665,0.7409925049309665,1200,688,688,0.5733333333333334,0.5733333333333334,0,0,113.176,PP018-BK,0,,,ON,True
2026-06-17,,IM9,1,,31CC Reflector Turn,,,TNL 620,,0,0,40,2.4111111111111114,-4.588666666666667,,,35,ongoing,248,248,248,0,0,0,1.1428571428571428,1.1428571428571428,283.4285714285714,2.62001625,2.9943042857142856,2.9943042857142856,0,496,496,248,248,403.248,0,72.91199999999999,PBT05-BK,0,,,ON,True
2026-06-17,,IM9,2,,890B CHL-LED Cover HG,,,5417,800,0,8,36,10.177555555555555,-2.1775555555555552,,,33.8,,1084,1084,1084,0,0,0,1.0650887573964498,1.0650887573964498,1154.5562130177516,1.7238234722222223,1.8360250000000002,1.8360250000000002,1600,2168,2168,1.355,1.355,0,0,356.636,PP018-BK,0,,,ON,False
2026-06-18,,IM1,3,ONGOING,NQ5A Bumper Brkt O/B,1048725,,1024,650,0,7.8036111111111115,43.22,5.1972,2.8028000000000004,,,32.94,,568,568,568,0,0,0,1.3120825743776563,1.3120825743776563,745.2629022465088,0.5676941538461538,0.7448616068376068,0.7448616068376068,1300,1136,1136,0.8738461538461538,0.8738461538461538,0,0,62.5936,PAM02-BK,0,,,ON,False
2026-06-18,,IM1,1,,NQ5A Bumper Brkt O/B,,,1024,650,0,7.8036111111111115,43.22,7.2376499999999995,0.7623500000000005,,,32.94,,791,791,791,0,0,0,1.3120825743776563,1.3120825743776563,1037.8573163327262,1.1009579134615384,1.4445476933760681,1.4445476933760681,1300,1582,1582,1.216923076923077,1.216923076923077,0,0,87.1682,PAM02-BK,0,,,ON,False
2026-06-18,,IM1,2,,NQ5A Bumper Brkt O/B,,,1024,650,0,7.8036111111111115,43.22,9.96435,-1.9643499999999996,,,32.94,,1089,1089,1089,0,0,0,1.3120825743776563,1.3120825743776563,1428.8579234972676,2.0867648365384612,2.7380077788461534,2.7380077788461534,1300,2178,2178,1.6753846153846155,1.6753846153846155,0,0,120.0078,PAM02-BK,0,,,ON,False
2026-06-18,,IM10,3,ONGOING,GC7 CHL HG Bracket A,1047162,,M05193,1000,66.66666666666667,7.777777777777778,28,5.155555555555555,2.844444444444445,,,32,ongoing,580,570,570,10,10,0.017241379310344827,0.875,0.875,507.5,0.3737777777777777,0.3214166666666666,0.3214166666666666,2000,1160,1140,0.58,0.57,1508.22,26.46,362.384,PAM01-BK,0,,,ON,False
2026-06-18,,IM10,1,,GC7 CHL HG Bracket A,,,M05193,1000,66.66666666666667,7.777777777777778,28,7.934911111111111,0.06508888888888897,,,31.46,,908,898,898,10,10,0.011013215859030838,0.8900190718372536,0.8900190718372536,808.1373172282263,0.9006124111111111,0.7927344444444444,0.7927344444444444,2000,1816,1796,0.908,0.898,2376.1079999999997,26.46,567.3184,PAM01-BK,0,,,ON,False
2026-06-18,,IM10,2,4:00PM,J34A HG BRACKET A,1047233,,5765,700,0,6.708333333333333,34.5,4.061111111111112,0.9938888888888879,,No pack in window to run.,34,545p,430,422,422,8,8,0.018604651162790697,1.0147058823529411,1.0147058823529411,436.3235294117647,0.9658424603174605,0.9618126114748227,0.9618126114748227,1400,860,844,0.6142857142857143,0.6028571428571429,0,0,293.303,PAM01-BK,0,,,ON,True
2026-06-18,,IM10,2,,GC7 CHL HG Bracket A,,,M05193,,0,0,28,2.945,0.23971111111111165,,,31,ongoing,342,342,342,0,0,0,0.9032258064516129,0.9032258064516129,308.9032258064516,1.1210845912698413,1.0125925340501791,1.0125925340501791,0,684,684,342,342,904.932,0,213.6816,PAM01-BK,0,,,ON,True
2026-06-18,,IM11,3,ONGOING,NQ5A Flange Brkt,1048727,,1021,700,0,7.968333333333332,40.98,4.8152888888888885,3.1847111111111115,,,37.12,ongoing,467,467,467,0,0,0,1.1039870689655171,1.1039870689655171,515.5619612068965,0.40156069841269837,0.4433178184523809,0.4433178184523809,1400,934,934,0.6671428571428571,0.6671428571428571,0,0,64.2444895,PP022-BK,0,,,ON,False
2026-06-18,,IM11,1,,NQ5A Flange Brkt,,,1021,700,0,7.968333333333332,40.98,7.355511111111111,0.6444888888888887,,,36.88,,718,718,718,0,0,0,1.1111713665943599,1.1111713665943599,797.8210412147504,0.9430816031746032,1.0479252738095237,1.0479252738095237,1400,1436,1436,1.0257142857142858,1.0257142857142858,0,0,98.77418300000001,PP022-BK,0,,,ON,False
2026-06-18,,IM11,2,,NQ5A Flange Brkt,,,1021,700,0,7.968333333333332,40.98,8.933155555555555,-0.9331555555555546,,,36.88,,872,872,872,0,0,0,1.1111713665943599,1.1111713665943599,968.9414316702819,1.3910199365079363,1.5456615238095233,1.5456615238095233,1400,1744,1744,1.2457142857142858,1.2457142857142858,0,0,119.959732,PP022-BK,0,,,ON,False
2026-06-18,,IM12,3,,SD,,,0,,0,0,0,0,0,,,,,,0,0,0,0,0,0,0,0,0,0,0,0,0,0,0,0,0,0,0,0,0,,,SD,False
2026-06-18,,IM12,1,,SD,,,0,,0,0,0,0,0,,,,,,0,0,0,0,0,0,0,0,0,0,0,0,0,0,0,0,0,0,0,0,0,,,SD,False
2026-06-18,,IM12,2,,SD,,,0,,0,0,0,0,0,,,,,,0,0,0,0,0,0,0,0,0,0,0,0,0,0,0,0,0,0,0,0,0,,,SD,False
2026-06-18,,IM14,3,11:30PM,NQ5A Bumper Brkt I/B #2,1048729,,1023,600,0,7.246666666666665,43.48,4.422777777777778,3.577222222222222,,,38,ongoing,419,419,419,0,0,0,1.1442105263157893,1.1442105263157893,479.42421052631573,0.3860716435185185,0.4417472384259259,0.4417472384259259,1200,838,838,0.6983333333333334,0.6983333333333334,0,0,65.1126,PAM02-BK,0,,,ON,False
2026-06-18,,IM14,1,,NQ5A Bumper Brkt I/B #2,,,1023,650,0,7.850555555555554,43.48,7.304444444444444,0.6955555555555559,,,38,,692,692,692,0,0,0,1.1442105263157893,1.1442105263157893,791.7936842105262,0.9720529914529914,1.1122332649572648,1.1122332649572648,1300,1384,1384,1.0646153846153845,1.0646153846153845,0,0,107.53680000000001,PAM02-BK,0,,,ON,False
2026-06-18,,IM14,2,,NQ5A Bumper Brkt I/B #2,,,1023,650,0,7.850555555555554,43.48,8.919444444444444,-0.9194444444444443,,,38,,845,845,845,0,0,0,1.1442105263157893,1.1442105263157893,966.857894736842,1.4494097222222222,1.6584298611111108,1.6584298611111108,1300,1690,1690,1.3,1.3,0,0,131.31300000000002,PAM02-BK,0,,,ON,False
2026-06-18,,IM15,3,,SD,,,0,,0,0,0,0,0,,,,,,0,0,0,0,0,0,0,0,0,0,0,0,0,0,0,0,0,0,0,0,0,,,SD,False
2026-06-18,,IM15,1,,SD,,,0,,0,0,0,0,0,,,,,,0,0,0,0,0,0,0,0,0,0,0,0,0,0,0,0,0,0,0,0,0,,,SD,False
2026-06-18,,IM15,2,,SD,,,0,,0,0,0,0,0,,,,,,0,0,0,0,0,0,0,0,0,0,0,0,0,0,0,0,0,0,0,0,0,,,SD,False
2026-06-18,,IM16,3,11:00PM,FORD PIN,1032104,,656,700,1.4,7.777777777777778,40,8.56388888888889,-0.56388888888889,,,30.83,,1000,4000,0,0,0,0,1.2974375608173858,1.2974375608173858,1297.437560817386,1.5292658730158732,1.9841269841269846,1.9841269841269846,2800,4000,4000,1.4285714285714286,1.4285714285714286,716,0,55.995999999999995,PP024-BK,0,,,ON,False
2026-06-18,,IM16,1,,FORD PIN,,,656,700,1.4,7.777777777777778,40,8.030555555555557,-0.03055555555555678,,,28.91,,1000,4000,0,0,0,0,1.3836042891732965,1.3836042891732965,1383.6042891732964,1.434027777777778,1.9841269841269844,1.9841269841269844,2800,4000,4000,1.4285714285714286,1.4285714285714286,716,0,55.995999999999995,PP024-BK,0,,,ON,False
2026-06-18,,IM16,2,,FORD PIN,,,656,700,1.4,7.777777777777778,40,0,8,,,,,,0,0,0,0,0,0,0,0,0,0,0,2800,0,0,0,0,0,0,0,PP024-BK,0,,,ON,False
2026-06-18,,IM17,3,,SD,,,0,,0,0,0,0,0,,,,,,0,0,0,0,0,0,0,0,0,0,0,0,0,0,0,0,0,0,0,0,0,,,SD,False
2026-06-18,,IM17,1,,SD,,,0,,0,0,0,0,0,,,,,,0,0,0,0,0,0,0,0,0,0,0,0,0,0,0,0,0,0,0,0,0,,,SD,False
2026-06-18,,IM17,2,,SD,,,0,,0,0,0,0,0,,,,,,0,0,0,0,0,0,0,0,0,0,0,0,0,0,0,0,0,0,0,0,0,,,SD,False
2026-06-18,,IM18,3,,SD,,,0,,0,0,0,0,0,,,,,,0,0,0,0,0,0,0,0,0,0,0,0,0,0,0,0,0,0,0,0,0,,,SD,False
2026-06-18,,IM18,1,,SD,,,0,,0,0,0,0,0,,,,,,0,0,0,0,0,0,0,0,0,0,0,0,0,0,0,0,0,0,0,0,0,,,SD,False
2026-06-18,,IM18,2,,SD,,,0,,0,0,0,0,0,,,,,,0,0,0,0,0,0,0,0,0,0,0,0,0,0,0,0,0,0,0,0,0,,,SD,False
2026-06-18,,IM19,3,ONGOING,T1XL FASCIA BRACKET 2,1039453,,729,500,0,7.638888888888889,55,4.907794444444445,3.092205555555555,,,44.06,,401,401,401,0,0,0,1.2482977757603269,1.2482977757603269,500.5674080798911,0.4920063930555556,0.6141704861111111,0.6141704861111111,1000,802,802,0.802,0.802,696.938,0,199.297,PP028-BK,0,,,ON,False
2026-06-18,,IM19,1,,T1XL FASCIA BRACKET 2,,,729,500,0,7.638888888888889,55,7.224222222222222,0.7757777777777779,,,44.08,,590,590,590,0,0,0,1.2477313974591653,1.2477313974591653,736.1615245009075,1.0655727777777777,1.3295486111111112,1.3295486111111112,1000,1180,1180,1.18,1.18,1025.42,0,293.23,PP028-BK,0,,,ON,False
2026-06-18,,IM19,2,,T1XL FASCIA BRACKET 2,,,729,500,0,7.638888888888889,55,9.305777777777779,-1.305777777777779,,,44.08,,760,760,760,0,0,0,1.2477313974591653,1.2477313974591653,948.2758620689656,1.768097777777778,2.206111111111112,2.206111111111112,1000,1520,1520,1.52,1.52,1320.8799999999999,0,377.71999999999997,PP028-BK,0,,,ON,False
2026-06-18,,IM2,3,,SD,,,0,,0,0,0,0,0,,,,,,0,0,0,0,0,0,0,0,0,0,0,0,0,0,0,0,0,0,0,0,0,,,SD,False
2026-06-18,,IM2,1,,SD,,,0,,0,0,0,0,0,,,,,,0,0,0,0,0,0,0,0,0,0,0,0,0,0,0,0,0,0,0,0,0,,,SD,False
2026-06-18,,IM2,2,,SD,,,0,,0,0,0,0,0,,,,,,0,0,0,0,0,0,0,0,0,0,0,0,0,0,0,0,0,0,0,0,0,,,SD,False
2026-06-18,,IM3,3,5:00AM,L42P BUL Refl,,,M04264,200,33.333333333333336,1.7777777777777777,32,0,-0.3200000000000003,,,,,,-5,-5,5,5,0,0,0,0,1.0246736842105264,0,0,400,0,-10,0,0,-7.53,7.53,0,PC001-GY,0,,,ON,True
2026-06-18,,IM3,3,ONGOING,L42P(2) HL Reflector A (REV ---),1048418,,4385,700,0,7.388888888888889,38,0,8,,no pack change over per supervisor.,,,,0,0,0,0,0,0,0,0,0,0,0,1400,0,0,0,0,0,0,0,PC003-BK,0,,,ON,True
2026-06-18,,IM3,1,,L42P BUL Refl,1048501,,M04264,750,125,6.666666666666667,32,8.32,-0.3200000000000003,,,32,415a,936,936,936,0,0,0,1,1,936,1.29792,1.29792,1.29792,1500,1872,1872,1.248,1.248,1409.616,0,499.824,PC001-GY,0,,,ON,False
2026-06-18,,IM3,2,,L42P BUL Refl,,,M04264,750,125,6.666666666666667,32,8.862222222222222,-0.862222222222222,,dryer ran to empty waiting for it to dry getting splay,32,,997,997,997,0,0,0,1,1,997,1.4726059259259259,1.4726059259259259,1.4726059259259259,1500,1994,1994,1.3293333333333333,1.3293333333333333,1501.482,0,532.398,PC001-GY,0,,,ON,False
2026-06-18,,IM4,3,ONGOING,L42P RCL Shade,1048526,,M04373,1100,44,7.333333333333333,24,3.1416666666666666,4.858333333333333,,,22.62,1215a,500,495,495,5,5,0.01,1.0610079575596816,1.0610079575596816,530.5039787798407,0.17850378787878787,0.18749999999999997,0.18749999999999997,2200,1000,990,0.45454545454545453,0.44999999999999996,970.1999999999999,9.8,147,PC006-GY,0,,,ON,False
2026-06-18,,IM4,1,,L42P RCL Shade,,,M04373,1100,44,7.333333333333333,24,6.283333333333333,1.7166666666666668,,,22.62,,1000,995,995,5,5,0.005,1.0610079575596816,1.0610079575596816,1061.0079575596815,0.7140151515151515,0.7537878787878787,0.7537878787878787,2200,2000,1990,0.9090909090909091,0.9045454545454545,1950.2,9.8,294,PC006-GY,0,,,ON,False
2026-06-18,,IM4,2,,L42P RCL Shade,,,M04373,1100,44,7.333333333333333,24,8.26988888888889,-0.2698888888888895,,,22.64,,1315,1315,1315,0,0,0,1.0600706713780919,1.0600706713780919,1393.9929328621909,1.235784532828283,1.3100189393939397,1.3100189393939397,2200,2630,2630,1.1954545454545455,1.1954545454545455,2577.4,0,386.60999999999996,PC006-GY,0,,,ON,False
2026-06-18,,IM5,3,,SD,,,0,,0,0,0,0,0,,,,,,0,0,0,0,0,0,0,0,0,0,0,0,0,0,0,0,0,0,0,0,0,,,SD,False
2026-06-18,,IM5,1,,SD,,,0,,0,0,0,0,0,,,,,,0,0,0,0,0,0,0,0,0,0,0,0,0,0,0,0,0,0,0,0,0,,,SD,False
2026-06-18,,IM5,2,,SD,,,0,,0,0,0,0,0,,,,,,0,0,0,0,0,0,0,0,0,0,0,0,0,0,0,0,0,0,0,0,0,,,SD,False
2026-06-18,,IM6,3,ONGOING,311 D Bezel Plug,1026425,,0,800,0,7.777777777777778,35,5.096944444444445,0,,,31.1,,590,2360,2360,0,0,0,1.12540192926045,1.12540192926045,663.9871382636655,0.4698745659722223,0.5287977430555556,0.5287977430555556,6400,4720,4720,0.7375,0.7375,0,0,188.8,ABS07-BK,0,,,ON,False
2026-06-18,,IM6,1,,311 D Bezel Plug,,,0,800,0,7.777777777777778,35,7.135722222222223,0,,,31.1,,826,3304,3304,0,0,0,1.12540192926045,1.12540192926045,929.5819935691317,0.9209541493055556,1.0364435763888888,1.0364435763888888,6400,6608,6608,1.0325,1.0325,0,0,264.32,ABS07-BK,0,,,ON,False
2026-06-18,,IM6,2,,311 D Bezel Plug,,,0,800,0,7.777777777777778,35,6.081777777777778,0,,,31.1,,704,2816,2816,0,0,0,1.12540192926045,1.12540192926045,792.2829581993568,0.6689955555555556,0.7528888888888888,0.7528888888888888,6400,5632,5632,0.88,0.88,0,0,225.28,ABS07-BK,0,,,ON,False
2026-06-18,,IM7,3,ONGOING,550B RCL-LED Reflector,1048350,,MO5239,700,140,6.805555555555555,35,4.354166666666667,3.645833333333333,,Down for wip.,33,ongoing,475,475,475,0,0,0,1.0606060606060606,1.0606060606060606,503.78787878787875,0.369326636904762,0.3917100694444445,0.3917100694444445,1400,950,950,0.6785714285714286,0.6785714285714286,890.1500000000001,0,296.4,PC018-BK,0,,,ON,False
2026-06-18,,IM7,1,,550B RCL-LED Reflector,,,MO5239,700,140,6.805555555555555,35,2.621666666666667,5.378333333333333,,Down for wip.,33,,286,286,286,0,0,0,1.0606060606060606,1.0606060606060606,303.3333333333333,0.13389226190476192,0.14200694444444445,0.14200694444444445,1400,572,572,0.4085714285714286,0.4085714285714286,535.964,0,178.464,PC018-BK,0,,,ON,False
2026-06-18,,IM7,2,3:30PM,P33A FCL Base C,1050411,,5549,500,0,6.527777777777778,47,6.01,1.9900000000000002,,,36,3p,601,1172,1192,30,10,0.016638935108153077,1.3055555555555556,1.3055555555555556,784.6388888888889,0.9030024999999999,1.1593039583333333,1.1593039583333333,2000,2404,2364,1.202,1.182,0,0,411.2643,PC017-WT,0,,,ON,False
2026-06-18,,IM8,3,,SD,,,0,,0,0,0,0,0,,,,,,0,0,0,0,0,0,0,0,0,0,0,0,0,0,0,0,0,0,0,0,0,,,SD,False
2026-06-18,,IM8,1,,SD,,,0,,0,0,0,0,0,,,,,,0,0,0,0,0,0,0,0,0,0,0,0,0,0,0,0,0,0,0,0,0,,,SD,False
2026-06-18,,IM8,2,TBD,31CC DRL Inner Lens,1048728,,TNL 621,100,14.285714285714286,1.1388888888888888,41,0,8,,Rust tool room out to polish.,,,294,282,282,12,12,0.04081632653061224,0,0,0,0,0,0,200,588,564,2.94,2.82,588.816,25.056,164.89166400000002,PC020-NC,0,,,ON,False
2026-06-18,,IM9,3,12:00AM,150B SPL Housing,1046909,,M05201,500,100,6.25,45,4.117361111111111,3.8826388888888888,,,42.35,,350,350,350,0,0,0,1.062573789846517,1.062573789846517,371.900826446281,0.3602690972222222,0.3828125,0.3828125,1000,700,700,0.7,0.7,781.9,0,276.5,PC001-GY,0,,,ON,False
2026-06-18,,IM9,1,8:30AM,T90A RCL Reflector A,1048627,,MO5774,500,125,5.555555555555555,40,0,8,,tooling working on tool damage on slide causing flash.,,,,0,0,0,0,0,0,0,0,0,0,0,1000,0,0,0,0,0,0,0,PC001-GY,0,,,ON,True
2026-06-18,,IM9,1,,150B SPL Housing,,,M05201,,0,0,45,0,8,,,,,150,150,150,0,0,0,0,0,0,0,0,0,0,300,300,150,150,335.1,0,118.5,PC001-GY,0,,,ON,True
2026-06-18,,IM9,2,,T90A RCL Reflector A,,,MO5774,700,175,7.777777777777778,40,0,8,,1st shift tooling built weld up so much front half of tool damaged now having to pull to shop.,,,,0,0,0,0,0,0,0,0,0,0,0,1400,0,0,0,0,0,0,0,PC001-GY,0,,,ON,False
2026-06-19,,IM1,3,ONGOING,NQ5A Bumper Brkt O/B,1048725,,1024,650,0,7.8036111111111115,43.22,5.958333333333333,2.041666666666667,,paused no pack,33,,650,648,648,2,2,0.003076923076923077,1.3096969696969696,1.3096969696969696,851.3030303030303,0.7447916666666666,0.9724499999999998,0.9724499999999998,1300,1300,1296,1,0.9969230769230769,0,0,71.63000000000001,PAM02-BK,0,,,ON,False
2026-06-19,,IM1,1,,NQ5A Bumper Brkt O/B,,,1024,650,0,7.8036111111111115,43.22,5.600833333333333,2.399166666666667,,Reset count at restart.,33,,611,611,611,0,0,0,1.3096969696969696,1.3096969696969696,800.2248484848484,0.6580979166666666,0.861908847222222,0.861908847222222,1300,1222,1222,0.94,0.94,0,0,67.3322,PAM02-BK,0,,,ON,False
2026-06-19,,IM1,2,,NQ5A Bumper Brkt O/B,,,1024,650,0,7.8036111111111115,43.22,7.736666666666666,0.26333333333333364,,,33,,844,844,844,0,0,0,1.3096969696969696,1.3096969696969696,1105.3842424242423,1.2557205128205127,1.6446133504273501,1.6446133504273501,1300,1688,1688,1.2984615384615386,1.2984615384615386,0,0,93.00880000000001,PAM02-BK,0,,,ON,False
2026-06-19,,IM10,3,ONGOING,J34A HG BRACKET A,1047233,,5765,600,0,5.75,34.5,4.523333333333334,3.4766666666666657,,Paused out of pack.,34.5,,472,472,472,0,0,0,1,1,472,0.44479444444444455,0.44479444444444455,0.44479444444444455,1200,944,944,0.7866666666666666,0.7866666666666666,0,0,321.95120000000003,PAM01-BK,0,,,ON,False
2026-06-19,,IM10,1,6:00AM,H61P RCL-LED Refl A,1050903,,527,700,46.666666666666664,7.972222222222222,41,6.932222222222222,1.0677777777777777,,,34,515a,734,724,724,10,10,0.013623978201634877,1.2058823529411764,1.2058823529411764,885.1176470588235,0.9086162698412698,1.0807567460317458,1.0807567460317458,1400,1468,1448,1.0485714285714285,1.0342857142857143,1044.008,14.42,278.92,PC017-WT,0,,,ON,False
2026-06-19,,IM10,2,,H61P RCL-LED Refl A,,,527,700,46.666666666666664,7.972222222222222,41,6.384444444444444,1.6155555555555559,,,34,,676,676,676,0,0,0,1.2058823529411764,1.2058823529411764,815.1764705882352,0.7706936507936507,0.9293658730158728,0.9293658730158728,1400,1352,1352,0.9657142857142857,0.9657142857142857,974.7919999999999,0,256.88,PC017-WT,0,,,ON,False
2026-06-19,,IM11,3,ONGOING,NQ5A Flange Brkt,1048727,,1021,700,0,7.968333333333332,40.98,7.040277777777777,0.959722222222223,,,37,,685,685,685,0,0,0,1.1075675675675676,1.1075675675675676,758.6837837837838,0.8611768353174603,0.9538115327380952,0.9538115327380952,1400,1370,1370,0.9785714285714285,0.9785714285714285,0,0,94.23442250000001,PP022-BK,0,,,ON,False
2026-06-19,,IM11,1,,NQ5A Flange Brkt,,,1021,700,0,7.968333333333332,40.98,7.626111111111111,0.3738888888888887,,,37,,742,742,742,0,0,0,1.1075675675675676,1.1075675675675676,821.8151351351352,1.0104597222222222,1.1191524166666666,1.1191524166666666,1400,1484,1484,1.06,1.06,0,0,102.075827,PP022-BK,0,,,ON,False
2026-06-19,,IM11,2,,NQ5A Flange Brkt,,,1021,700,0,7.968333333333332,40.98,7.029999999999999,0.9700000000000006,,,37,,684,684,684,0,0,0,1.1075675675675676,1.1075675675675676,757.5762162162163,0.8586642857142857,0.9510287142857142,0.9510287142857142,1400,1368,1368,0.9771428571428571,0.9771428571428571,0,0,94.09685400000001,PP022-BK,0,,,ON,False
2026-06-19,,IM12,3,,SD,,,0,,0,0,0,0,0,,,,,,0,0,0,0,0,0,0,0,0,0,0,0,0,0,0,0,0,0,0,0,0,,,SD,False
2026-06-19,,IM12,1,,SD,,,0,,0,0,0,0,0,,,,,,0,0,0,0,0,0,0,0,0,0,0,0,0,0,0,0,0,0,0,0,0,,,SD,False
2026-06-19,,IM12,2,,SD,,,0,,0,0,0,0,0,,,,,,0,0,0,0,0,0,0,0,0,0,0,0,0,0,0,0,0,0,0,0,0,,,SD,False
2026-06-19,,IM14,3,ONGOING,NQ5A Bumper Brkt I/B #2,1048729,,1023,600,0,7.246666666666665,43.48,4.918888888888889,3.0811111111111114,,,38,,466,466,466,0,0,0,1.1442105263157893,1.1442105263157893,533.2021052631578,0.4775421296296296,0.5464087314814814,0.5464087314814814,1200,932,932,0.7766666666666666,0.7766666666666666,0,0,72.41640000000001,PAM02-BK,0,,,ON,False
2026-06-19,,IM14,1,8:30AM,L42P(2) HL  Inner Lens B,1052203,,7698,450,0,6,48,5.297366666666667,2.702633333333333,,,37.32,7a,511,511,511,0,0,0,1.2861736334405145,1.2861736334405145,657.2347266881029,0.7519317685185186,0.967114814814815,0.967114814814815,900,1022,1022,1.1355555555555557,1.1355555555555557,0,0,222.720883,PC030-NC,0,,,ON,False
2026-06-19,,IM14,2,,L42P(2) HL  Inner Lens B,,,7698,600,0,8,48,6.416966666666667,1.5830333333333328,,,37.32,,619,619,619,0,0,0,1.2861736334405145,1.2861736334405145,796.1414790996785,0.827521326388889,1.0643361111111111,1.0643361111111111,1200,1238,1238,1.0316666666666667,1.0316666666666667,0,0,269.793007,PC030-NC,0,,,ON,False
2026-06-19,,IM15,3,11:10PM,U625 REFLEX REFLECTOR,1035204,,MO8085,800,0,7.333333333333333,33,3.0138888888888884,4.986111111111112,,,31,2a,350,340,340,10,10,0.02857142857142857,1.064516129032258,1.064516129032258,372.5806451612903,0.16482204861111108,0.1704427083333333,0.1704427083333333,1600,700,680,0.4375,0.425,262.48,7.720000000000001,53.934999999999995,PMMA01-AM,0,,,ON,False
2026-06-19,,IM15,1,,U625 REFLEX REFLECTOR,,,MO8085,800,0,7.333333333333333,33,7.3711111111111105,0.6288888888888895,,,31,,856,856,856,0,0,0,1.064516129032258,1.064516129032258,911.2258064516128,0.985886111111111,1.0494916666666665,1.0494916666666665,1600,1712,1712,1.07,1.07,660.832,0,131.90959999999998,PMMA01-AM,0,,,ON,False
2026-06-19,,IM15,2,,U625 REFLEX REFLECTOR,,,MO8085,800,0,7.333333333333333,33,7.267777777777778,0.7322222222222221,,,31,,844,844,844,0,0,0,1.064516129032258,1.064516129032258,898.4516129032257,0.9584381944444444,1.0202729166666666,1.0202729166666666,1600,1688,1688,1.055,1.055,651.568,0,130.0604,PMMA01-AM,0,,,ON,False
2026-06-19,,IM16,3,ONGOING,FORD PIN,1032104,,656,700,1.4,7.777777777777778,40,0,8,,,,,,0,0,0,0,0,0,0,0,0,0,0,2800,0,0,0,0,0,0,0,PP024-BK,0,,,ON,False
2026-06-19,,IM16,1,,FORD PIN,,,656,700,1.4,7.777777777777778,40,0,8,,,,,,0,0,0,0,0,0,0,0,0,0,0,2800,0,0,0,0,0,0,0,PP024-BK,0,,,ON,False
2026-06-19,,IM16,2,,FORD PIN,,,656,700,1.4,7.777777777777778,40,0,8,,screen goes blank no counts wrote down other then end count when shut down.,,,2749,10996,0,0,0,0,0,0,0,0,0,0,2800,10996,10996,3.927142857142857,3.927142857142857,1968.2839999999999,0,153.93300399999998,PP024-BK,0,,,ON,False
2026-06-19,,IM17,3,,SD,,,0,,0,0,0,0,0,,,,,,0,0,0,0,0,0,0,0,0,0,0,0,0,0,0,0,0,0,0,0,0,,,SD,False
2026-06-19,,IM17,1,,SD,,,0,,0,0,0,0,0,,,,,,0,0,0,0,0,0,0,0,0,0,0,0,0,0,0,0,0,0,0,0,0,,,SD,False
2026-06-19,,IM17,2,,SD,,,0,,0,0,0,0,0,,,,,,0,0,0,0,0,0,0,0,0,0,0,0,0,0,0,0,0,0,0,0,0,,,SD,False
2026-06-19,,IM18,3,,SD,,,0,,0,0,0,0,0,,,,,,0,0,0,0,0,0,0,0,0,0,0,0,0,0,0,0,0,0,0,0,0,,,SD,False
2026-06-19,,IM18,1,,SD,,,0,,0,0,0,0,0,,,,,,0,0,0,0,0,0,0,0,0,0,0,0,0,0,0,0,0,0,0,0,0,,,SD,False
2026-06-19,,IM18,2,,SD,,,0,,0,0,0,0,0,,,,,,0,0,0,0,0,0,0,0,0,0,0,0,0,0,0,0,0,0,0,0,0,,,SD,False
2026-06-19,,IM19,3,12:30AM,T90A BUL HSG,1051307,,MO5785,600,85.71428571428571,6.333333333333333,38,1.2141666666666666,6.785833333333334,,,43.71,,100,60,60,40,40,0.4,0.8693662777396477,0.8693662777396477,86.93662777396477,0.025295138888888888,0.013194444444444444,0.013194444444444444,1200,200,120,0.16666666666666666,0.09999999999999999,125.52000000000001,83.68,75.6,ASA01-BK,0,,,ON,False
2026-06-19,,IM19,1,,T90A BUL HSG,,,MO5785,750,107.14285714285714,7.916666666666667,38,7.284999999999999,0.7150000000000007,,,43.71,,600,600,600,0,0,0,0.8693662777396477,0.8693662777396477,521.6197666437886,0.7285,0.6333333333333334,0.6333333333333334,1500,1200,1200,0.8,0.8,1255.2,0,453.6,ASA01-BK,0,,,ON,False
2026-06-19,,IM19,2,,T90A BUL HSG,,,MO5785,750,107.14285714285714,7.916666666666667,38,7.3699916666666665,0.6300083333333335,,,43.71,,607,607,607,0,0,0,0.8693662777396477,0.8693662777396477,527.7053305879662,0.7455974902777778,0.6481973148148148,0.6481973148148148,1500,1214,1214,0.8093333333333333,0.8093333333333333,1269.844,0,458.892,ASA01-BK,0,,,ON,False
2026-06-19,,IM2,3,,SD,,,0,,0,0,0,0,0,,,,,,0,0,0,0,0,0,0,0,0,0,0,0,0,0,0,0,0,0,0,0,0,,,SD,False
2026-06-19,,IM2,1,,SD,,,0,,0,0,0,0,0,,,,,,0,0,0,0,0,0,0,0,0,0,0,0,0,0,0,0,0,0,0,0,0,,,SD,False
2026-06-19,,IM2,2,,SD,,,0,,0,0,0,0,0,,,,,,0,0,0,0,0,0,0,0,0,0,0,0,0,0,0,0,0,0,0,0,0,,,SD,False
2026-06-19,,IM3,3,ONGOING,L42P BUL Refl,1048501,,M04264,800,133.33333333333334,7.111111111111111,32,5.724444444444444,2.275555555555556,,,32,,644,644,644,0,0,0,1,1,644,0.5760222222222222,0.5760222222222222,0.5760222222222222,1600,1288,1288,0.805,0.805,969.864,0,343.896,PC001-GY,0,,,ON,False
2026-06-19,,IM3,1,8:00AM,T90A CHL EXTENSION B,1051472,,MO6519,700,46.666666666666664,6.611111111111111,34,5.444999999999999,2.5550000000000006,,issues with grease spots and EOAT thru out the run.,33,,594,594,594,0,0,0,1.0303030303030303,1.0303030303030303,612,0.5775589285714284,0.5950607142857142,0.5950607142857142,1400,1188,1188,0.8485714285714285,0.8485714285714285,515.592,0,175.82399999999998,PC003-BK,0,,,ON,False
2026-06-19,,IM3,2,,T90A CHL EXTENSION B,,,MO6519,800,53.333333333333336,7.555555555555555,34,7.113333333333333,0.8866666666666667,,,33,,776,776,776,0,0,0,1.0303030303030303,1.0303030303030303,799.5151515151515,0.8624916666666667,0.8886277777777778,0.8886277777777778,1600,1552,1552,0.97,0.97,673.568,0,229.696,PC003-BK,0,,,ON,False
2026-06-19,,IM4,3,12:00AM,L42P(2) HL Base A (Carrier Plate),1027912,,70637,700,0,7.83611111111111,40.3,1.7875,6.2125,,Dryer empty getting splay from reloading without telling anyone.,42.9,,150,145,145,5,5,0.03333333333333333,0.9393939393939393,0.9393939393939393,140.9090909090909,0.04787946428571429,0.04347842261904762,0.04347842261904762,1400,300,290,0.21428571428571427,0.20714285714285713,0,0,98.18249999999999,PC001-GY,0,,,ON,False
2026-06-19,,IM4,1,,L42P(2) HL Base A (Carrier Plate),,,70637,700,0,7.83611111111111,40.3,5.600833333333333,2.399166666666667,,,42.9,,470,470,470,0,0,0,0.9393939393939393,0.9393939393939393,441.5151515151515,0.47006994047619044,0.4415808531746031,0.4415808531746031,1400,940,940,0.6714285714285714,0.6714285714285714,0,0,307.63849999999996,PC001-GY,0,,,ON,False
2026-06-19,,IM4,2,,L42P(2) HL Base A (Carrier Plate),,,70637,700,0,7.83611111111111,40.3,6.494583333333334,1.5054166666666662,,Stopped per team lead.,42.9,,545,545,545,0,0,0,0.9393939393939393,0.9393939393939393,511.96969696969694,0.6320621279761905,0.5937553323412699,0.5937553323412699,1400,1090,1090,0.7785714285714286,0.7785714285714286,0,0,356.72974999999997,PC001-GY,0,,,ON,False
2026-06-19,,IM5,3,,SD,,,0,,0,0,0,0,0,,,,,,0,0,0,0,0,0,0,0,0,0,0,0,0,0,0,0,0,0,0,0,0,,,SD,False
2026-06-19,,IM5,1,,SD,,,0,,0,0,0,0,0,,,,,,0,0,0,0,0,0,0,0,0,0,0,0,0,0,0,0,0,0,0,0,0,,,SD,False
2026-06-19,,IM5,2,,SD,,,0,,0,0,0,0,0,,,,,,0,0,0,0,0,0,0,0,0,0,0,0,0,0,0,0,0,0,0,0,0,,,SD,False
2026-06-19,,IM6,3,11:30PM,T90A CHL BRACKET G,1051385,,MO8384,700,35,6.465277777777778,33.25,6.679999999999999,1.3200000000000012,,,30.06,11p,800,795,795,5,5,0.00625,1.1061210911510313,1.1061210911510313,884.896872920825,0.9542857142857141,1.0489583333333332,1.0489583333333332,1400,1600,1590,1.1428571428571428,1.1357142857142857,893.58,5.620000000000001,203.2,ABS06-BK,0,,,ON,False
2026-06-19,,IM6,1,,T90A CHL BRACKET G,,,MO8384,800,40,7.388888888888889,33.25,8.4335,-0.43350000000000044,,,30.06,,1010,1010,1010,0,0,0,1.1061210911510313,1.1061210911510313,1117.1823020625416,1.3309117187500001,1.4721495225694445,1.4721495225694445,1600,2020,2020,1.2625,1.2625,1135.24,0,256.54,ABS06-BK,0,,,ON,False
2026-06-19,,IM6,2,4:00PM,31CG Fascia Bracket,1052484,,M635,800,8,6.666666666666667,30,5.841666666666667,2.158333333333333,,,30,345p,701,699,699,2,2,0.0028530670470756064,1,1,701,0.6398450520833333,0.63801953125,0.63801953125,1600,1402,1398,0.87625,0.87375,718.572,2.056,91.13000000000001,PP028-BK,0,,,ON,False
2026-06-19,,IM7,3,ONGOING,P33A FCL Base C,1050411,LH,5549,500,0,6.527777777777778,47,4.063888888888889,3.936111111111111,,,35,,418,836,0,0,0,0,1.3428571428571427,1.3428571428571427,561.3142857142857,0.4246763888888889,0.5702797222222222,0.5702797222222222,500,836,836,0.836,0.836,0,0,143.0187,PC017-WT,0,,,ON,False
2026-06-19,,IM7,1,7:00AM,T90A RCL Extension A,1051606,,MO5772,700,93.33333333333333,7.583333333333333,39,6.805555555555556,1.1944444444444438,,,35,515a,700,700,700,0,0,0,1.1142857142857143,1.1142857142857143,780,0.8506944444444445,0.9479166666666667,0.9479166666666667,1400,1400,1400,1,1,1002.4,0,378,PC003-BK,0,,,ON,False
2026-06-19,,IM7,2,,T90A RCL Extension A,,,MO5772,700,93.33333333333333,7.583333333333333,39,11.802777777777779,-3.802777777777779,,,35,,1214,1214,1214,0,0,0,1.1142857142857143,1.1142857142857143,1352.7428571428572,2.5586736111111112,2.851093452380953,2.851093452380953,1400,2428,2428,1.7342857142857142,1.7342857142857142,1738.4479999999999,0,655.5600000000001,PC003-BK,0,,,ON,False
2026-06-19,,IM8,3,ONGOING,31CC DRL Inner Lens,1048728,,TNL 621,300,42.857142857142854,3.4166666666666665,41,1.8425555555555557,6.157444444444444,,paused for wip.,41.2,,161,161,161,0,0,0,0.9951456310679611,0.9951456310679611,160.21844660194174,0.12360476851851852,0.12300474537037036,0.12300474537037036,600,322,322,0.5366666666666666,0.5366666666666666,336.168,0,90.297816,PC020-NC,0,,,ON,False
2026-06-19,,IM8,1,,31CC DRL Inner Lens,,,TNL 621,300,42.857142857142854,3.4166666666666665,41,0.1716666666666667,7.828333333333333,,Went to T90 refl a to fix flash on tool then had to go back to drl inner lens.,41.2,,15,15,15,0,0,0,0.9951456310679611,0.9951456310679611,14.927184466019416,0.0010729166666666667,0.0010677083333333333,0.0010677083333333333,600,30,30,0.05,0.05,31.32,0,8.412840000000001,PC020-NC,0,,,ON,False
2026-06-19,,IM8,2,,31CC DRL Inner Lens,,,TNL 621,300,42.857142857142854,3.4166666666666665,41,2.8611111111111116,5.138888888888888,,Wip and dryer issues.,41.2,,250,248,248,2,2,0.008,0.9951456310679611,0.9951456310679611,248.78640776699027,0.2980324074074075,0.294212962962963,0.294212962962963,600,500,496,0.8333333333333334,0.8266666666666667,517.8240000000001,4.176,140.214,PC020-NC,0,,,ON,False
2026-06-19,,IM9,3,ONGOING,T90A RCL Reflector A,1048627,,MO5774,600,150,6.666666666666667,40,0,8,,,,,,0,0,0,0,0,0,0,0,0,0,0,1200,0,0,0,0,0,0,0,PC001-GY,0,,,ON,False
2026-06-19,,IM9,1,7:30AM,H61P RCL-LED Refl B,1050925,,528,600,40,6.833333333333333,41,8.518888888888888,-0.5188888888888883,,,34,330a,902,897,897,5,5,0.005543237250554324,1.2058823529411764,1.2058823529411764,1087.7058823529412,1.6008412037037036,1.9197253472222222,1.9197253472222222,1200,1804,1794,1.5033333333333334,1.495,1417.26,7.9,299.464,PC017-WT,0,,,ON,False
2026-06-19,,IM9,2,,H61P RCL-LED Refl B,,,528,700,46.666666666666664,7.972222222222222,41,4.991066666666667,3.0089333333333332,,,34.03,,528,528,528,0,0,0,1.2048192771084336,1.2048192771084336,636.144578313253,0.4705862857142857,0.5669714285714285,0.5669714285714285,1400,1056,1056,0.7542857142857143,0.7542857142857143,834.24,0,175.29600000000002,PC017-WT,0,,,ON,False
2026-06-20,,IM1,3,,SD,,,0,,0,0,0,0,0,,,,,,0,0,0,0,0,0,0,0,0,0,0,0,0,0,0,0,0,0,0,0,0,,,SD,False
2026-06-20,,IM1,1,,SD,,,0,,0,0,0,0,0,,,,,,0,0,0,0,0,0,0,0,0,0,0,0,0,0,0,0,0,0,0,0,0,,,SD,False
2026-06-20,,IM1,2,,SD,,,0,,0,0,0,0,0,,,,,,0,0,0,0,0,0,0,0,0,0,0,0,0,0,0,0,0,0,0,0,0,,,SD,False
2026-06-20,,IM10,3,,SD,,,0,,0,0,0,0,0,,,,,,0,0,0,0,0,0,0,0,0,0,0,0,0,0,0,0,0,0,0,0,0,,,SD,False
2026-06-20,,IM10,1,,SD,,,0,,0,0,0,0,0,,,,,,0,0,0,0,0,0,0,0,0,0,0,0,0,0,0,0,0,0,0,0,0,,,SD,False
2026-06-20,,IM10,2,,SD,,,0,,0,0,0,0,0,,,,,,0,0,0,0,0,0,0,0,0,0,0,0,0,0,0,0,0,0,0,0,0,,,SD,False
2026-06-20,,IM11,3,,SD,,,0,,0,0,0,0,0,,,,,,0,0,0,0,0,0,0,0,0,0,0,0,0,0,0,0,0,0,0,0,0,,,SD,False
2026-06-20,,IM11,1,,SD,,,0,,0,0,0,0,0,,,,,,0,0,0,0,0,0,0,0,0,0,0,0,0,0,0,0,0,0,0,0,0,,,SD,False
2026-06-20,,IM11,2,,SD,,,0,,0,0,0,0,0,,,,,,0,0,0,0,0,0,0,0,0,0,0,0,0,0,0,0,0,0,0,0,0,,,SD,False
2026-06-20,,IM12,3,,SD,,,0,,0,0,0,0,0,,,,,,0,0,0,0,0,0,0,0,0,0,0,0,0,0,0,0,0,0,0,0,0,,,SD,False
2026-06-20,,IM12,1,,SD,,,0,,0,0,0,0,0,,,,,,0,0,0,0,0,0,0,0,0,0,0,0,0,0,0,0,0,0,0,0,0,,,SD,False
2026-06-20,,IM12,2,,SD,,,0,,0,0,0,0,0,,,,,,0,0,0,0,0,0,0,0,0,0,0,0,0,0,0,0,0,0,0,0,0,,,SD,False
2026-06-20,,IM14,3,,SD,,,0,,0,0,0,0,0,,,,,,0,0,0,0,0,0,0,0,0,0,0,0,0,0,0,0,0,0,0,0,0,,,SD,False
2026-06-20,,IM14,1,,SD,,,0,,0,0,0,0,0,,,,,,0,0,0,0,0,0,0,0,0,0,0,0,0,0,0,0,0,0,0,0,0,,,SD,False
2026-06-20,,IM14,2,,SD,,,0,,0,0,0,0,0,,,,,,0,0,0,0,0,0,0,0,0,0,0,0,0,0,0,0,0,0,0,0,0,,,SD,False
2026-06-20,,IM15,3,,SD,,,0,,0,0,0,0,0,,,,,,0,0,0,0,0,0,0,0,0,0,0,0,0,0,0,0,0,0,0,0,0,,,SD,False
2026-06-20,,IM15,1,,SD,,,0,,0,0,0,0,0,,,,,,0,0,0,0,0,0,0,0,0,0,0,0,0,0,0,0,0,0,0,0,0,,,SD,False
2026-06-20,,IM15,2,,SD,,,0,,0,0,0,0,0,,,,,,0,0,0,0,0,0,0,0,0,0,0,0,0,0,0,0,0,0,0,0,0,,,SD,False
2026-06-20,,IM16,3,,SD,,,0,,0,0,0,0,0,,,,,,0,0,0,0,0,0,0,0,0,0,0,0,0,0,0,0,0,0,0,0,0,,,SD,False
2026-06-20,,IM16,1,,SD,,,0,,0,0,0,0,0,,,,,,0,0,0,0,0,0,0,0,0,0,0,0,0,0,0,0,0,0,0,0,0,,,SD,False
2026-06-20,,IM16,2,,SD,,,0,,0,0,0,0,0,,,,,,0,0,0,0,0,0,0,0,0,0,0,0,0,0,0,0,0,0,0,0,0,,,SD,False
2026-06-20,,IM17,3,,SD,,,0,,0,0,0,0,0,,,,,,0,0,0,0,0,0,0,0,0,0,0,0,0,0,0,0,0,0,0,0,0,,,SD,False
2026-06-20,,IM17,1,,SD,,,0,,0,0,0,0,0,,,,,,0,0,0,0,0,0,0,0,0,0,0,0,0,0,0,0,0,0,0,0,0,,,SD,False
2026-06-20,,IM17,2,,SD,,,0,,0,0,0,0,0,,,,,,0,0,0,0,0,0,0,0,0,0,0,0,0,0,0,0,0,0,0,0,0,,,SD,False
2026-06-20,,IM18,3,,SD,,,0,,0,0,0,0,0,,,,,,0,0,0,0,0,0,0,0,0,0,0,0,0,0,0,0,0,0,0,0,0,,,SD,False
2026-06-20,,IM18,1,,SD,,,0,,0,0,0,0,0,,,,,,0,0,0,0,0,0,0,0,0,0,0,0,0,0,0,0,0,0,0,0,0,,,SD,False
2026-06-20,,IM18,2,,SD,,,0,,0,0,0,0,0,,,,,,0,0,0,0,0,0,0,0,0,0,0,0,0,0,0,0,0,0,0,0,0,,,SD,False
2026-06-20,,IM19,3,,SD,,,0,,0,0,0,0,0,,,,,,0,0,0,0,0,0,0,0,0,0,0,0,0,0,0,0,0,0,0,0,0,,,SD,False
2026-06-20,,IM19,1,,SD,,,0,,0,0,0,0,0,,,,,,0,0,0,0,0,0,0,0,0,0,0,0,0,0,0,0,0,0,0,0,0,,,SD,False
2026-06-20,,IM19,2,,SD,,,0,,0,0,0,0,0,,,,,,0,0,0,0,0,0,0,0,0,0,0,0,0,0,0,0,0,0,0,0,0,,,SD,False
2026-06-20,,IM2,3,,SD,,,0,,0,0,0,0,0,,,,,,0,0,0,0,0,0,0,0,0,0,0,0,0,0,0,0,0,0,0,0,0,,,SD,False
2026-06-20,,IM2,1,,SD,,,0,,0,0,0,0,0,,,,,,0,0,0,0,0,0,0,0,0,0,0,0,0,0,0,0,0,0,0,0,0,,,SD,False
2026-06-20,,IM2,2,,SD,,,0,,0,0,0,0,0,,,,,,0,0,0,0,0,0,0,0,0,0,0,0,0,0,0,0,0,0,0,0,0,,,SD,False
2026-06-20,,IM3,3,,SD,,,0,,0,0,0,0,0,,,,,,0,0,0,0,0,0,0,0,0,0,0,0,0,0,0,0,0,0,0,0,0,,,SD,False
2026-06-20,,IM3,1,,SD,,,0,,0,0,0,0,0,,,,,,0,0,0,0,0,0,0,0,0,0,0,0,0,0,0,0,0,0,0,0,0,,,SD,False
2026-06-20,,IM3,2,,SD,,,0,,0,0,0,0,0,,,,,,0,0,0,0,0,0,0,0,0,0,0,0,0,0,0,0,0,0,0,0,0,,,SD,False
2026-06-20,,IM4,3,,SD,,,0,,0,0,0,0,0,,,,,,0,0,0,0,0,0,0,0,0,0,0,0,0,0,0,0,0,0,0,0,0,,,SD,False
2026-06-20,,IM4,1,,SD,,,0,,0,0,0,0,0,,,,,,0,0,0,0,0,0,0,0,0,0,0,0,0,0,0,0,0,0,0,0,0,,,SD,False
2026-06-20,,IM4,2,,SD,,,0,,0,0,0,0,0,,,,,,0,0,0,0,0,0,0,0,0,0,0,0,0,0,0,0,0,0,0,0,0,,,SD,False
2026-06-20,,IM5,3,,SD,,,0,,0,0,0,0,0,,,,,,0,0,0,0,0,0,0,0,0,0,0,0,0,0,0,0,0,0,0,0,0,,,SD,False
2026-06-20,,IM5,1,,SD,,,0,,0,0,0,0,0,,,,,,0,0,0,0,0,0,0,0,0,0,0,0,0,0,0,0,0,0,0,0,0,,,SD,False
2026-06-20,,IM5,2,,SD,,,0,,0,0,0,0,0,,,,,,0,0,0,0,0,0,0,0,0,0,0,0,0,0,0,0,0,0,0,0,0,,,SD,False
2026-06-20,,IM6,3,,SD,,,0,,0,0,0,0,0,,,,,,0,0,0,0,0,0,0,0,0,0,0,0,0,0,0,0,0,0,0,0,0,,,SD,False
2026-06-20,,IM6,1,,SD,,,0,,0,0,0,0,0,,,,,,0,0,0,0,0,0,0,0,0,0,0,0,0,0,0,0,0,0,0,0,0,,,SD,False
2026-06-20,,IM6,2,,SD,,,0,,0,0,0,0,0,,,,,,0,0,0,0,0,0,0,0,0,0,0,0,0,0,0,0,0,0,0,0,0,,,SD,False
2026-06-20,,IM7,3,,SD,,,0,,0,0,0,0,0,,,,,,0,0,0,0,0,0,0,0,0,0,0,0,0,0,0,0,0,0,0,0,0,,,SD,False
2026-06-20,,IM7,1,,SD,,,0,,0,0,0,0,0,,,,,,0,0,0,0,0,0,0,0,0,0,0,0,0,0,0,0,0,0,0,0,0,,,SD,False
2026-06-20,,IM7,2,,SD,,,0,,0,0,0,0,0,,,,,,0,0,0,0,0,0,0,0,0,0,0,0,0,0,0,0,0,0,0,0,0,,,SD,False
2026-06-20,,IM8,3,,SD,,,0,,0,0,0,0,0,,,,,,0,0,0,0,0,0,0,0,0,0,0,0,0,0,0,0,0,0,0,0,0,,,SD,False
2026-06-20,,IM8,1,,SD,,,0,,0,0,0,0,0,,,,,,0,0,0,0,0,0,0,0,0,0,0,0,0,0,0,0,0,0,0,0,0,,,SD,False
2026-06-20,,IM8,2,,SD,,,0,,0,0,0,0,0,,,,,,0,0,0,0,0,0,0,0,0,0,0,0,0,0,0,0,0,0,0,0,0,,,SD,False
2026-06-20,,IM9,3,,SD,,,0,,0,0,0,0,0,,,,,,0,0,0,0,0,0,0,0,0,0,0,0,0,0,0,0,0,0,0,0,0,,,SD,False
2026-06-20,,IM9,1,,SD,,,0,,0,0,0,0,0,,,,,,0,0,0,0,0,0,0,0,0,0,0,0,0,0,0,0,0,0,0,0,0,,,SD,False
2026-06-20,,IM9,2,,SD,,,0,,0,0,0,0,0,,,,,,0,0,0,0,0,0,0,0,0,0,0,0,0,0,0,0,0,0,0,0,0,,,SD,False
2026-06-21,,IM1,3,,SD,,,0,,0,0,0,0,0,,,,,,0,0,0,0,0,0,0,0,0,0,0,0,0,0,0,0,0,0,0,0,0,,,SD,False
2026-06-21,,IM1,1,,SD,,,0,,0,0,0,0,0,,,,,,0,0,0,0,0,0,0,0,0,0,0,0,0,0,0,0,0,0,0,0,0,,,SD,False
2026-06-21,,IM1,2,,SD,,,0,,0,0,0,0,0,,,,,,0,0,0,0,0,0,0,0,0,0,0,0,0,0,0,0,0,0,0,0,0,,,SD,False
2026-06-21,,IM10,3,,SD,,,0,,0,0,0,0,0,,,,,,0,0,0,0,0,0,0,0,0,0,0,0,0,0,0,0,0,0,0,0,0,,,SD,False
2026-06-21,,IM10,1,,SD,,,0,,0,0,0,0,0,,,,,,0,0,0,0,0,0,0,0,0,0,0,0,0,0,0,0,0,0,0,0,0,,,SD,False
2026-06-21,,IM10,2,,SD,,,0,,0,0,0,0,0,,,,,,0,0,0,0,0,0,0,0,0,0,0,0,0,0,0,0,0,0,0,0,0,,,SD,False
2026-06-21,,IM11,3,,SD,,,0,,0,0,0,0,0,,,,,,0,0,0,0,0,0,0,0,0,0,0,0,0,0,0,0,0,0,0,0,0,,,SD,False
2026-06-21,,IM11,1,,SD,,,0,,0,0,0,0,0,,,,,,0,0,0,0,0,0,0,0,0,0,0,0,0,0,0,0,0,0,0,0,0,,,SD,False
2026-06-21,,IM11,2,,SD,,,0,,0,0,0,0,0,,,,,,0,0,0,0,0,0,0,0,0,0,0,0,0,0,0,0,0,0,0,0,0,,,SD,False
2026-06-21,,IM12,3,,SD,,,0,,0,0,0,0,0,,,,,,0,0,0,0,0,0,0,0,0,0,0,0,0,0,0,0,0,0,0,0,0,,,SD,False
2026-06-21,,IM12,1,,SD,,,0,,0,0,0,0,0,,,,,,0,0,0,0,0,0,0,0,0,0,0,0,0,0,0,0,0,0,0,0,0,,,SD,False
2026-06-21,,IM12,2,,SD,,,0,,0,0,0,0,0,,,,,,0,0,0,0,0,0,0,0,0,0,0,0,0,0,0,0,0,0,0,0,0,,,SD,False
2026-06-21,,IM14,3,,SD,,,0,,0,0,0,0,0,,,,,,0,0,0,0,0,0,0,0,0,0,0,0,0,0,0,0,0,0,0,0,0,,,SD,False
2026-06-21,,IM14,1,,SD,,,0,,0,0,0,0,0,,,,,,0,0,0,0,0,0,0,0,0,0,0,0,0,0,0,0,0,0,0,0,0,,,SD,False
2026-06-21,,IM14,2,,SD,,,0,,0,0,0,0,0,,,,,,0,0,0,0,0,0,0,0,0,0,0,0,0,0,0,0,0,0,0,0,0,,,SD,False
2026-06-21,,IM15,3,,SD,,,0,,0,0,0,0,0,,,,,,0,0,0,0,0,0,0,0,0,0,0,0,0,0,0,0,0,0,0,0,0,,,SD,False
2026-06-21,,IM15,1,,SD,,,0,,0,0,0,0,0,,,,,,0,0,0,0,0,0,0,0,0,0,0,0,0,0,0,0,0,0,0,0,0,,,SD,False
2026-06-21,,IM15,2,,SD,,,0,,0,0,0,0,0,,,,,,0,0,0,0,0,0,0,0,0,0,0,0,0,0,0,0,0,0,0,0,0,,,SD,False
2026-06-21,,IM16,3,,SD,,,0,,0,0,0,0,0,,,,,,0,0,0,0,0,0,0,0,0,0,0,0,0,0,0,0,0,0,0,0,0,,,SD,False
2026-06-21,,IM16,1,,SD,,,0,,0,0,0,0,0,,,,,,0,0,0,0,0,0,0,0,0,0,0,0,0,0,0,0,0,0,0,0,0,,,SD,False
2026-06-21,,IM16,2,,SD,,,0,,0,0,0,0,0,,,,,,0,0,0,0,0,0,0,0,0,0,0,0,0,0,0,0,0,0,0,0,0,,,SD,False
2026-06-21,,IM17,3,,SD,,,0,,0,0,0,0,0,,,,,,0,0,0,0,0,0,0,0,0,0,0,0,0,0,0,0,0,0,0,0,0,,,SD,False
2026-06-21,,IM17,1,,SD,,,0,,0,0,0,0,0,,,,,,0,0,0,0,0,0,0,0,0,0,0,0,0,0,0,0,0,0,0,0,0,,,SD,False
2026-06-21,,IM17,2,,SD,,,0,,0,0,0,0,0,,,,,,0,0,0,0,0,0,0,0,0,0,0,0,0,0,0,0,0,0,0,0,0,,,SD,False
2026-06-21,,IM18,3,,SD,,,0,,0,0,0,0,0,,,,,,0,0,0,0,0,0,0,0,0,0,0,0,0,0,0,0,0,0,0,0,0,,,SD,False
2026-06-21,,IM18,1,,SD,,,0,,0,0,0,0,0,,,,,,0,0,0,0,0,0,0,0,0,0,0,0,0,0,0,0,0,0,0,0,0,,,SD,False
2026-06-21,,IM18,2,,SD,,,0,,0,0,0,0,0,,,,,,0,0,0,0,0,0,0,0,0,0,0,0,0,0,0,0,0,0,0,0,0,,,SD,False
2026-06-21,,IM19,3,,SD,,,0,,0,0,0,0,0,,,,,,0,0,0,0,0,0,0,0,0,0,0,0,0,0,0,0,0,0,0,0,0,,,SD,False
2026-06-21,,IM19,1,,SD,,,0,,0,0,0,0,0,,,,,,0,0,0,0,0,0,0,0,0,0,0,0,0,0,0,0,0,0,0,0,0,,,SD,False
2026-06-21,,IM19,2,,SD,,,0,,0,0,0,0,0,,,,,,0,0,0,0,0,0,0,0,0,0,0,0,0,0,0,0,0,0,0,0,0,,,SD,False
2026-06-21,,IM2,3,,SD,,,0,,0,0,0,0,0,,,,,,0,0,0,0,0,0,0,0,0,0,0,0,0,0,0,0,0,0,0,0,0,,,SD,False
2026-06-21,,IM2,1,,SD,,,0,,0,0,0,0,0,,,,,,0,0,0,0,0,0,0,0,0,0,0,0,0,0,0,0,0,0,0,0,0,,,SD,False
2026-06-21,,IM2,2,,SD,,,0,,0,0,0,0,0,,,,,,0,0,0,0,0,0,0,0,0,0,0,0,0,0,0,0,0,0,0,0,0,,,SD,False
2026-06-21,,IM3,3,,SD,,,0,,0,0,0,0,0,,,,,,0,0,0,0,0,0,0,0,0,0,0,0,0,0,0,0,0,0,0,0,0,,,SD,False
2026-06-21,,IM3,1,,SD,,,0,,0,0,0,0,0,,,,,,0,0,0,0,0,0,0,0,0,0,0,0,0,0,0,0,0,0,0,0,0,,,SD,False
2026-06-21,,IM3,2,,SD,,,0,,0,0,0,0,0,,,,,,0,0,0,0,0,0,0,0,0,0,0,0,0,0,0,0,0,0,0,0,0,,,SD,False
2026-06-21,,IM4,3,,SD,,,0,,0,0,0,0,0,,,,,,0,0,0,0,0,0,0,0,0,0,0,0,0,0,0,0,0,0,0,0,0,,,SD,False
2026-06-21,,IM4,1,,SD,,,0,,0,0,0,0,0,,,,,,0,0,0,0,0,0,0,0,0,0,0,0,0,0,0,0,0,0,0,0,0,,,SD,False
2026-06-21,,IM4,2,,SD,,,0,,0,0,0,0,0,,,,,,0,0,0,0,0,0,0,0,0,0,0,0,0,0,0,0,0,0,0,0,0,,,SD,False
2026-06-21,,IM5,3,,SD,,,0,,0,0,0,0,0,,,,,,0,0,0,0,0,0,0,0,0,0,0,0,0,0,0,0,0,0,0,0,0,,,SD,False
2026-06-21,,IM5,1,,SD,,,0,,0,0,0,0,0,,,,,,0,0,0,0,0,0,0,0,0,0,0,0,0,0,0,0,0,0,0,0,0,,,SD,False
2026-06-21,,IM5,2,,SD,,,0,,0,0,0,0,0,,,,,,0,0,0,0,0,0,0,0,0,0,0,0,0,0,0,0,0,0,0,0,0,,,SD,False
2026-06-21,,IM6,3,,SD,,,0,,0,0,0,0,0,,,,,,0,0,0,0,0,0,0,0,0,0,0,0,0,0,0,0,0,0,0,0,0,,,SD,False
2026-06-21,,IM6,1,,SD,,,0,,0,0,0,0,0,,,,,,0,0,0,0,0,0,0,0,0,0,0,0,0,0,0,0,0,0,0,0,0,,,SD,False
2026-06-21,,IM6,2,,SD,,,0,,0,0,0,0,0,,,,,,0,0,0,0,0,0,0,0,0,0,0,0,0,0,0,0,0,0,0,0,0,,,SD,False
2026-06-21,,IM7,3,,SD,,,0,,0,0,0,0,0,,,,,,0,0,0,0,0,0,0,0,0,0,0,0,0,0,0,0,0,0,0,0,0,,,SD,False
2026-06-21,,IM7,1,,SD,,,0,,0,0,0,0,0,,,,,,0,0,0,0,0,0,0,0,0,0,0,0,0,0,0,0,0,0,0,0,0,,,SD,False
2026-06-21,,IM7,2,,SD,,,0,,0,0,0,0,0,,,,,,0,0,0,0,0,0,0,0,0,0,0,0,0,0,0,0,0,0,0,0,0,,,SD,False
2026-06-21,,IM8,3,,SD,,,0,,0,0,0,0,0,,,,,,0,0,0,0,0,0,0,0,0,0,0,0,0,0,0,0,0,0,0,0,0,,,SD,False
2026-06-21,,IM8,1,,SD,,,0,,0,0,0,0,0,,,,,,0,0,0,0,0,0,0,0,0,0,0,0,0,0,0,0,0,0,0,0,0,,,SD,False
2026-06-21,,IM8,2,,SD,,,0,,0,0,0,0,0,,,,,,0,0,0,0,0,0,0,0,0,0,0,0,0,0,0,0,0,0,0,0,0,,,SD,False
2026-06-21,,IM9,3,,SD,,,0,,0,0,0,0,0,,,,,,0,0,0,0,0,0,0,0,0,0,0,0,0,0,0,0,0,0,0,0,0,,,SD,False
2026-06-21,,IM9,1,,SD,,,0,,0,0,0,0,0,,,,,,0,0,0,0,0,0,0,0,0,0,0,0,0,0,0,0,0,0,0,0,0,,,SD,False
2026-06-21,,IM9,2,,SD,,,0,,0,0,0,0,0,,,,,,0,0,0,0,0,0,0,0,0,0,0,0,0,0,0,0,0,0,0,0,0,,,SD,False
2026-06-22,,IM1,3,11:00PM,NQ5A Bumper Brkt O/B,1048725,,1024,650,0,7.8036111111111115,43.22,4.878430555555556,3.121569444444444,,Paused for pack.,32.95,11p,533,528,528,5,5,0.009380863039399626,1.3116843702579664,1.3116843702579664,699.127769347496,0.5000391319444445,0.6497406666666666,0.6497406666666666,1300,1066,1056,0.82,0.8123076923076922,0,0,58.7366,PAM02-BK,0,,,ON,False
2026-06-22,,IM1,1,,NQ5A Bumper Brkt O/B,,,1024,650,0,7.8036111111111115,43.22,5.7021805555555565,2.2978194444444435,,,32.95,,623,623,623,0,0,0,1.3116843702579664,1.3116843702579664,817.1793626707131,0.6831650934829061,0.8960969754273505,0.8960969754273505,1300,1246,1246,0.9584615384615385,0.9584615384615385,0,0,68.6546,PAM02-BK,0,,,ON,False
2026-06-22,,IM1,2,,NQ5A Bumper Brkt O/B,,,1024,650,0,7.8036111111111115,43.22,7.539599999999999,0.4604000000000008,,,32.94,,824,824,824,0,0,0,1.3120825743776563,1.3120825743776563,1081.1560412871888,1.1947366153846153,1.567593094017094,1.567593094017094,1300,1648,1648,1.2676923076923077,1.2676923076923077,0,0,90.8048,PAM02-BK,0,,,ON,False
2026-06-22,,IM10,3,12:30AM,150B SPL Housing,1052538,,M05201,500,100,6.25,45,4.975,3.0250000000000004,,,39.8,12a,450,444,444,6,6,0.013333333333333334,1.1306532663316584,1.1306532663316584,508.7939698492463,0.5596875,0.6243750000000001,0.6243750000000001,1000,900,888,0.9,0.888,991.896,13.404,355.5,PC001-GY,0,,,ON,False
2026-06-22,,IM10,1,,150B SPL Housing,,,M05201,600,120,7.5,45,7.307722222222222,0.692277777777778,,,39.8,,661,661,661,0,0,0,1.1306532663316584,1.1306532663316584,747.3618090452262,1.0063342476851853,1.1378151041666669,1.1378151041666669,1200,1322,1322,1.1016666666666666,1.1016666666666666,1476.674,0,522.19,PC001-GY,0,,,ON,False
2026-06-22,,IM10,2,5:00PM,NX4OB RCO Stop Ref,1054380,,902,500,0,5.555555555555555,40,6.573333333333334,1.4266666666666659,,,34,315p,696,686,686,10,10,0.014367816091954023,1.1764705882352942,1.1764705882352942,818.8235294117648,1.14376,1.3262666666666667,1.3262666666666667,1000,1392,1372,1.392,1.3719999999999999,1062.105298326344,15.482584523707636,388.36800000000005,PBT02-DGY,0,,,ON,False
2026-06-22,,IM11,3,11:50PM,NQ5A Flange Brkt,1048727,,1021,650,0,7.399166666666666,40.98,4.914930555555556,3.0850694444444438,,,37.25,1215a,475,470,470,5,5,0.010526315789473684,1.1001342281879194,1.1001342281879194,522.5637583892617,0.4489600026709402,0.48871714743589745,0.48871714743589745,1300,950,940,0.7307692307692307,0.7230769230769231,0,0,65.3450375,PP022-BK,0,,,ON,False
2026-06-22,,IM11,1,,NQ5A Flange Brkt,,,1021,700,0,7.968333333333332,40.98,7.315486111111111,0.6845138888888886,,,37.25,,707,707,707,0,0,0,1.1001342281879194,1.1001342281879194,777.7948993288591,0.9235801215277778,1.0160621041666666,1.0160621041666666,1400,1414,1414,1.01,1.01,0,0,97.2609295,PP022-BK,0,,,ON,False
2026-06-22,,IM11,2,,NQ5A Flange Brkt,,,1021,700,0,7.968333333333332,40.98,9.177986111111112,-1.177986111111112,,,37.25,,887,887,887,0,0,0,1.1001342281879194,1.1001342281879194,975.8190604026845,1.4537274429563494,1.599295318452381,1.599295318452381,1400,1774,1774,1.2671428571428571,1.2671428571428571,0,0,122.02325950000001,PP022-BK,0,,,ON,False
2026-06-22,,IM12,3,12:10AM,150B CHL BG Shade A,1052498,,M05175,1000,40,6.666666666666667,24,4.025,3.9749999999999996,,,27.6,1p,525,521,521,4,4,0.007619047619047619,0.8695652173913043,0.8695652173913043,456.52173913043475,0.264140625,0.22793750000000002,0.22793750000000002,2000,1050,1042,0.525,0.521,338.65000000000003,2.6,78.75,PP025-BK,0,,,ON,False
2026-06-22,,IM12,1,,150B CHL BG Shade A,,,M05175,1100,44,7.333333333333333,24,4.944999999999999,3.0550000000000006,,,27.6,,645,645,645,0,0,0,0.8695652173913043,0.8695652173913043,560.8695652173913,0.36244602272727267,0.3151704545454545,0.3151704545454545,2200,1290,1290,0.5863636363636363,0.5863636363636363,419.25,0,96.75,PP025-BK,0,,,ON,False
2026-06-22,,IM12,2,4:00PM,GM PIN,1009415,,2717,800,4.266666666666667,7.777777777777778,35,5.123333333333333,2.876666666666667,,,29,,636,5078,0,10,10,0.003923107100823852,1.206896551724138,1.206896551724138,767.5862068965517,0.50913125,0.6120581232836406,0.6120581232836406,6400,5098,5078,0.795,0.791881129854845,507.8,2,91.45812000000001,PP024-BK,0,,,ON,False
2026-06-22,,IM14,3,12:20PM,L42P(2) HL  Inner Lens B,1052203,,7698,450,0,6,48,4.499097222222222,3.500902777777778,,,38.11,1230a,425,420,420,5,5,0.011764705882352941,1.2595119391235896,1.2595119391235896,535.2925741275255,0.5311434220679012,0.6611111111111112,0.6611111111111112,900,850,840,0.9444444444444444,0.9333333333333333,0,0,185.237525,PC030-NC,0,,,ON,False
2026-06-22,,IM14,1,,L42P(2) HL  Inner Lens B,,,7698,500,0,6.666666666666667,48,7.759619444444445,0.24038055555555538,,,38.11,,733,733,733,0,0,0,1.2595119391235896,1.2595119391235896,923.2222513775912,1.4219502631944445,1.7909633333333335,1.7909633333333335,1000,1466,1466,1.466,1.466,0,0,319.480249,PC030-NC,0,,,ON,False
2026-06-22,,IM14,2,3:00PM,NQ5A Bumper Brkt I/B #1,1053805,,1022,650,0,7.8975,43.74,6.3375,1.6624999999999996,,,39,415p,585,575,575,10,10,0.017094017094017096,1.1215384615384616,1.1215384615384616,656.1,0.71296875,0.785953125,0.785953125,1300,1170,1150,0.9,0.8846153846153846,0,0,113.60700000000001,PAM02-BK,0,,,ON,False
2026-06-22,,IM15,3,,SD,,,0,,0,0,0,0,0,,,,,,0,0,0,0,0,0,0,0,0,0,0,0,0,0,0,0,0,0,0,0,0,,,SD,False
2026-06-22,,IM15,1,7:30AM,T90A CHL REFLEX REFLECTOR,1053438,,MO6510,900,32.72727272727273,7.25,29,6.2740333333333345,1.7259666666666655,,,28.92,545a,781,771,771,10,10,0.012804097311139564,1.0027662517289073,1.0027662517289073,783.1604426002766,0.6805583379629631,0.6737028935185186,0.6737028935185186,1800,1562,1542,0.8677777777777778,0.8566666666666667,565.914,7.34,96.844,PC026-AMB,0,,,ON,False
2026-06-22,,IM15,2,,T90A CHL REFLEX REFLECTOR,,,MO6510,950,34.54545454545455,7.652777777777778,29,9.077666666666667,-1.0776666666666674,,,28.92,,1130,1130,1130,0,0,0,1.0027662517289073,1.0027662517289073,1133.1258644536654,1.349705701754386,1.3534393274853802,1.3534393274853802,1900,2260,2260,1.1894736842105262,1.1894736842105262,829.42,0,140.12,PC026-AMB,0,,,ON,False
2026-06-22,,IM16,3,12:40AM,FORD PIN,1032104,,656,500,1,5.555555555555555,40,4.520694444444445,3.4793055555555554,,,29.59,11p,550,2188,0,12,12,0.0108499095840868,1.3518080432578574,1.3518080432578574,743.4944237918215,0.621595486111111,0.8311608398633714,0.8311608398633714,2000,2212,2188,1.1,1.0880650994575045,391.652,4.295999999999999,30.965788,PP024-BK,0,,,ON,False
2026-06-22,,IM16,1,,FORD PIN,,,656,700,1.4,7.777777777777778,40,7.989300000000001,0.010699999999999044,,,29.59,ongoing,972,3888,0,0,0,0,1.3518080432578574,1.3518080432578574,1313.9574180466375,1.3867142142857145,1.874571428571429,1.874571428571429,2800,3888,3888,1.3885714285714286,1.3885714285714286,695.952,0,54.428112,PP024-BK,0,,,ON,False
2026-06-22,,IM16,2,,FORD PIN,,,656,700,1.4,7.777777777777778,40,5.433052777777778,2.566947222222222,,,29.59,,661,2644,0,0,0,0,1.3518080432578574,1.3518080432578574,893.5451165934437,0.6412942653769842,0.8669067460317461,0.8669067460317461,2800,2644,2644,0.9442857142857143,0.9442857142857143,473.27599999999995,0,37.013355999999995,PP024-BK,0,,,ON,False
2026-06-22,,IM17,3,,SD,,,0,,0,0,0,0,0,,,,,,0,0,0,0,0,0,0,0,0,0,0,0,0,0,0,0,0,0,0,0,0,,,SD,False
2026-06-22,,IM17,1,,SD,,,0,,0,0,0,0,0,,,,,,0,0,0,0,0,0,0,0,0,0,0,0,0,0,0,0,0,0,0,0,0,,,SD,False
2026-06-22,,IM17,2,,SD,,,0,,0,0,0,0,0,,,,,,0,0,0,0,0,0,0,0,0,0,0,0,0,0,0,0,0,0,0,0,0,,,SD,False
2026-06-22,,IM18,3,,SD,,,0,,0,0,0,0,0,,,,,,0,0,0,0,0,0,0,0,0,0,0,0,0,0,0,0,0,0,0,0,0,,,SD,False
2026-06-22,,IM18,1,,SD,,,0,,0,0,0,0,0,,,,,,0,0,0,0,0,0,0,0,0,0,0,0,0,0,0,0,0,0,0,0,0,,,SD,False
2026-06-22,,IM18,2,,SD,,,0,,0,0,0,0,0,,,,,,0,0,0,0,0,0,0,0,0,0,0,0,0,0,0,0,0,0,0,0,0,,,SD,False
2026-06-22,,IM19,3,12:50AM,T1XL FASCIA BRACKET 1,1054391,,TNL 737,400,0,6.111111111111111,55,1.137222222222222,6.862777777777778,,,40.94,430a,100,96,96,4,4,0.04,1.34342940889106,1.34342940889106,134.34294088910602,0.035538194444444435,0.04583333333333332,0.04583333333333332,800,200,192,0.25,0.24,136.32,5.68,23.39,PP028-BK,0,,,ON,False
2026-06-22,,IM19,1,,T1XL FASCIA BRACKET 1,,,TNL 737,500,0,7.638888888888889,55,7.164499999999999,0.8355000000000006,,,40.94,,630,630,630,0,0,0,1.34342940889106,1.34342940889106,846.3605276013678,1.1284087499999997,1.5159374999999997,1.5159374999999997,1000,1260,1260,1.26,1.26,894.5999999999999,0,147.357,PP028-BK,0,,,ON,False
2026-06-22,,IM19,2,,T1XL FASCIA BRACKET 1,,,TNL 737,500,0,7.638888888888889,55,9.404827777777776,-1.4048277777777756,,,40.94,,827,827,827,0,0,0,1.34342940889106,1.34342940889106,1111.0161211529066,1.9444481430555551,2.612228819444444,2.612228819444444,1000,1654,1654,1.654,1.654,1174.34,0,193.43529999999998,PP028-BK,0,,,ON,False
2026-06-22,,IM2,3,,SD,,,0,,0,0,0,0,0,,,,,,0,0,0,0,0,0,0,0,0,0,0,0,0,0,0,0,0,0,0,0,0,,,SD,False
2026-06-22,,IM2,1,,SD,,,0,,0,0,0,0,0,,,,,,0,0,0,0,0,0,0,0,0,0,0,0,0,0,0,0,0,0,0,0,0,,,SD,False
2026-06-22,,IM2,2,4:30PM,J34A BG BRACKET A,1052844,,5764,800,0,7.666666666666667,34.5,6.166513888888889,1.8334861111111111,,,31.85,345p,697,692,692,5,5,0.007173601147776184,1.0832025117739403,1.0832025117739403,754.9921507064364,0.6715719032118055,0.7222299479166666,0.7222299479166666,1600,1394,1384,0.87125,0.865,0,0,313.30150000000003,PAM01-BK,0,,,ON,False
2026-06-22,,IM3,3,11:10PM,T90A CHL EXTENSION B,1051472,,MO6519,750,50,7.083333333333333,34,7.130555555555556,0.8694444444444436,,,34,2a,755,747,747,8,8,0.010596026490066225,1,1,755,0.8972615740740743,0.8877541666666668,0.8877541666666668,1500,1510,1494,1.0066666666666666,0.996,648.396,6.944,223.48,PC003-BK,0,,,ON,False
2026-06-22,,IM3,1,8:00AM,T90A RCL REFLECTOR C,1053734,,MO5776,700,66.66666666666667,6.416666666666667,33,0.8419444444444444,7.158055555555555,,dryer issues.,30.31,1230p,100,100,100,0,0,0,1.0887495875948532,1.0887495875948532,108.87495875948532,0.015034722222222222,0.01636904761904762,0.01636904761904762,1400,200,200,0.14285714285714285,0.14285714285714285,111.20000000000002,0,34.2,PC014-WT,0,,,ON,False
2026-06-22,,IM3,2,,T90A RCL REFLECTOR C,,,MO5776,800,76.19047619047619,7.333333333333333,33,8.806738888888889,-0.8067388888888889,,,30.31,,1046,1046,1046,0,0,0,1.0887495875948532,1.0887495875948532,1138.8320686242164,1.4393513871527779,1.5670932291666668,1.5670932291666668,1600,2092,2092,1.3075,1.3075,1163.152,0,357.732,PC014-WT,0,,,ON,False
2026-06-22,,IM4,3,11:20PM,L42P(2) HL Base A (Carrier Plate),1027912,,70637,650,0,7.276388888888888,40.3,2.6875,5.3125,,no totes.,43,12a,225,220,220,5,5,0.022222222222222223,0.9372093023255813,0.9372093023255813,210.8720930232558,0.1162860576923077,0.10656249999999999,0.10656249999999999,1300,450,440,0.34615384615384615,0.3384615384615384,0,0,147.27374999999998,PC001-GY,0,,,ON,False
2026-06-22,,IM4,1,,L42P(2) HL Base A (Carrier Plate),,,70637,700,0,7.83611111111111,40.3,1.958888888888889,6.041111111111111,,no totes.,43,,164,161,161,3,3,0.018292682926829267,0.9372093023255813,0.9372093023255813,153.70232558139534,0.05736746031746032,0.052781805555555554,0.052781805555555554,1400,328,322,0.2342857142857143,0.23,0,0,107.3462,PC001-GY,0,,,ON,False
2026-06-22,,IM4,2,4:00PM,L42P(2) HL Reflector A (REV ---),1054050,,4385,600,0,6.333333333333333,38,6.977222222222222,1.0227777777777778,,,38,3p,661,656,656,5,5,0.007564296520423601,1,1,661,0.9608216435185185,0.9535537037037037,0.9535537037037037,1200,1322,1312,1.1016666666666666,1.0933333333333333,0,0,491.32129999999995,PC003-BK,0,,,ON,False
2026-06-22,,IM5,3,,SD,,,0,,0,0,0,0,0,,,,,,0,0,0,0,0,0,0,0,0,0,0,0,0,0,0,0,0,0,0,0,0,,,SD,False
2026-06-22,,IM5,1,,SD,,,0,,0,0,0,0,0,,,,,,0,0,0,0,0,0,0,0,0,0,0,0,0,0,0,0,0,0,0,0,0,,,SD,False
2026-06-22,,IM5,2,,SD,,,0,,0,0,0,0,0,,,,,,0,0,0,0,0,0,0,0,0,0,0,0,0,0,0,0,0,0,0,0,0,,,SD,False
2026-06-22,,IM6,3,11:30PM,31CG Fascia Bracket,1052484,,M635,800,8,6.666666666666667,30,5.4375,2.5625,,,29,31,675,670,670,5,5,0.007407407407407408,1.0344827586206897,1.0344827586206897,698.2758620689656,0.573486328125,0.5888671875,0.5888671875,1600,1350,1340,0.84375,0.8375,688.76,5.140000000000001,87.75,PP028-BK,0,,,ON,False
2026-06-22,,IM6,1,,31CG Fascia Bracket,,,M635,900,9,7.5,30,8.256944444444445,-0.25694444444444464,,,29,ongoing,1025,1025,1025,0,0,0,1.0344827586206897,1.0344827586206897,1060.344827586207,1.1754677854938274,1.2160011574074077,1.2160011574074077,1800,2050,2050,1.1388888888888888,1.1388888888888888,1053.7,0,133.25,PP028-BK,0,,,ON,False
2026-06-22,,IM6,2,,31CG Fascia Bracket,,,M635,800,8,6.666666666666667,30,6.557222222222221,1.4427777777777786,,,29,,814,814,814,0,0,0,1.0344827586206897,1.0344827586206897,842.0689655172414,0.8339967013888888,0.8627552083333333,0.8627552083333333,1600,1628,1628,1.0175,1.0175,836.792,0,105.82000000000001,PP028-BK,0,,,ON,False
2026-06-22,,IM7,3,11:40PM,T90A RCL Extension A,1051606,,MO5772,500,66.66666666666667,5.416666666666667,39,5.09,2.91,,,36,1115p,509,504,504,5,5,0.009823182711198428,1.0833333333333333,1.0833333333333333,551.4166666666666,0.6477025,0.6947849999999999,0.6947849999999999,1000,1018,1008,1.018,1.008,721.728,7.16,274.86,PC003-BK,0,,,ON,False
2026-06-22,,IM7,1,7:00AM,550B RCL-LED Reflector,1048350,,MO5239,800,160,7.777777777777778,35,6.5,1.5,,,31.2,630a,750,745,745,5,5,0.006666666666666667,1.1217948717948718,1.1217948717948718,841.3461538461538,0.76171875,0.8487955729166666,0.8487955729166666,1600,1500,1490,0.9375,0.9312499999999999,1396.13,9.370000000000001,468,PC018-BK,0,,,ON,False
2026-06-22,,IM7,2,,550B RCL-LED Reflector,,,MO5239,800,160,7.777777777777778,35,1.9295499999999999,6.07045,,stopped for wip.,31.29,,222,222,222,0,0,0,1.1185682326621924,1.1185682326621924,248.3221476510067,0.066931265625,0.0748671875,0.0748671875,1600,444,444,0.2775,0.2775,416.028,0,138.528,PC018-BK,0,,,ON,False
2026-06-22,,IM8,3,12:00AM,31CC Reflector Turn,1053938,,TNL 620,600,60,6.666666666666667,40,2.854861111111111,5.145138888888889,,Screw recovery taking to long to recover.,41.11,145a,250,245,245,5,5,0.02,0.9729992702505473,0.9729992702505473,243.24981756263682,0.14869068287037035,0.14178240740740738,0.14178240740740738,1200,500,490,0.4166666666666667,0.4083333333333333,398.36999999999995,8.129999999999999,73.5,PBT05-BK,0,,,ON,False
2026-06-22,,IM8,1,,31CC Reflector Turn,,,TNL 620,700,70,7.777777777777778,40,8.625,-0.625,,,34.5,ongoing,900,900,900,0,0,0,1.1594202898550725,1.1594202898550725,1043.4782608695652,1.3861607142857142,1.607142857142857,1.607142857142857,1400,1800,1800,1.2857142857142858,1.2857142857142858,1463.3999999999999,0,264.59999999999997,PBT05-BK,0,,,ON,False
2026-06-22,,IM8,2,,31CC Reflector Turn,,,TNL 620,700,70,7.777777777777778,40,8.354244444444445,-0.35424444444444525,,,34.49,,872,872,872,0,0,0,1.1597564511452594,1.1597564511452594,1011.3076253986662,1.3008752063492064,1.5086984126984126,1.5086984126984126,1400,1744,1744,1.2457142857142858,1.2457142857142858,1417.8719999999998,0,256.368,PBT05-BK,0,,,ON,False
2026-06-22,,IM9,3,1:00AM,T90A RCL Reflector A,1054306,,MO5774,500,125,5.555555555555555,40,0.9836388888888888,7.016361111111111,,Metalizer down to maintenance here.,41.66,1130p,85,80,80,5,5,0.058823529411764705,0.9601536245799329,0.9601536245799329,81.6130580892943,0.02090232638888889,0.01888888888888889,0.01888888888888889,1000,170,160,0.17,0.16,170.56,10.66,55.08,PC001-GY,0,,,ON,False
2026-06-22,,IM9,1,,T90A RCL Reflector A,,,MO5774,600,150,6.666666666666667,40,4.802472222222222,3.197527777777778,,Tool had to be polished and keep getting encoder alarms thru the run.,41.66,715a,415,410,410,5,5,0.012048192771084338,0.9601536245799329,0.9601536245799329,398.46375420067216,0.4152137442129629,0.39386574074074077,0.39386574074074077,1200,830,820,0.6916666666666667,0.6833333333333332,874.12,10.66,268.92,PC001-GY,0,,,ON,False
2026-06-22,,IM9,2,,T90A RCL Reflector A,,,MO5774,600,150,6.666666666666667,40,6.9549055555555555,1.0450944444444445,,Encoder errors with robot continued thru 2nds.,41.66,,601,597,597,4,4,0.0066555740432612314,0.9601536245799329,0.9601536245799329,577.0523283725397,0.8708121331018519,0.8305486111111112,0.8305486111111112,1200,1202,1194,1.0016666666666667,0.995,1272.804,8.528,389.44800000000004,PC001-GY,0,,,ON,False
2026-06-23,,IM1,3,Midnight,550B CHL HG Cover A,1059369,,M05309,600,85.71428571428571,5,30,0,8,,Metalizer down.,,,,-4,-4,4,4,0,0,0,0,0,0,0,1200,0,-8,0,0,-6.984,6.984,0,PC012-BK,0,,,ON,False
2026-06-23,,IM1,1,,550B CHL HG Cover A,,,M05309,900,128.57142857142858,7.5,30,3.685,4.3149999999999995,,Issues with splay at start up.,30.15,915a,440,440,440,0,0,0,0.9950248756218906,0.9950248756218906,437.81094527363183,0.22519444444444445,0.2240740740740741,0.2240740740740741,1800,880,880,0.4888888888888889,0.4888888888888889,768.24,0,128.48,PC012-BK,0,,,ON,False
2026-06-23,,IM1,2,,550B CHL HG Cover A,,,M05309,900,128.57142857142858,7.5,30,6.825625,1.1743750000000004,,Dryer got to empty getting spaly waiting on material to dry.,30.15,,815,815,815,0,0,0,0.9950248756218906,0.9950248756218906,810.9452736318408,0.7726228298611111,0.7687789351851851,0.7687789351851851,1800,1630,1630,0.9055555555555556,0.9055555555555556,1422.99,0,237.98,PC012-BK,0,,,ON,False
2026-06-23,,IM10,3,Ongoing,NX4OB RCO Stop Ref,1054380,,902,600,0,6.666666666666667,40,6.657972222222223,1.3420277777777772,,,35.3,ongoing,679,679,679,0,0,0,1.13314447592068,1.13314447592068,769.4050991501416,0.9418256539351852,1.0672245370370372,1.0672245370370372,1200,1358,1358,1.1316666666666666,1.1316666666666666,1051.2674891597485,0,378.88200000000006,PBT02-DGY,0,,,ON,False
2026-06-23,,IM10,1,,NX4OB RCO Stop Ref,,,902,600,0,6.666666666666667,40,3.5201944444444444,4.479805555555556,,,35.3,,359,359,359,0,0,0,1.13314447592068,1.13314447592068,406.79886685552407,0.26328120949074074,0.29833564814814817,0.29833564814814817,1200,718,718,0.5983333333333334,0.5983333333333334,555.8247844011041,0,200.32200000000003,PBT02-DGY,0,,,ON,False
2026-06-23,,IM10,2,4:30PM,31CC DRL Inner Lens,1059368,,TNL 621,600,85.71428571428571,6.833333333333333,41,3.2391666666666667,4.760833333333333,,Spots on tool tooling polishing tool.,39,415p,299,239,239,60,60,0.20066889632107024,1.0512820512820513,1.0512820512820513,314.33333333333337,0.2017730902777778,0.16955445601851854,0.16955445601851854,1200,598,478,0.49833333333333335,0.3983333333333334,499.03200000000004,125.28,167.695944,PC020-NC,0,,,ON,False
2026-06-23,,IM11,3,12:30AM,NQ5A Bumper Brkt I/B #2,1059813,,1023,500,0,6.038888888888889,43.48,5.0297222222222215,2.9702777777777785,,,38.12,2a,475,470,470,5,5,0.010526315789473684,1.1406086044071353,1.1406086044071353,541.7890870933893,0.5972795138888888,0.674090972222222,0.674090972222222,1000,950,940,0.95,0.94,0,0,73.81500000000001,PAM02-BK,0,,,ON,False
2026-06-23,,IM11,1,,NQ5A Bumper Brkt I/B #2,,,1023,600,0,7.246666666666665,43.48,7.676944444444444,0.3230555555555563,,,38.12,ongoing,725,725,725,0,0,0,1.1406086044071353,1.1406086044071353,826.9412381951731,1.159538483796296,1.322579571759259,1.322579571759259,1200,1450,1450,1.2083333333333333,1.2083333333333333,0,0,112.665,PAM02-BK,0,,,ON,False
2026-06-23,,IM11,2,,NQ5A Bumper Brkt I/B #2,,,1023,600,0,7.246666666666665,43.48,9.582944444444443,-1.5829444444444434,,,38.12,,905,905,905,0,0,0,1.1406086044071353,1.1406086044071353,1032.2507869884575,1.8067843171296294,2.0608337384259254,2.0608337384259254,1200,1810,1810,1.5083333333333333,1.5083333333333333,0,0,140.637,PAM02-BK,0,,,ON,False
2026-06-23,,IM12,3,Ongoing,GM PIN,1058258,,2717,800,4.266666666666667,7.777777777777778,35,6.744000000000001,1.2559999999999993,,,28.1,ongoing,864,6912,0,0,0,0,1.2455516014234875,1.2455516014234875,1076.1565836298932,0.9104400000000001,1.1340000000000001,1.1340000000000001,6400,6912,6912,1.08,1.08,691.2,0,124.00128000000001,PP024-BK,0,,,ON,False
2026-06-23,,IM12,1,,GM PIN,,,2717,800,4.266666666666667,7.777777777777778,35,7.805555555555556,0.19444444444444375,,,28.1,,1000,8000,0,0,0,0,1.2455516014234875,1.2455516014234875,1245.5516014234875,1.2196180555555558,1.5190972222222225,1.5190972222222225,6400,8000,8000,1.25,1.25,800,0,143.52,PP024-BK,0,,,ON,False
2026-06-23,,IM12,2,,GM PIN,,,2717,800,4.266666666666667,7.777777777777778,35,9.59302777777778,-1.5930277777777793,,,28.1,,1229,9832,0,0,0,0,1.2455516014234875,1.2455516014234875,1530.7829181494662,1.842161115451389,2.294506727430556,2.294506727430556,6400,9832,9832,1.53625,1.53625,983.2,0,176.38608000000002,PP024-BK,0,,,ON,False
2026-06-23,,IM14,3,Ongoing,NQ5A Bumper Brkt I/B #1,1059814,,1022,600,0,7.29,43.74,7.0648333333333335,0.9351666666666665,,,36.86,ongoing,690,690,690,0,0,0,1.1866521975040696,1.1866521975040696,818.790016277808,1.0155697916666668,1.2051281250000003,1.2051281250000003,1200,1380,1380,1.15,1.15,0,0,133.99800000000002,PAM02-BK,0,,,ON,False
2026-06-23,,IM14,1,,NQ5A Bumper Brkt I/B #1,,,1022,600,0,7.29,43.74,7.423194444444444,0.5768055555555556,,,36.86,,725,725,725,0,0,0,1.1866521975040696,1.1866521975040696,860.3228431904505,1.1212116608796296,1.33048828125,1.33048828125,1200,1450,1450,1.2083333333333333,1.2083333333333333,0,0,140.79500000000002,PAM02-BK,0,,,ON,False
2026-06-23,,IM14,2,,NQ5A Bumper Brkt I/B #1,,,1022,600,0,7.29,43.74,9.829333333333333,-1.8293333333333326,,,36.86,,960,960,960,0,0,0,1.1866521975040696,1.1866521975040696,1139.1861096039067,1.9658666666666667,2.3328,2.3328,1200,1920,1920,1.6,1.6,0,0,186.43200000000002,PAM02-BK,0,,,ON,False
2026-06-23,,IM15,3,11:30PM,U625 REFLEX REFLECTOR,1009415,,MO8085,800,0,7.333333333333333,33,0,8,,Issues with spots on tool and contamination in dryer.,31.76,,,-25,-25,25,25,0,1.0390428211586902,1.0390428211586902,0,0,0,0,1600,0,-50,0,0,-19.3,19.3,0,PMMA01-AM,0,,,ON,False
2026-06-23,,IM15,1,,U625 REFLEX REFLECTOR,,,MO8085,700,0,6.416666666666667,33,8.381111111111112,-0.38111111111111207,,,31.76,515a,950,950,950,0,0,0,1.0390428211586902,1.0390428211586902,987.0906801007557,1.421795634920635,1.477306547619048,1.477306547619048,1400,1900,1900,1.3571428571428572,1.3571428571428572,733.4,0,146.39499999999998,PMMA01-AM,0,,,ON,False
2026-06-23,,IM15,2,,U625 REFLEX REFLECTOR,,,MO8085,700,0,6.416666666666667,33,9.598577777777779,-1.5985777777777788,,,31.76,,1088,1088,1088,0,0,0,1.0390428211586902,1.0390428211586902,1130.478589420655,1.8648665396825401,1.937676190476191,1.937676190476191,1400,2176,2176,1.5542857142857143,1.5542857142857143,839.936,0,167.6608,PMMA01-AM,0,,,ON,False
2026-06-23,,IM16,3,Ongoing,FORD PIN,1032104,,656,700,1.4,7.777777777777778,40,4.6324000000000005,3.3675999999999995,,Screen being blank not everyone can get it to come back on,28.17,ongoing,592,2368,0,0,0,0,1.419950301739439,1.419950301739439,840.6105786297479,0.4897108571428572,0.6953650793650794,0.6953650793650794,2800,2368,2368,0.8457142857142858,0.8457142857142858,423.87199999999996,0,33.149632,PP024-BK,0,,,ON,False
2026-06-23,,IM16,1,,FORD PIN,,,656,700,1.4,7.777777777777778,40,4.108125,3.8918749999999998,,Screen being blank not everyone can get it to come on,28.17,,525,2100,0,0,0,0,1.419950301739439,1.419950301739439,745.4739084132055,0.38513671875,0.546875,0.546875,2800,2100,2100,0.75,0.75,375.9,0,29.3979,PP024-BK,0,,,ON,False
2026-06-23,,IM16,2,,FORD PIN,,,656,700,1.4,7.777777777777778,40,13.3025,-5.3025,,Screen being blank not everyone can get it to come back on.,28.17,,1700,6800,0,0,0,0,1.419950301739439,1.419950301739439,2413.9155129570463,4.0382589285714285,5.734126984126984,5.734126984126984,2800,6800,6800,2.4285714285714284,2.4285714285714284,1217.2,0,95.19319999999999,PP024-BK,0,,,ON,False
2026-06-23,,IM17,3,,SD,,,0,,0,0,0,0,0,,,,,,0,0,0,0,0,0,0,0,0,0,0,0,0,0,0,0,0,0,0,0,0,,,SD,False
2026-06-23,,IM17,1,,SD,,,0,,0,0,0,0,0,,,,,,0,0,0,0,0,0,0,0,0,0,0,0,0,0,0,0,0,0,0,0,0,,,SD,False
2026-06-23,,IM17,2,,SD,,,0,,0,0,0,0,0,,,,,,0,0,0,0,0,0,0,0,0,0,0,0,0,0,0,0,0,0,0,0,0,,,SD,False
2026-06-23,,IM18,3,,SD,,,0,,0,0,0,0,0,,,,,,0,0,0,0,0,0,0,0,0,0,0,0,0,0,0,0,0,0,0,0,0,,,SD,False
2026-06-23,,IM18,1,,SD,,,0,,0,0,0,0,0,,,,,,0,0,0,0,0,0,0,0,0,0,0,0,0,0,0,0,0,0,0,0,0,,,SD,False
2026-06-23,,IM18,2,,SD,,,0,,0,0,0,0,0,,,,,,0,0,0,0,0,0,0,0,0,0,0,0,0,0,0,0,0,0,0,0,0,,,SD,False
2026-06-23,,IM19,3,11:30PM,T90A BUL HSG,1058647,,MO5785,600,85.71428571428571,6.333333333333333,38,3.010416666666667,4.989583333333333,,,43.35,2a,250,243,243,7,7,0.028,0.8765859284890426,0.8765859284890426,219.14648212226064,0.15679253472222224,0.13359374999999998,0.13359374999999998,1200,500,486,0.4166666666666667,0.405,508.356,14.644,189,ASA01-BK,0,,,ON,False
2026-06-23,,IM19,1,,T90A BUL HSG,,,MO5785,700,100,7.388888888888889,38,7.2250000000000005,0.7749999999999995,,,43.35,ongoing,600,600,600,0,0,0,0.8765859284890426,0.8765859284890426,525.9515570934255,0.7741071428571429,0.6785714285714285,0.6785714285714285,1400,1200,1200,0.8571428571428571,0.8571428571428571,1255.2,0,453.6,ASA01-BK,0,,,ON,False
2026-06-23,,IM19,2,,T90A BUL HSG,,,MO5785,700,100,7.388888888888889,38,9.689533333333333,-1.6895333333333333,,,43.44,,803,803,803,0,0,0,0.8747697974217312,0.8747697974217312,702.4401473296501,1.389409869047619,1.2154137896825399,1.2154137896825399,1400,1606,1606,1.1471428571428572,1.1471428571428572,1679.876,0,607.068,ASA01-BK,0,,,ON,False
2026-06-23,,IM2,3,Ongoing,J34A BG BRACKET A,1052844,,5764,800,0,7.666666666666667,34.5,7.093166666666666,0.906833333333334,,,31.8,ongoing,803,803,803,0,0,0,1.0849056603773584,1.0849056603773584,871.1792452830188,0.8899707552083332,0.9655343098958331,0.9655343098958331,1600,1606,1606,1.00375,1.00375,0,0,360.9485,PAM01-BK,0,,,ON,False
2026-06-23,,IM2,1,,J34A BG BRACKET A,,,5764,800,0,7.666666666666667,34.5,7.066666666666666,0.9333333333333336,,,31.8,,800,800,800,0,0,0,1.0849056603773584,1.0849056603773584,867.9245283018867,0.8833333333333333,0.9583333333333331,0.9583333333333331,1600,1600,1600,1,1,0,0,359.6,PAM01-BK,0,,,ON,False
2026-06-23,,IM2,2,,J34A BG BRACKET A,,,5764,800,0,7.666666666666667,34.5,10.017,-2.0169999999999995,,,31.8,,1134,1134,1134,0,0,0,1.0849056603773584,1.0849056603773584,1230.2830188679243,1.7748871875,1.92558515625,1.92558515625,1600,2268,2268,1.4175,1.4175,0,0,509.733,PAM01-BK,0,,,ON,False
2026-06-23,,IM3,3,Ongoing,T90A RCL REFLECTOR C,1053734,,MO5776,700,66.66666666666667,6.416666666666667,33,7.192577777777777,0.8074222222222227,,,30.32,ongoing,854,854,854,0,0,0,1.0883905013192612,1.0883905013192612,929.4854881266491,1.096868111111111,1.193820833333333,1.193820833333333,1400,1708,1708,1.22,1.22,949.6480000000001,0,292.06800000000004,PC014-WT,0,,,ON,False
2026-06-23,,IM3,1,7am,T90A CHL EXTENSION B,1051472,,MO6519,750,50,7.083333333333333,34,3.1166666666666667,2.895688888888889,,,34,915a,330,325,325,5,5,0.015151515151515152,1,1,330,0.4815066814814815,0.47421112570145907,0.47421112570145907,1500,660,650,0.44,0.43333333333333335,282.1,4.34,97.67999999999999,PC003-BK,0,,,ON,True
2026-06-23,,IM3,1,,T90A RCL REFLECTOR C,,,MO5776,,0,0,33,1.9876444444444445,-3.3093111111111115,,,30.32,,236,236,236,0,0,0,1.0883905013192612,1.0883905013192612,256.86015831134563,2.305214581481482,2.508973653987101,2.508973653987101,0,472,472,236,236,262.432,0,80.712,PC014-WT,0,,,ON,True
2026-06-23,,IM3,2,,T90A CHL EXTENSION B,,,MO6519,750,50,7.083333333333333,34,9.321666666666667,-1.3216666666666672,,,34,,987,987,987,0,0,0,1,1,987,1.5334141666666667,1.5334141666666667,1.5334141666666667,1500,1974,1974,1.316,1.316,856.716,0,292.152,PC003-BK,0,,,ON,False
2026-06-23,,IM4,3,Ongoing,L42P(2) HL Reflector A,1054050,,4385,700,0,7.388888888888889,38,3.98725,4.0127500000000005,,Pause wip.,38.9,,369,369,369,0,0,0,0.9768637532133676,0.9768637532133676,360.46272493573264,0.2627312946428571,0.25665267857142854,0.25665267857142854,1400,738,738,0.5271428571428571,0.5271428571428571,0,0,274.2777,PC001-GY,0,,,ON,False
2026-06-23,,IM4,1,,L42P(2) HL Reflector A,,,4385,700,0,7.388888888888889,38,5.078611111111111,2.921388888888889,,Pause per Q wip.,38.9,,470,470,470,0,0,0,0.9768637532133676,0.9768637532133676,459.12596401028276,0.42624057539682536,0.4163789682539682,0.4163789682539682,1400,940,940,0.6714285714285714,0.6714285714285714,0,0,349.351,PC001-GY,0,,,ON,False
2026-06-23,,IM4,2,4pm,T90A RCL INNER LENS B,1059012,,MO5778,800,66.66666666666667,7.333333333333333,33,3.2625,-0.4491666666666667,,,29,715p,405,395,395,10,10,0.024691358024691357,1.1379310344827587,1.1379310344827587,460.86206896551727,1.168361328125,1.29668709341076,1.29668709341076,1600,810,790,0.50625,0.49374999999999997,341.28,8.64,93.15,PC011-NC,0,,,ON,True
2026-06-23,,IM4,2,,L42P(2) HL Reflector A,,,4385,,0,0,38,5.1866666666666665,2.8133333333333335,,,38.9,,480,480,480,0,0,0,0.9768637532133676,0.9768637532133676,468.89460154241647,0,0,0,0,960,960,480,480,0,0,356.784,PC001-GY,0,,,ON,True
2026-06-23,,IM5,3,,SD,,,0,,0,0,0,0,0,,,,,,0,0,0,0,0,0,0,0,0,0,0,0,0,0,0,0,0,0,0,0,0,,,SD,False
2026-06-23,,IM5,1,,SD,,,0,,0,0,0,0,0,,,,,,0,0,0,0,0,0,0,0,0,0,0,0,0,0,0,0,0,0,0,0,0,,,SD,False
2026-06-23,,IM5,2,,SD,,,0,,0,0,0,0,0,,,,,,0,0,0,0,0,0,0,0,0,0,0,0,0,0,0,0,0,0,0,0,0,,,SD,False
2026-06-23,,IM6,3,11pm,T90A CHL BRACKET G,1051385,,MO8384,750,37.5,6.927083333333333,33.25,5.503333333333333,2.496666666666667,,,30.48,12a,650,646,646,4,4,0.006153846153846154,1.0908792650918635,1.0908792650918635,709.0715223097113,0.5961944444444445,0.6463738425925926,0.6463738425925926,1500,1300,1292,0.8666666666666667,0.8613333333333334,726.104,4.496,165.1,ABS06-BK,0,,,ON,False
2026-06-23,,IM6,1,,T90A CHL BRACKET G,,,MO8384,800,40,7.388888888888889,33.25,7.366,0.6340000000000003,,,30.48,,870,870,870,0,0,0,1.0908792650918635,1.0908792650918635,949.0649606299213,1.001315625,1.092314453125,1.092314453125,1600,1740,1740,1.0875,1.0875,977.8800000000001,0,220.98,ABS06-BK,0,,,ON,False
2026-06-23,,IM6,2,,T90A CHL BRACKET G,,,MO8384,700,35,6.465277777777778,33.25,3.80695,4.1930499999999995,,,30.66,,447,447,447,0,0,0,1.0844748858447488,1.0844748858447488,484.7602739726027,0.3038761875,0.32954609375,0.32954609375,1400,894,894,0.6385714285714286,0.6385714285714286,502.42800000000005,0,113.538,ABS06-BK,0,,,ON,False
2026-06-23,,IM7,3,Ongoing,550B RCL-LED Reflector,1048350,,MO5239,700,140,6.805555555555555,35,4.7555555555555555,3.2444444444444445,,,32,ongoing,535,535,535,0,0,0,1.09375,1.09375,585.15625,0.4543253968253968,0.49691840277777777,0.49691840277777777,1400,1070,1070,0.7642857142857142,0.7642857142857142,1002.59,0,333.84,PC018-BK,0,,,ON,False
2026-06-23,,IM7,1,8:30am,P33A FCL Base C,1059602,,5549,550,0,7.180555555555555,47,5.925333333333333,2.0746666666666673,,,48.48,7a,440,864,864,16,16,0.01818181818181818,0.9694719471947195,0.9694719471947195,426.5676567656766,0.5925333333333334,0.5640000000000001,0.5640000000000001,2200,1760,1728,0.8,0.7854545454545455,0,0,301.092,PC017-WT,0,,,ON,False
2026-06-23,,IM7,2,,P33A FCL Base C,,,5549,550,0,7.180555555555555,47,9.3324,-1.3323999999999998,,,48.48,,693,1386,1386,0,0,0,0.9694719471947195,0.9694719471947195,671.8440594059406,1.4698529999999999,1.4249812499999999,1.4249812499999999,2200,2772,2772,1.26,1.26,0,0,474.2199,PC017-WT,0,,,ON,False
2026-06-23,,IM8,3,,SD,,,0,,0,0,0,0,0,,,,,,0,0,0,0,0,0,0,0,0,0,0,0,0,0,0,0,0,0,0,0,0,,,SD,False
2026-06-23,,IM8,1,7:30am,H61P RCL-LED Refl B,1058300,,528,600,40,6.833333333333333,41,6.8,1.2000000000000002,,,30.6,6a,800,795,795,5,5,0.00625,1.3398692810457515,1.3398692810457515,1071.8954248366013,1.1333333333333333,1.5090277777777776,1.5090277777777776,1200,1600,1590,1.3333333333333333,1.325,1256.1000000000001,7.9,265.6,PC017-WT,0,,,ON,False
2026-06-23,,IM8,2,,H61P RCL-LED Refl B,,,528,600,40,6.833333333333333,41,7.123,0.8769999999999998,,,30.6,,838,838,838,0,0,0,1.3398692810457515,1.3398692810457515,1122.8104575163397,1.2435570833333334,1.6662039351851852,1.6662039351851852,1200,1676,1676,1.3966666666666667,1.3966666666666667,1324.04,0,278.216,PC017-WT,0,,,ON,False
2026-06-23,,IM9,3,Ongoing,T90A RCL Reflector A,1054306,,MO5774,600,150,6.666666666666667,40,4.6173166666666665,3.3826833333333335,,wip,41.66,ongoing,399,399,399,0,0,0,0.9601536245799329,0.9601536245799329,383.10129620739326,0.3838144479166667,0.3685208333333334,0.3685208333333334,1200,798,798,0.665,0.665,850.668,0,258.552,PC001-GY,0,,,ON,False
2026-06-23,,IM9,1,8am,H61P RCL-LED Refl A,1050903,,527,600,40,6.833333333333333,41,0,5.442538888888889,,,,,,-10,-10,10,10,0,0,0,0,0.11774977199074073,0,0,1200,0,-20,0,0,-14.42,14.42,0,PC017-WT,0,,,ON,True
2026-06-23,,IM9,1,,T90A RCL Reflector A,,,MO5774,,0,0,40,2.557461111111111,-1.470794444444444,,wip,41.66,,221,221,221,0,0,0,0.9601536245799329,0.9601536245799329,212.1939510321652,1.7357052126068373,1.666543651086738,1.666543651086738,0,442,442,221,221,471.172,0,143.208,PC001-GY,0,,,ON,True
2026-06-23,,IM9,2,,H61P RCL-LED Refl A,,,527,650,43.333333333333336,7.402777777777778,41,6.913333333333333,1.086666666666667,,Encoder errors with robot working on issue.,34,130p,732,732,732,0,0,0,1.2058823529411764,1.2058823529411764,882.7058823529411,0.9731846153846153,1.1735461538461538,1.1735461538461538,1300,1464,1464,1.126153846153846,1.126153846153846,1055.5439999999999,0,278.16,PC017-WT,0,,,ON,False
2026-06-24,,IM1,3,Ongoing,550B CHL HG Cover A,1059369,,M05309,900,128.57142857142858,7.5,30,6.655916666666667,1.3440833333333329,,,30.14,,795,795,795,0,0,0,0.9953550099535501,0.9953550099535501,791.3072329130723,0.7349241319444445,0.7315104166666667,0.7315104166666667,1800,1590,1590,0.8833333333333333,0.8833333333333333,1388.07,0,232.14,PC012-BK,0,,,ON,False
2026-06-24,,IM1,1,,550B CHL HG Cover A,,,M05309,900,128.57142857142858,7.5,30,7.30895,0.6910499999999997,,,30.14,,873,873,873,0,0,0,0.9953550099535501,0.9953550099535501,868.9449236894492,0.8862101875,0.88209375,0.88209375,1800,1746,1746,0.97,0.97,1524.258,0,254.916,PC012-BK,0,,,ON,False
2026-06-24,,IM1,2,,550B CHL HG Cover A,,,M05309,700,100,5.833333333333333,30,10.800166666666666,-2.800166666666666,,,30.14,,1290,1290,1290,0,0,0,0.9953550099535501,0.9953550099535501,1284.0079628400797,2.4878955357142853,2.4763392857142854,2.4763392857142854,1400,2580,2580,1.8428571428571427,1.8428571428571427,2252.34,0,376.67999999999995,PC012-BK,0,,,ON,False
2026-06-24,,IM10,3,Ongoing,31CC DRL Inner Lens,1059368,,TNL 621,650,92.85714285714286,7.402777777777778,41,1.8186666666666667,6.181333333333333,,,37.2,,176,171,171,5,5,0.028409090909090908,1.1021505376344085,1.1021505376344085,193.9784946236559,0.06155487179487179,0.06591538461538461,0.06591538461538461,1300,352,342,0.27076923076923076,0.26307692307692304,357.048,10.440000000000001,98.710656,PC020-NC,0,,,ON,False
2026-06-24,,IM10,1,,31CC DRL Inner Lens,,,TNL 621,650,92.85714285714286,7.402777777777778,41,3.6166666666666667,4.383333333333333,,,37.2,,350,345,345,5,5,0.014285714285714285,1.1021505376344085,1.1021505376344085,385.75268817204295,0.24342948717948718,0.26446314102564106,0.26446314102564106,1300,700,690,0.5384615384615384,0.5307692307692308,720.36,10.440000000000001,196.2996,PC020-NC,0,,,ON,False
2026-06-24,,IM10,2,4PM,150B SPL Housing,1052538,,M05201,500,100,6.25,45,5.5,2.5,,,39.6,4p,500,495,495,5,5,0.01,1.1363636363636362,1.1363636363636362,568.1818181818181,0.6875,0.7734374999999999,0.7734374999999999,1000,1000,990,1,0.99,1105.83,11.17,395,PC001-GY,0,,,ON,False
2026-06-24,,IM11,3,Ongoing,NQ5A Bumper Brkt I/B #2,1059813,,1023,600,0,7.246666666666665,43.48,6.57225,1.4277499999999996,,,38.1,,621,621,621,0,0,0,1.1412073490813648,1.1412073490813648,708.6897637795275,0.85028484375,0.9703513125,0.9703513125,1200,1242,1242,1.035,1.035,0,0,96.50340000000001,PAM02-BK,0,,,ON,False
2026-06-24,,IM11,1,,NQ5A Bumper Brkt I/B #2,,,1023,600,0,7.246666666666665,43.48,7.344833333333335,0.6551666666666653,,,38.1,,694,694,694,0,0,0,1.1412073490813648,1.1412073490813648,791.9979002624672,1.0619404861111115,1.2118942870370375,1.2118942870370375,1200,1388,1388,1.1566666666666667,1.1566666666666667,0,0,107.84760000000001,PAM02-BK,0,,,ON,False
2026-06-24,,IM11,2,,NQ5A Bumper Brkt I/B #2,,,1023,500,0,6.038888888888889,43.48,8.318500000000002,-0.318500000000002,,,38.1,,786,786,786,0,0,0,1.1412073490813648,1.1412073490813648,896.9889763779527,1.6345852500000002,1.8654007000000001,1.8654007000000001,1000,1572,1572,1.572,1.572,0,0,122.1444,PAM02-BK,0,,,ON,False
2026-06-24,,IM12,3,MIDNIGHT,150B CHL BG Shade A,1052498,,M05175,1000,40,6.666666666666667,24,3.8179166666666666,4.182083333333333,,,26.18,1a,525,521,521,4,4,0.007619047619047619,0.9167303284950344,0.9167303284950344,481.2834224598931,0.25055078125,0.22793750000000004,0.22793750000000004,2000,1050,1042,0.525,0.521,338.65000000000003,2.6,78.75,PP025-BK,0,,,ON,False
2026-06-24,,IM12,1,,150B CHL BG Shade A,,,M05175,1100,44,7.333333333333333,24,9.217644444444444,-1.2176444444444439,,,26.42,,1256,1256,1256,0,0,0,0.9084027252081756,0.9084027252081756,1140.9538228614686,1.3156092525252525,1.1951030303030301,1.1951030303030301,2200,2512,2512,1.1418181818181818,1.1418181818181818,816.4,0,188.4,PP025-BK,0,,,ON,False
2026-06-24,,IM12,2,,150B CHL BG Shade A,,,M05175,1000,40,6.666666666666667,24,14.843122222222224,-6.843122222222224,,Ran into 3rd shift going from 6/23/26,26.44,,2021,2021,2021,0,0,0,0.9077155824508321,0.9077155824508321,1834.4931921331315,3.7497437513888894,3.4037008333333336,3.4037008333333336,2000,4042,4042,2.021,2.021,1313.65,0,303.15,PP025-BK,0,,,ON,False
2026-06-24,,IM14,3,Ongoing,NQ5A Bumper Brkt I/B #1,1059814,,1022,500,0,6.075,43.74,6.7555555555555555,1.2444444444444445,,,38,,640,640,640,0,0,0,1.1510526315789473,1.1510526315789473,736.6736842105263,1.080888888888889,1.2441600000000002,1.2441600000000002,1000,1280,1280,1.28,1.28,0,0,124.28800000000001,PAM02-BK,0,,,ON,False
2026-06-24,,IM14,1,7:30AM,T90A RCL RIM (COVER A),1053805,,MO5773,600,80,7,42,1.5921805555555555,2.449486111111111,,Barrel having to cool down.,39.53,11a,145,139,139,6,6,0.041379310344827586,1.0624841892233747,1.0624841892233747,154.06020743738932,0.6013056712962963,0.6124414471815868,0.6124414471815868,1200,290,278,0.24166666666666667,0.2316666666666667,180.978,7.812,63.51,PP025-BK,0,,,ON,True
2026-06-24,,IM14,1,,NQ5A Bumper Brkt I/B #1,,,1022,,0,0,43.74,3.9583333333333335,-4.248652777777778,,,38,,375,375,375,0,0,0,1.1510526315789473,1.1510526315789473,431.64473684210526,2.883537008101852,3.3191028614309213,3.3191028614309213,0,750,750,375,375,0,0,72.825,PAM02-BK,0,,,ON,True
2026-06-24,,IM14,2,,T90A RCL RIM (COVER A),,,MO5773,600,80,7,42,8.290319444444444,-0.29031944444444413,,,39.53,,755,755,755,0,0,0,1.0624841892233747,1.0624841892233747,802.1755628636479,1.3039981626157406,1.3854774305555555,1.3854774305555555,1200,1510,1510,1.2583333333333333,1.2583333333333333,983.01,0,330.69,PP025-BK,0,,,ON,False
2026-06-24,,IM15,3,Ongoing,U625 REFLEX REFLECTOR,1009415,,MO8085,800,0,7.333333333333333,33,6.797388888888889,1.2026111111111106,,,31.78,,770,770,770,0,0,0,1.038388923851479,1.038388923851479,799.5594713656388,0.8178108506944445,0.8492057291666667,0.8492057291666667,1600,1540,1540,0.9625,0.9625,594.44,0,118.657,PMMA01-AM,0,,,ON,False
2026-06-24,,IM15,1,,U625 REFLEX REFLECTOR,,,MO8085,800,0,7.333333333333333,33,7.274088888888889,0.7259111111111114,,,31.78,,824,824,824,0,0,0,1.038388923851479,1.038388923851479,855.6324732536186,0.9365389444444445,0.9724916666666668,0.9724916666666668,1600,1648,1648,1.03,1.03,636.128,0,126.9784,PMMA01-AM,0,,,ON,False
2026-06-24,,IM15,2,,U625 REFLEX REFLECTOR,,,MO8085,700,0,6.416666666666667,33,7.81895,0.18104999999999993,,,31.77,,886,886,886,0,0,0,1.0387157695939566,1.0387157695939566,920.3021718602456,1.2370695892857144,1.2849636904761907,1.2849636904761907,1400,1772,1772,1.2657142857142858,1.2657142857142858,683.992,0,136.5326,PMMA01-AM,0,,,ON,False
2026-06-24,,IM16,3,Ongoing,FORD PIN,1032104,,656,700,1.4,7.777777777777778,40,4.3902777777777775,3.6097222222222225,,,29,ongoing,545,2180,0,0,0,0,1.3793103448275863,1.3793103448275863,751.7241379310345,0.42726810515873015,0.5893353174603175,0.5893353174603175,2800,2180,2180,0.7785714285714286,0.7785714285714286,390.21999999999997,0,30.517819999999997,PP024-BK,0,,,ON,False
2026-06-24,,IM16,1,,FORD PIN,,,656,700,1.4,7.777777777777778,40,5.385555555555556,2.6144444444444437,,,29.6,,655,2620,0,0,0,0,1.3513513513513513,1.3513513513513513,885.1351351351351,0.6299176587301588,0.8512400793650795,0.8512400793650795,2800,2620,2620,0.9357142857142857,0.9357142857142857,468.97999999999996,0,36.67738,PP024-BK,0,,,ON,False
2026-06-24,,IM16,2,,FORD PIN,,,656,700,1.4,7.777777777777778,40,5.458333333333333,2.541666666666667,,,30,,655,2620,0,0,0,0,1.3333333333333333,1.3333333333333333,873.3333333333333,0.6384300595238095,0.8512400793650793,0.8512400793650793,2800,2620,2620,0.9357142857142857,0.9357142857142857,468.97999999999996,0,36.67738,PP024-BK,0,,,ON,False
2026-06-24,,IM17,3,,SD,,,0,,0,0,0,0,0,,,,,,0,0,0,0,0,0,0,0,0,0,0,0,0,0,0,0,0,0,0,0,0,,,SD,False
2026-06-24,,IM17,1,,SD,,,0,,0,0,0,0,0,,,,,,0,0,0,0,0,0,0,0,0,0,0,0,0,0,0,0,0,0,0,0,0,,,SD,False
2026-06-24,,IM17,2,,SD,,,0,,0,0,0,0,0,,,,,,0,0,0,0,0,0,0,0,0,0,0,0,0,0,0,0,0,0,0,0,0,,,SD,False
2026-06-24,,IM18,3,,SD,,,0,,0,0,0,0,0,,,,,,0,0,0,0,0,0,0,0,0,0,0,0,0,0,0,0,0,0,0,0,0,,,SD,False
2026-06-24,,IM18,1,,SD,,,0,,0,0,0,0,0,,,,,,0,0,0,0,0,0,0,0,0,0,0,0,0,0,0,0,0,0,0,0,0,,,SD,False
2026-06-24,,IM18,2,,SD,,,0,,0,0,0,0,0,,,,,,0,0,0,0,0,0,0,0,0,0,0,0,0,0,0,0,0,0,0,0,0,,,SD,False
2026-06-24,,IM19,3,Ongoing,T90A BUL HSG,1058647,,MO5785,700,100,7.388888888888889,38,0.732,7.268,,No pack.,43.2,,61,61,61,0,0,0,0.8796296296296295,0.8796296296296295,53.657407407407405,0.007973571428571429,0.007013789682539682,0.007013789682539682,1400,122,122,0.08714285714285715,0.08714285714285715,127.61200000000001,0,46.116,ASA01-BK,0,,,ON,False
2026-06-24,,IM19,1,,T90A BUL HSG,,,MO5785,700,100,7.388888888888889,38,4.056,3.944,,,43.2,815a,338,336,336,2,2,0.005917159763313609,0.8796296296296295,0.8796296296296295,297.3148148148148,0.24480857142857146,0.21406666666666666,0.21406666666666666,1400,676,672,0.4828571428571429,0.48,702.912,4.184,255.528,ASA01-BK,0,,,ON,False
2026-06-24,,IM19,2,,T90A BUL HSG,,,MO5785,600,85.71428571428571,6.333333333333333,38,7.248,0.7519999999999998,,No pack.,43.2,,604,604,604,0,0,0,0.8796296296296295,0.8796296296296295,531.2962962962962,0.9120400000000001,0.8022574074074074,0.8022574074074074,1200,1208,1208,1.0066666666666666,1.0066666666666666,1263.568,0,456.624,ASA01-BK,0,,,ON,False
2026-06-24,,IM2,3,Ongoing,J34A BG BRACKET A,1052844,,5764,800,0,7.666666666666667,34.5,0,8,,out of pack,,,601,601,601,0,0,0,0,0,0,0,0,0,1600,1202,1202,0.75125,0.75125,0,0,270.1495,PAM01-BK,0,,,ON,False
2026-06-24,,IM2,1,,J34A BG BRACKET A,,,5764,800,0,7.666666666666667,34.5,0,8,,out of pack,,,,0,0,0,0,0,0,0,0,0,0,0,1600,0,0,0,0,0,0,0,PAM01-BK,0,,,ON,False
2026-06-24,,IM2,2,,J34A BG BRACKET A,,,5764,800,0,7.666666666666667,34.5,0,8,,out of pack,,,,0,0,0,0,0,0,0,0,0,0,0,1600,0,0,0,0,0,0,0,PAM01-BK,0,,,ON,False
2026-06-24,,IM3,3,Ongoing,T90A CHL EXTENSION B,1051472,,MO6519,800,53.333333333333336,7.555555555555555,34,6.214444444444444,1.7855555555555558,,,34,,658,658,658,0,0,0,1,1,658,0.6389225694444444,0.6389225694444444,0.6389225694444444,1600,1316,1316,0.8225,0.8225,571.144,0,194.768,PC003-BK,0,,,ON,False
2026-06-24,,IM3,1,,T90A CHL EXTENSION B,,,MO6519,700,46.666666666666664,6.611111111111111,34,6.658333333333333,1.3416666666666668,,,34,,705,705,705,0,0,0,1,1,705,0.8382366071428572,0.8382366071428572,0.8382366071428572,1400,1410,1410,1.0071428571428571,1.0071428571428571,611.9399999999999,0,208.67999999999998,PC003-BK,0,,,ON,False
2026-06-24,,IM3,2,4:30PM,T90A RCL REFLECTOR C,1053734,,MO5776,600,57.142857142857146,5.5,33,7.083333333333333,0.916666666666667,,,30,2p,850,840,840,10,10,0.011764705882352941,1.1,1.1,935.0000000000001,1.2543402777777777,1.3635416666666667,1.3635416666666667,1200,1700,1680,1.4166666666666667,1.4000000000000001,934.08,11.120000000000001,290.70000000000005,PC014-WT,0,,,ON,False
2026-06-24,,IM4,3,Ongoing,T90A RCL INNER LENS B,1059012,,MO5778,800,66.66666666666667,7.333333333333333,33,6.799166666666667,1.2008333333333328,,,29.85,,820,820,820,0,0,0,1.1055276381909547,1.1055276381909547,906.5326633165828,0.8711432291666668,0.9630729166666667,0.9630729166666667,1600,1640,1640,1.025,1.025,708.48,0,188.6,PC011-NC,0,,,ON,False
2026-06-24,,IM4,1,,T90A RCL INNER LENS B,,,MO5778,,0,0,33,9.751000000000001,-1.7510000000000012,,,29.85,,1176,1176,1176,0,0,0,1.1055276381909547,1.1055276381909547,1300.1005025125628,0,0,0,0,2352,2352,1176,1176,1016.064,0,270.48,PC011-NC,0,,,ON,False
2026-06-24,,IM4,2,5PM,L42P(2) HL Base A (Carrier Plate),1027912,,70637,600,0,6.716666666666667,40.3,4.866666666666665,3.1333333333333346,,,43.8,4p,400,395,395,5,5,0.0125,0.9200913242009132,0.9200913242009132,368.0365296803653,0.40555555555555545,0.36848379629629624,0.36848379629629624,1200,800,790,0.6666666666666666,0.6583333333333333,0,0,261.82,PC001-GY,0,,,ON,False
2026-06-24,,IM5,3,,SD,,,0,,0,0,0,0,0,,,,,,0,0,0,0,0,0,0,0,0,0,0,0,0,0,0,0,0,0,0,0,0,,,SD,False
2026-06-24,,IM5,1,,SD,,,0,,0,0,0,0,0,,,,,,0,0,0,0,0,0,0,0,0,0,0,0,0,0,0,0,0,0,0,0,0,,,SD,False
2026-06-24,,IM5,2,,SD,,,0,,0,0,0,0,0,,,,,,0,0,0,0,0,0,0,0,0,0,0,0,0,0,0,0,0,0,0,0,0,,,SD,False
2026-06-24,,IM6,3,11PM,T90A CHL REFLEX REFLECTOR,1060719,,MO6510,900,32.72727272727273,7.25,29,7.599999999999999,0.40000000000000124,,No pack.,30.4,11p,900,900,900,0,0,0,0.9539473684210527,0.9539473684210527,858.5526315789474,0.9499999999999998,0.9062499999999999,0.9062499999999999,1800,1800,1800,1,1,660.6,0,111.6,PC026-AMB,0,,,ON,False
2026-06-24,,IM6,1,,T90A CHL REFLEX REFLECTOR,,,MO6510,900,32.72727272727273,7.25,29,5.480444444444444,2.5195555555555558,,No pack.,30.4,,649,649,649,0,0,0,0.9539473684210527,0.9539473684210527,619.1118421052631,0.4940011728395062,0.47125111882716053,0.47125111882716053,1800,1298,1298,0.7211111111111111,0.7211111111111111,476.366,0,80.476,PC026-AMB,0,,,ON,False
2026-06-24,,IM6,2,,T90A CHL REFLEX REFLECTOR,,,MO6510,900,32.72727272727273,7.25,29,0,8,,No pack.,,,,0,0,0,0,0,0,0,0,0,0,0,1800,0,0,0,0,0,0,0,PC026-AMB,0,,,ON,False
2026-06-24,,IM7,3,11:30PM,31CC Reflector Turn,1061218,,TNL 620,600,60,6.666666666666667,40,5.956527777777778,2.0434722222222224,,,32.99,1230a,650,645,645,5,5,0.007692307692307693,1.2124886329190663,1.2124886329190663,788.117611397393,0.8066131365740741,0.970486111111111,0.970486111111111,1200,1300,1290,1.0833333333333333,1.075,1048.77,8.129999999999999,191.1,PBT05-BK,0,,,ON,False
2026-06-24,,IM7,1,,31CC Reflector Turn,,,TNL 620,650,65,7.222222222222222,40,5.626627777777778,2.3733722222222218,,,32.99,,614,614,614,0,0,0,1.2124886329190663,1.2124886329190663,744.4680206123066,0.6643748952991454,0.8055470085470086,0.8055470085470086,1300,1228,1228,0.9446153846153846,0.9446153846153846,998.3639999999999,0,180.516,PBT05-BK,0,,,ON,False
2026-06-24,,IM7,2,3:30PM,T90A RCL Extension A,1060793,,MO5772,600,80,6.5,39,5.5,2.5,,,36,,550,545,545,5,5,0.00909090909090909,1.0833333333333333,1.0833333333333333,595.8333333333333,0.6302083333333334,0.6765190972222223,0.6765190972222223,1200,1100,1090,0.9166666666666666,0.9083333333333333,780.4399999999999,7.16,297,PC003-BK,0,,,ON,False
2026-06-24,,IM8,3,Ongoing,H61P RCL-LED Refl B,1058300,,528,650,43.333333333333336,7.402777777777778,41,0,8,,Down no pack.,,,,0,0,0,0,0,0,0,0,0,0,0,1300,0,0,0,0,0,0,0,PC017-WT,0,,,ON,False
2026-06-24,,IM8,1,,890B CHL-LED Cover HG,1060091,,5417,600,0,6,36,7.126388888888889,0.8736111111111109,,,35,6a,733,728,728,5,5,0.0068212824010914054,1.0285714285714285,1.0285714285714285,753.9428571428571,1.0882589699074074,1.1117166666666667,1.1117166666666667,1200,1466,1456,1.2216666666666667,1.2133333333333334,0,0,241.157,PP018-BK,0,,,ON,False
2026-06-24,,IM8,2,,890B CHL-LED Cover HG,,,5417,700,0,7,36,7.709722222222223,0.29027777777777697,,,35,,793,793,793,0,0,0,1.0285714285714285,1.0285714285714285,815.6571428571427,1.0917517361111113,1.122944642857143,1.122944642857143,1400,1586,1586,1.1328571428571428,1.1328571428571428,0,0,260.897,PP018-BK,0,,,ON,False
2026-06-24,,IM9,3,Ongoing,H61P RCL-LED Refl A,1050903,,527,600,40,6.833333333333333,41,6.718249999999999,1.2817500000000006,,,34.9,,693,693,693,0,0,0,1.174785100286533,1.174785100286533,814.1260744985674,0.9699473437499999,1.1394796875,1.1394796875,1200,1386,1386,1.155,1.155,999.3059999999999,0,263.34,PC017-WT,0,,,ON,False
2026-06-24,,IM9,1,7AM,T90A RCL Reflector A,1054306,,MO5774,600,150,6.666666666666667,40,1.15,2.6038333333333337,,Ejector spring broke taking back half to tool room.,41.4,1130a,100,98,98,2,2,0.02,0.9661835748792271,0.9661835748792271,96.61835748792271,0.6048203472222221,0.5726801355340847,0.5726801355340847,1200,200,196,0.16666666666666666,0.16333333333333333,208.936,4.264,64.8,PC001-GY,0,,,ON,True
2026-06-24,,IM9,1,,H61P RCL-LED Refl A,,,527,,0,0,41,4.246166666666666,-1.3306111111111107,,,34.9,,438,438,438,0,0,0,1.174785100286533,1.174785100286533,514.5558739255015,1.7067242824074076,2.0050342572694473,2.0050342572694473,0,876,876,438,438,631.596,0,166.44,PC017-WT,0,,,ON,True
2026-06-24,,IM9,2,,T90A RCL Reflector A,,,MO5774,600,150,6.666666666666667,40,5.084444444444444,2.9155555555555557,,Ejector spring broke taking back half to tool room.,41.6,,440,436,436,4,4,0.00909090909090909,0.9615384615384615,0.9615384615384615,423.07692307692304,0.4660740740740741,0.44407407407407407,0.44407407407407407,1200,880,872,0.7333333333333333,0.7266666666666667,929.552,8.528,285.12,PC001-GY,0,,,ON,False
2026-06-25,,IM1,3,,550B CHL HG Cover A,,,M05309,,0,0,30,2.4247222222222224,5.575277777777778,,Paused for wip.,30.1,,290,290,290,0,0,0,0.9966777408637874,0.9966777408637874,289.03654485049833,0,0,0,0,580,580,290,290,506.34,0,84.67999999999999,PC012-BK,0,,,ON,False
2026-06-25,,IM1,1,,550B CHL HG Cover A,,,M05309,,0,0,30,3.5283888888888892,4.471611111111111,,,30.1,,422,422,422,0,0,0,0.9966777408637874,0.9966777408637874,420.59800664451825,0,0,0,0,844,844,422,422,736.812,0,123.22399999999999,PC012-BK,0,,,ON,False
2026-06-25,,IM1,2,,SD,,,0,,0,0,0,0,0,,,,,,0,0,0,0,0,0,0,0,0,0,0,0,0,0,0,0,0,0,0,0,0,,,SD,False
2026-06-25,,IM10,3,ONGOING,150B SPL Housing,1052538,,M05201,600,120,7.5,45,3.2324277777777777,4.767572222222222,,Paused at 1230am no totes.,42.94,ongoing,271,271,271,0,0,0,1.047973917093619,1.047973917093619,284.00093153237077,0.1824974849537037,0.19125260416666667,0.19125260416666667,1200,542,542,0.45166666666666666,0.45166666666666666,605.414,0,214.09,PC001-GY,0,,,ON,False
2026-06-25,,IM10,1,8:00AM,550B RCL-LED Reflector,1063100,,MO5239,600,120,5.833333333333333,35,2.3833333333333333,5.616666666666667,,,33,930a,260,260,260,0,0,0,1.0606060606060606,1.0606060606060606,275.75757575757575,0.12909722222222222,0.1369212962962963,0.1369212962962963,1200,520,520,0.43333333333333335,0.43333333333333335,487.24,0,162.24,PC018-BK,0,,,ON,False
2026-06-25,,IM10,2,,550B RCL-LED Reflector,,,MO5239,700,140,6.805555555555555,35,8.305,-0.3049999999999997,,,33,,906,906,906,0,0,0,1.0606060606060606,1.0606060606060606,960.9090909090909,1.3436303571428572,1.4250625,1.4250625,1400,1812,1812,1.2942857142857143,1.2942857142857143,1697.844,0,565.344,PC018-BK,0,,,ON,False
2026-06-25,,IM11,3,ONGOING,NQ5A Bumper Brkt I/B #2,1059813,,1023,650,0,7.850555555555554,43.48,8.153444444444444,-0.15344444444444427,,,38.12,ongoing,770,770,770,0,0,0,1.1406086044071353,1.1406086044071353,878.2686253934942,1.2073369658119657,1.3770989316239315,1.3770989316239315,1300,1540,1540,1.1846153846153846,1.1846153846153846,0,0,119.658,PAM02-BK,0,,,ON,False
2026-06-25,,IM11,1,,NQ5A Bumper Brkt I/B #2,,,1023,650,0,7.850555555555554,43.48,7.133166666666667,0.8668333333333331,,,38.1,,674,674,674,0,0,0,1.1412073490813648,1.1412073490813648,769.1737532808398,0.924568141025641,1.0551239572649571,1.0551239572649571,1300,1348,1348,1.0369230769230768,1.0369230769230768,0,0,104.73960000000001,PAM02-BK,0,,,ON,False
2026-06-25,,IM11,2,4:00PM,NQ5A Bumper Brkt I/B #1,1063509,,1022,550,0,6.6825,43.74,8.657166666666667,-0.6571666666666669,,,38.1,130p,818,812,812,6,6,0.007334963325183374,1.148031496062992,1.148031496062992,939.0897637795275,1.6094459848484848,1.834141909090909,1.834141909090909,1100,1636,1624,1.4872727272727273,1.4763636363636363,0,0,158.8556,PAM02-BK,0,,,ON,False
2026-06-25,,IM12,3,,SD,,,0,,0,0,0,0,0,,,,,,0,0,0,0,0,0,0,0,0,0,0,0,0,0,0,0,0,0,0,0,0,,,SD,False
2026-06-25,,IM12,1,,SD,,,0,,0,0,0,0,0,,,,,,0,0,0,0,0,0,0,0,0,0,0,0,0,0,0,0,0,0,0,0,0,,,SD,False
2026-06-25,,IM12,2,,SD,,,0,,0,0,0,0,0,,,,,,0,0,0,0,0,0,0,0,0,0,0,0,0,0,0,0,0,0,0,0,0,,,SD,False
2026-06-25,,IM14,3,ONGOING,T90A RCL RIM (COVER A),1053805,,MO5773,650,86.66666666666667,7.583333333333333,42,8.229166666666666,-0.22916666666666607,,,39.5,ongoing,750,750,750,0,0,0,1.0632911392405062,1.0632911392405062,797.4683544303797,1.1868990384615385,1.2620192307692308,1.2620192307692308,1300,1500,1500,1.1538461538461537,1.1538461538461537,976.5,0,328.5,PP025-BK,0,,,ON,False
2026-06-25,,IM14,1,,T90A RCL RIM (COVER A),,,MO5773,650,86.66666666666667,7.583333333333333,42,7.131944444444444,0.8680555555555562,,,39.5,,650,650,650,0,0,0,1.0632911392405062,1.0632911392405062,691.1392405063291,0.8914930555555555,0.9479166666666665,0.9479166666666665,1300,1300,1300,1,1,846.3000000000001,0,284.7,PP025-BK,0,,,ON,False
2026-06-25,,IM14,2,,T90A RCL RIM (COVER A),,,MO5773,650,86.66666666666667,7.583333333333333,42,9.611666666666666,-1.6116666666666664,,,39.5,,876,876,876,0,0,0,1.0632911392405062,1.0632911392405062,931.4430379746834,1.619196153846154,1.7216769230769229,1.7216769230769229,1300,1752,1752,1.3476923076923077,1.3476923076923077,1140.5520000000001,0,383.688,PP025-BK,0,,,ON,False
2026-06-25,,IM15,3,,SD,,,0,,0,0,0,0,0,,,,,,0,0,0,0,0,0,0,0,0,0,0,0,0,0,0,0,0,0,0,0,0,,,SD,False
2026-06-25,,IM15,1,,SD,,,0,,0,0,0,0,0,,,,,,0,0,0,0,0,0,0,0,0,0,0,0,0,0,0,0,0,0,0,0,0,,,SD,False
2026-06-25,,IM15,2,,SD,,,0,,0,0,0,0,0,,,,,,0,0,0,0,0,0,0,0,0,0,0,0,0,0,0,0,0,0,0,0,0,,,SD,False
2026-06-25,,IM16,3,ONGOING,FORD PIN,1032104,,656,650,1.3,7.222222222222222,40,2.7513750000000003,5.248625,,Screen blank count wrote down late.,28.71,ongoing,345,1380,0,0,0,0,1.3932427725531173,1.3932427725531173,480.6687565308255,0.18254314903846156,0.2543269230769231,0.2543269230769231,2600,1380,1380,0.5307692307692308,0.5307692307692308,247.01999999999998,0,19.31862,PP024-BK,0,,,ON,False
2026-06-25,,IM16,1,,FORD PIN,,,656,650,1.3,7.222222222222222,40,6.7295,1.2705000000000002,,,28.17,,860,3440,0,0,0,0,1.419950301739439,1.419950301739439,1221.1572594959175,1.1129557692307692,1.5803418803418803,1.5803418803418803,2600,3440,3440,1.323076923076923,1.323076923076923,615.76,0,48.15656,PP024-BK,0,,,ON,False
2026-06-25,,IM16,2,,FORD PIN,,,656,650,1.3,7.222222222222222,40,9.851675,-1.8516750000000002,,,28.17,,1259,5036,0,0,0,0,1.419950301739439,1.419950301739439,1787.7174298899538,2.3852420817307696,3.386925213675214,3.386925213675214,2600,5036,5036,1.936923076923077,1.936923076923077,901.444,0,70.498964,PP024-BK,0,,,ON,False
2026-06-25,,IM17,3,,SD,,,0,,0,0,0,0,0,,,,,,0,0,0,0,0,0,0,0,0,0,0,0,0,0,0,0,0,0,0,0,0,,,SD,False
2026-06-25,,IM17,1,,SD,,,0,,0,0,0,0,0,,,,,,0,0,0,0,0,0,0,0,0,0,0,0,0,0,0,0,0,0,0,0,0,,,SD,False
2026-06-25,,IM17,2,,SD,,,0,,0,0,0,0,0,,,,,,0,0,0,0,0,0,0,0,0,0,0,0,0,0,0,0,0,0,0,0,0,,,SD,False
2026-06-25,,IM18,3,,SD,,,0,,0,0,0,0,0,,,,,,0,0,0,0,0,0,0,0,0,0,0,0,0,0,0,0,0,0,0,0,0,,,SD,False
2026-06-25,,IM18,1,,SD,,,0,,0,0,0,0,0,,,,,,0,0,0,0,0,0,0,0,0,0,0,0,0,0,0,0,0,0,0,0,0,,,SD,False
2026-06-25,,IM18,2,,SD,,,0,,0,0,0,0,0,,,,,,0,0,0,0,0,0,0,0,0,0,0,0,0,0,0,0,0,0,0,0,0,,,SD,False
2026-06-25,,IM19,3,,SD,,,0,,0,0,0,0,0,,,,,,0,0,0,0,0,0,0,0,0,0,0,0,0,0,0,0,0,0,0,0,0,,,SD,False
2026-06-25,,IM19,1,,SD,,,0,,0,0,0,0,0,,,,,,0,0,0,0,0,0,0,0,0,0,0,0,0,0,0,0,0,0,0,0,0,,,SD,False
2026-06-25,,IM19,2,,SD,,,0,,0,0,0,0,0,,,,,,0,0,0,0,0,0,0,0,0,0,0,0,0,0,0,0,0,0,0,0,0,,,SD,False
2026-06-25,,IM2,3,,SD,,,0,,0,0,0,0,0,,,,,,0,0,0,0,0,0,0,0,0,0,0,0,0,0,0,0,0,0,0,0,0,,,SD,False
2026-06-25,,IM2,1,,SD,,,0,,0,0,0,0,0,,,,,,0,0,0,0,0,0,0,0,0,0,0,0,0,0,0,0,0,0,0,0,0,,,SD,False
2026-06-25,,IM2,2,,SD,,,0,,0,0,0,0,0,,,,,,0,0,0,0,0,0,0,0,0,0,0,0,0,0,0,0,0,0,0,0,0,,,SD,False
2026-06-25,,IM3,3,ONGOING,T90A RCL REFLECTOR C,1062843,,MO5776,800,76.19047619047619,7.333333333333333,33,4.091666666666667,3.908333333333333,,Paused no pack.,30,ongoing,491,491,491,0,0,0,1.1,1.1,540.1,0.3139075520833334,0.3452983072916667,0.3452983072916667,1600,982,982,0.61375,0.61375,545.9920000000001,0,167.92200000000003,PC014-WT,0,,,ON,False
2026-06-25,,IM3,1,,T90A RCL REFLECTOR C,,,MO5776,800,76.19047619047619,7.333333333333333,33,3.466666666666667,4.533333333333333,,Paused no pack.,30,,416,414,414,2,2,0.004807692307692308,1.1,1.1,457.6,0.22533333333333336,0.24667500000000003,0.24667500000000003,1600,832,828,0.52,0.5175000000000001,460.36800000000005,2.224,142.27200000000002,PC014-WT,0,,,ON,False
2026-06-25,,IM3,2,4:30PM,31CG Inner Lens,1061744,,M643,600,20,5.833333333333333,35,6.05,1.9500000000000002,,Mixed material at start up.,33,115p,660,640,640,20,20,0.030303030303030304,1.0606060606060606,1.0606060606060606,700,0.831875,0.8555555555555556,0.8555555555555556,1200,1320,1280,1.1,1.0666666666666669,1058.56,33.08,205.92,PC028-RED,0,,,ON,False
2026-06-25,,IM4,3,ONGOING,L42P(2) HL Base A (Carrier Plate),1027912,,70637,700,0,7.83611111111111,40.3,7.906527777777779,0.09347222222222129,,,43.79,ongoing,650,650,650,0,0,0,0.9203014386846311,0.9203014386846311,598.1959351450103,0.9177219742063494,0.8445808531746033,0.8445808531746033,1400,1300,1300,0.9285714285714286,0.9285714285714286,0,0,425.4575,PC001-GY,0,,,ON,False
2026-06-25,,IM4,1,,L42P(2) HL Base A (Carrier Plate),,,70637,600,0,6.716666666666667,40.3,7.9559999999999995,0.04400000000000048,,,40.8,,702,702,702,0,0,0,0.9877450980392157,0.9877450980392157,693.3970588235294,1.163565,1.149305625,1.149305625,1200,1404,1404,1.17,1.17,0,0,459.4941,PC001-GY,0,,,ON,False
2026-06-25,,IM4,2,3:00PM,550B RCL-LED Ext. B,1059385,,M05326,1200,171.42857142857142,7.666666666666667,23,6.312222222222222,1.6877777777777778,,,23,315p,988,988,988,0,0,0,1,1,988,0.6496328703703704,0.6496328703703704,0.6496328703703704,2400,1976,1976,0.8233333333333334,0.8233333333333334,531.544,0,108.4824,PC018-BK,0,,,ON,False
2026-06-25,,IM5,3,,SD,,,0,,0,0,0,0,0,,,,,,0,0,0,0,0,0,0,0,0,0,0,0,0,0,0,0,0,0,0,0,0,,,SD,False
2026-06-25,,IM5,1,,SD,,,0,,0,0,0,0,0,,,,,,0,0,0,0,0,0,0,0,0,0,0,0,0,0,0,0,0,0,0,0,0,,,SD,False
2026-06-25,,IM5,2,,SD,,,0,,0,0,0,0,0,,,,,,0,0,0,0,0,0,0,0,0,0,0,0,0,0,0,0,0,0,0,0,0,,,SD,False
2026-06-25,,IM6,3,,SD,,,0,,0,0,0,0,0,,,,,,0,0,0,0,0,0,0,0,0,0,0,0,0,0,0,0,0,0,0,0,0,,,SD,False
2026-06-25,,IM6,1,,SD,,,0,,0,0,0,0,0,,,,,,0,0,0,0,0,0,0,0,0,0,0,0,0,0,0,0,0,0,0,0,0,,,SD,False
2026-06-25,,IM6,2,,311 D Bezel Plug,,,0,,0,0,35,3.0333916666666667,0,,,31.29,630p,349,1376,1376,20,20,0.014326647564469915,1.1185682326621924,1.1185682326621924,390.38031319910516,0,0,0,0,2792,2752,349,344,0,0,111.68,ABS07-BK,0,,,ON,False
2026-06-25,,IM7,3,ONGOING,T90A RCL Extension A,1060793,,MO5772,700,93.33333333333333,7.583333333333333,39,8.129388888888888,-0.12938888888888833,,,35.69,ongoing,820,820,820,0,0,0,1.0927430652843935,1.0927430652843935,896.0493135332026,1.1903748015873015,1.3007738095238095,1.3007738095238095,1400,1640,1640,1.1714285714285715,1.1714285714285715,1174.24,0,442.8,PC003-BK,0,,,ON,False
2026-06-25,,IM7,1,,T90A RCL Extension A,,,MO5772,700,93.33333333333333,7.583333333333333,39,7.138,0.8620000000000001,,Pause no pack,35.69,,720,720,720,0,0,0,1.0927430652843935,1.0927430652843935,786.7750070047633,0.9177428571428571,1.002857142857143,1.002857142857143,1400,1440,1440,1.0285714285714285,1.0285714285714285,1031.04,0,388.8,PC003-BK,0,,,ON,False
2026-06-25,,IM7,2,,T90A RCL Extension A,,,MO5772,700,93.33333333333333,7.583333333333333,39,3.2914111111111106,4.708588888888889,,Paused for no pack.,35.69,845p,332,330,330,2,2,0.006024096385542169,1.0927430652843935,1.0927430652843935,362.79069767441865,0.1951336587301587,0.21194642857142856,0.21194642857142856,1400,664,660,0.4742857142857143,0.4714285714285715,472.56,2.864,179.28,PC003-BK,0,,,ON,False
2026-06-25,,IM8,3,ONGOING,890B CHL-LED Cover HG,1060091,,5417,700,0,7,36,4.67638888888889,3.32361111111111,,,35,ongoing,481,481,481,0,0,0,1.0285714285714285,1.0285714285714285,494.7428571428571,0.4016684027777779,0.4131446428571429,0.4131446428571429,1400,962,962,0.6871428571428572,0.6871428571428572,0,0,158.249,PP018-BK,0,,,ON,False
2026-06-25,,IM8,1,7:00AM,J34A HG BRACKET A,1062024,,5765,800,0,7.666666666666667,34.5,6.891558333333333,1.1084416666666668,,,34.41,430a,721,715,715,6,6,0.008321775312066574,1.0026155187445511,1.0026155187445511,722.8857890148214,0.7763771184895834,0.7719300130208334,0.7719300130208334,1600,1442,1430,0.90125,0.89375,0,0,491.7941,PAM01-BK,0,,,ON,False
2026-06-25,,IM8,2,,J34A HG BRACKET A,,,5765,800,0,7.666666666666667,34.5,1.4212500000000001,6.578749999999999,,Paused no pack.,34.11,,150,148,148,2,2,0.013333333333333334,1.0114335971855761,1.0114335971855761,151.71503957783642,0.033310546875000006,0.033242187500000006,0.033242187500000006,1600,300,296,0.1875,0.185,0,0,102.31500000000001,PAM01-BK,0,,,ON,False
2026-06-25,,IM9,3,ONGOING,T90A RCL Reflector A,1054306,,MO5774,650,162.5,7.222222222222222,40,7.549666666666667,0.45033333333333303,,,41.18,ongoing,660,660,660,0,0,0,0.9713453132588635,0.9713453132588635,641.0879067508499,0.9582269230769233,0.9307692307692309,0.9307692307692309,1300,1320,1320,1.0153846153846153,1.0153846153846153,1407.1200000000001,0,427.68,PC001-GY,0,,,ON,False
2026-06-25,,IM9,1,,T90A RCL Reflector A,,,MO5774,650,162.5,7.222222222222222,40,7.0921111111111115,0.9078888888888885,,,41.18,ongoing,620,620,620,0,0,0,0.9713453132588635,0.9713453132588635,602.2340942204954,0.8455978632478632,0.8213675213675213,0.8213675213675213,1300,1240,1240,0.9538461538461539,0.9538461538461539,1321.8400000000001,0,401.76,PC001-GY,0,,,ON,False
2026-06-25,,IM9,2,,T90A RCL Reflector A,,,MO5774,,0,0,40,3.2715222222222224,4.728477777777778,,Slide return limit giving issues. No parts to fix it going to next tool per Malik.,41.18,,286,286,286,0,0,0,0.9713453132588635,0.9713453132588635,277.804759592035,0,0,0,0,572,572,286,286,609.7520000000001,0,185.328,PC001-GY,0,,,ON,False
2026-06-26,,IM1,3,,SD,,,0,,0,0,0,0,0,,,,,,0,0,0,0,0,0,0,0,0,0,0,0,0,0,0,0,0,0,0,0,0,,,SD,False
2026-06-26,,IM1,1,,SD,,,0,,0,0,0,0,0,,,,,,0,0,0,0,0,0,0,0,0,0,0,0,0,0,0,0,0,0,0,0,0,,,SD,False
2026-06-26,,IM1,2,,SD,,,0,,0,0,0,0,0,,,,,,0,0,0,0,0,0,0,0,0,0,0,0,0,0,0,0,0,0,0,0,0,,,SD,False
2026-06-26,,IM10,3,ONGOING,550B RCL-LED Reflector,1063100,,MO5239,700,140,6.805555555555555,35,0,8,,Down for WIP,,ongoing,14,14,14,0,0,0,0,0,0,0,0,0,1400,28,28,0.02,0.02,26.236,0,8.736,PC018-BK,0,,,ON,False
2026-06-26,,IM10,1,,550B RCL-LED Reflector,,,MO5239,700,140,6.805555555555555,35,0,8,,,,,,0,0,0,0,0,0,0,0,0,0,0,1400,0,0,0,0,0,0,0,PC018-BK,0,,,ON,False
2026-06-26,,IM10,2,,550B RCL-LED Reflector,,,MO5239,700,140,6.805555555555555,35,0,8,,Down for WIP ,,ongoing,654,654,654,0,0,0,0,0,0,0,0,0,1400,1308,1308,0.9342857142857143,0.9342857142857143,1225.596,0,408.096,PC018-BK,0,,,ON,False
2026-06-26,,IM11,3,ONGONG,NQ5A Bumper Brkt I/B #1,1063509,,1022,600,0,7.29,43.74,7.307630555555556,0.6923694444444441,,,37.21,ongoing,707,707,707,0,0,0,1.1754904595538833,1.1754904595538833,831.0717549045955,1.0763530839120372,1.2652427812500002,1.2652427812500002,1200,1414,1414,1.1783333333333332,1.1783333333333332,0,0,137.29940000000002,PAM02-BK,0,,,ON,False
2026-06-26,,IM11,1,,NQ5A Bumper Brkt I/B #1,,,1022,600,0,7.29,43.74,7.169027777777777,0.8309722222222229,,,36.35,ongoing,710,710,710,0,0,0,1.2033012379642365,1.2033012379642365,854.3438789546079,1.0604186921296297,1.276003125,1.276003125,1200,1420,1420,1.1833333333333333,1.1833333333333333,0,0,137.882,PAM02-BK,0,,,ON,False
2026-06-26,,IM11,2,,NQ5A Bumper Brkt I/B #1,,,1022,600,0,7.29,43.74,7.221500000000001,0.7784999999999993,,,36.36,ongoing,715,715,715,0,0,0,1.2029702970297032,1.2029702970297032,860.1237623762378,1.0757026041666669,1.2940382812500004,1.2940382812500004,1200,1430,1430,1.1916666666666667,1.1916666666666667,0,0,138.853,PAM02-BK,0,,,ON,False
2026-06-26,,IM12,3,12:20AM,GM PIN,1063808,,2717,600,3.2,5.833333333333333,35,0,8,,Started on 2nd shift,,ongoing,882,7056,0,0,0,0,0,0,0,0,0,0,4800,7056,7056,1.47,1.47,705.6,0,126.58464000000001,PP024-BK,0,,,ON,False
2026-06-26,,IM12,1,,GM PIN,,,2717,800,4.266666666666667,7.777777777777778,35,0,8,,,,ongoing,894,7152,0,0,0,0,0,0,0,0,0,0,6400,7152,7152,1.1175,1.1175,715.2,0,128.30688,PP024-BK,0,,,ON,False
2026-06-26,,IM12,2,,GM PIN,,,2717,800,4.266666666666667,7.777777777777778,35,0,8,,,,ongoing,836,6688,0,0,0,0,0,0,0,0,0,0,6400,6688,6688,1.045,1.045,668.8000000000001,0,119.98272,PP024-BK,0,,,ON,False
2026-06-26,,IM14,3,ONGOING,T90A RCL RIM (COVER A),1053805,,MO5773,650,86.66666666666667,7.583333333333333,42,0,8,,,,ongoing,674,674,674,0,0,0,0,0,0,0,0,0,1300,1348,1348,1.0369230769230768,1.0369230769230768,877.548,0,295.212,PP025-BK,0,,,ON,False
2026-06-26,,IM14,1,,T90A RCL RIM (COVER A),,,MO5773,650,86.66666666666667,7.583333333333333,42,0,8,,,,ongoing,656,656,656,0,0,0,0,0,0,0,0,0,1300,1312,1312,1.0092307692307692,1.0092307692307692,854.1120000000001,0,287.328,PP025-BK,0,,,ON,False
2026-06-26,,IM14,2,,T90A RCL RIM (COVER A),,,MO5773,650,86.66666666666667,7.583333333333333,42,0,8,,No pack per team lead,,ongoing,312,312,312,0,0,0,0,0,0,0,0,0,1300,624,624,0.48,0.48,406.224,0,136.656,PP025-BK,0,,,ON,False
2026-06-26,,IM15,3,12:10AM,U625 REFLEX REFLECTOR,1064855,,MO8085,700,0,6.416666666666667,33,5.590000000000001,2.4099999999999993,,,30.96,1200a,650,630,630,20,20,0.03076923076923077,1.065891472868217,1.065891472868217,692.829457364341,0.6488392857142858,0.6703125000000001,0.6703125000000001,1400,1300,1260,0.9285714285714286,0.9,486.36,15.440000000000001,100.16499999999999,PMMA01-AM,0,,,ON,False
2026-06-26,,IM15,1,,U625 REFLEX REFLECTOR,,,MO8085,800,0,7.333333333333333,33,7.0004,0.9996,,,30.96,ongoing,814,814,814,0,0,0,1.065891472868217,1.065891472868217,867.6356589147287,0.8903633750000001,0.9490307291666666,0.9490307291666666,1600,1628,1628,1.0175,1.0175,628.408,0,125.43739999999998,PMMA01-AM,0,,,ON,False
2026-06-26,,IM15,2,,U625 REFLEX REFLECTOR,,,MO8085,800,0,7.333333333333333,33,6.460686111111111,1.5393138888888886,,,30.97,ongoing,751,751,751,0,0,0,1.0655473038424281,1.0655473038424281,800.2260251856635,0.7581211358506945,0.8078139322916668,0.8078139322916668,1600,1502,1502,0.93875,0.93875,579.772,0,115.72909999999999,PMMA01-AM,0,,,ON,False
2026-06-26,,IM16,3,ONGOING,FORD PIN,1032104,,656,700,1.4,7.777777777777778,40,10.551002777777777,-2.551002777777777,,,37.87,ongoing,1003,4012,0,0,0,0,1.0562450488513335,1.0562450488513335,1059.4137839978875,1.8897599618055554,1.9960496031746031,1.9960496031746031,2800,4012,4012,1.4328571428571428,1.4328571428571428,718.148,0,56.163987999999996,PP024-BK,0,,,ON,False
2026-06-26,,IM16,1,,FORD PIN,,,656,700,1.4,7.777777777777778,40,0,8,,,,ongoing,1000,4000,0,0,0,0,0,0,0,0,0,0,2800,4000,4000,1.4285714285714286,1.4285714285714286,716,0,55.995999999999995,PP024-BK,0,,,ON,False
2026-06-26,,IM16,2,,FORD PIN,,,656,700,1.4,7.777777777777778,40,0,8,,,,ongoing,755,3020,0,0,0,0,0,0,0,0,0,0,2800,3020,3020,1.0785714285714285,1.0785714285714285,540.5799999999999,0,42.276979999999995,PP024-BK,0,,,ON,False
2026-06-26,,IM17,3,,SD,,,0,,0,0,0,0,0,,,,,,0,0,0,0,0,0,0,0,0,0,0,0,0,0,0,0,0,0,0,0,0,,,SD,False
2026-06-26,,IM17,1,,SD,,,0,,0,0,0,0,0,,,,,,0,0,0,0,0,0,0,0,0,0,0,0,0,0,0,0,0,0,0,0,0,,,SD,False
2026-06-26,,IM17,2,,SD,,,0,,0,0,0,0,0,,,,,,0,0,0,0,0,0,0,0,0,0,0,0,0,0,0,0,0,0,0,0,0,,,SD,False
2026-06-26,,IM18,3,,SD,,,0,,0,0,0,0,0,,,,,,0,0,0,0,0,0,0,0,0,0,0,0,0,0,0,0,0,0,0,0,0,,,SD,False
2026-06-26,,IM18,1,,SD,,,0,,0,0,0,0,0,,,,,,0,0,0,0,0,0,0,0,0,0,0,0,0,0,0,0,0,0,0,0,0,,,SD,False
2026-06-26,,IM18,2,,SD,,,0,,0,0,0,0,0,,,,,,0,0,0,0,0,0,0,0,0,0,0,0,0,0,0,0,0,0,0,0,0,,,SD,False
2026-06-26,,IM19,3,,SD,,,0,,0,0,0,0,0,,,,,,0,0,0,0,0,0,0,0,0,0,0,0,0,0,0,0,0,0,0,0,0,,,SD,False
2026-06-26,,IM19,1,,SD,,,0,,0,0,0,0,0,,,,,,0,0,0,0,0,0,0,0,0,0,0,0,0,0,0,0,0,0,0,0,0,,,SD,False
2026-06-26,,IM19,2,,SD,,,0,,0,0,0,0,0,,,,,,0,0,0,0,0,0,0,0,0,0,0,0,0,0,0,0,0,0,0,0,0,,,SD,False
2026-06-26,,IM2,3,11:00PM,THRA/TGSX Outer Lens Mold Only,1065251,,NEEDED,600,0,7.5,45,6.905555555555556,1.094444444444444,,,45.2,1030p,550,1092,0,8,8,0.01444043321299639,0.9955752212389379,0.9955752212389379,547.5663716814158,0.791261574074074,0.7763848149819493,0.7763848149819493,1200,1108,1092,0.9166666666666666,0.9034296028880866,0,0,177.28,PMMA03-RED,0,,,ON,False
2026-06-26,,IM2,1,,THRA/TGSX Outer Lens Mold Only,,,NEEDED,600,0,7.5,45,6.524555555555556,1.4754444444444443,,,45.17,ongoing,520,1040,0,0,0,0,0.9962364401151206,0.9962364401151206,518.0429488598627,0.7068268518518518,0.7041666666666665,0.7041666666666665,1200,1040,1040,0.8666666666666667,0.8666666666666667,0,0,166.4,PMMA03-RED,0,,,ON,False
2026-06-26,,IM2,2,,THRA/TGSX Outer Lens Mold Only,,,NEEDED,600,0,7.5,45,0,8,,,,ongoing,660,1320,0,0,0,0,0,0,0,0,0,0,1200,1320,1320,1.1,1.1,0,0,211.20000000000002,PMMA03-RED,0,,,ON,False
2026-06-26,,IM3,3,ONGOING,31CG Inner Lens,1061744,,M643,800,26.666666666666668,7.777777777777778,35,0,8,,,,ongiong,447,447,447,0,0,0,0,0,0,0,0,0,1600,894,894,0.55875,0.55875,739.338,0,139.464,PC028-RED,0,,,ON,False
2026-06-26,,IM3,1,7:00AM,L42P RCL Shade,1065088,,M04373,1200,48,8,24,2.5675,5.4325,,,23.7,615a,390,387,387,3,3,0.007692307692307693,1.0126582278481013,1.0126582278481013,394.9367088607595,0.23160989583333333,0.2327375,0.2327375,2400,780,774,0.325,0.3225,758.52,5.88,114.66,PC006-GY,0,,,ON,True
2026-06-26,,IM3,1,,L42P RCL Shade,,RH,M04373,,0,0,24,0,8,,,,900a,476,0,474,0,2,0.004201680672268907,0,0,0,0,0,0,0,476,474,476,474,464.52,1.96,69.972,PC006-GY,0,,,ON,True
2026-06-26,,IM3,2,,L42P RCL Shade,,RH,M04373,1200,48,8,24,0,8,,Down for WIP per team lead,,ongoing,1164,0,1164,0,0,0,0,0,0,0,0,0,1200,1164,1164,0.97,0.97,1140.72,0,171.108,PC006-GY,0,,,ON,False
2026-06-26,,IM4,3,ONGOING,550B RCL-LED Ext. B,1059385,,M05326,1100,157.14285714285714,7.027777777777778,23,0,8,,Press down cutter broke,,ongoing,1112,1112,1112,0,0,0,0,0,0,0,0,0,2200,2224,2224,1.010909090909091,1.010909090909091,598.2560000000001,0,122.0976,PC018-BK,0,,,ON,False
2026-06-26,,IM4,1,,550B RCL-LED Ext. B,,,M05326,1100,157.14285714285714,7.027777777777778,23,0,8,,Press started back 12:20am,,ongoing,350,350,350,0,0,0,0,0,0,0,0,0,2200,700,700,0.3181818181818182,0.3181818181818182,188.3,0,38.43,PC018-BK,0,,,ON,False
2026-06-26,,IM4,2,,550B RCL-LED Ext. B,,,M05326,1100,157.14285714285714,7.027777777777778,23,0,8,,Stopped at 11:00 for WIP,,ongoing,850,850,850,0,0,0,0,0,0,0,0,0,2200,1700,1700,0.7727272727272727,0.7727272727272727,457.3,0,93.33,PC018-BK,0,,,ON,False
2026-06-26,,IM5,3,,SD,,,0,,0,0,0,0,0,,,,,,0,0,0,0,0,0,0,0,0,0,0,0,0,0,0,0,0,0,0,0,0,,,SD,False
2026-06-26,,IM5,1,,SD,,,0,,0,0,0,0,0,,,,,,0,0,0,0,0,0,0,0,0,0,0,0,0,0,0,0,0,0,0,0,0,,,SD,False
2026-06-26,,IM5,2,,SD,,,0,,0,0,0,0,0,,,,,,0,0,0,0,0,0,0,0,0,0,0,0,0,0,0,0,0,0,0,0,0,,,SD,False
2026-06-26,,IM6,3,11:30PM,311 D Bezel Plug,1063587,,0,700,0,6.805555555555555,35,7.4726388888888895,0,,Material out at 4:55am,31.1,ongoing,865,3460,3460,0,0,0,1.12540192926045,1.12540192926045,973.4726688102893,1.154255828373016,1.299001736111111,1.299001736111111,5600,6920,6920,1.2357142857142858,1.2357142857142858,0,0,276.8,ABS07-BK,0,,,ON,False
2026-06-26,,IM6,1,,311 D Bezel Plug,,,0,800,0,7.777777777777778,35,0,0,,Out of material,,,,0,0,0,0,0,0,0,0,0,0,0,6400,0,0,0,0,0,0,0,ABS07-BK,0,,,ON,False
2026-06-26,,IM6,2,,311 D Bezel Plug,,,0,800,0,7.777777777777778,35,0,0,,,,,,0,0,0,0,0,0,0,0,0,0,0,6400,0,0,0,0,0,0,0,ABS07-BK,0,,,ON,False
2026-06-26,,IM7,3,,SD,,,0,,0,0,0,0,0,,,,,,0,0,0,0,0,0,0,0,0,0,0,0,0,0,0,0,0,0,0,0,0,,,SD,False
2026-06-26,,IM7,1,,T90A RCL Extension A,,,MO5772,,0,0,39,0,8,,,,945a,230,230,230,0,0,0,0,0,0,0,0,0,0,460,460,230,230,329.36,0,124.2,PC003-BK,0,,,ON,False
2026-06-26,,IM7,2,,T90A RCL Extension A,,,MO5772,,0,0,39,0,8,,,,ongoing,195,195,195,0,0,0,0,0,0,0,0,0,0,390,390,195,195,279.24,0,105.30000000000001,PC003-BK,0,,,ON,False
2026-06-26,,IM8,3,12:00AM,890B CHL-LED Cover HG,1063774,,5417,700,0,7,36,0,8,,,,100a,350,345,345,5,5,0.014285714285714285,0,0,0,0,0,0,1400,700,690,0.5,0.4928571428571429,0,0,115.15,PP018-BK,0,,,ON,False
2026-06-26,,IM8,1,,890B CHL-LED Cover HG,,,5417,800,0,8,36,7.544444444444445,0.4555555555555548,,,35,ongoing,776,776,776,0,0,0,1.0285714285714285,1.0285714285714285,798.1714285714285,0.9147638888888889,0.9409,0.9409,1600,1552,1552,0.97,0.97,0,0,255.304,PP018-BK,0,,,ON,False
2026-06-26,,IM8,2,,890B CHL-LED Cover HG,,,5417,800,0,8,36,3.653466666666666,4.346533333333333,,no totes,34.98,ongoing,376,376,376,0,0,0,1.0291595197255576,1.0291595197255576,386.96397941680965,0.21464116666666666,0.22090000000000004,0.22090000000000004,1600,752,752,0.47,0.47,0,0,123.70400000000001,PP018-BK,0,,,ON,False
2026-06-26,,IM9,3,12:30AM,H61P RCL-LED Refl A,1063811,,527,500,33.333333333333336,5.694444444444445,41,0,8,,,,1130p,600,595,595,5,5,0.008333333333333333,0,0,0,0,0,0,1000,1200,1190,1.2,1.19,857.99,7.21,228,PC017-WT,0,,,ON,False
2026-06-26,,IM9,1,,H61P RCL-LED Refl A,,,527,700,46.666666666666664,7.972222222222222,41,6.0448611111111115,1.9551388888888885,,,35.5,ongoing,613,613,613,0,0,0,1.1549295774647887,1.1549295774647887,707.9718309859155,0.6616964037698413,0.764212748015873,0.764212748015873,1400,1226,1226,0.8757142857142857,0.8757142857142857,883.9459999999999,0,232.94,PC017-WT,0,,,ON,False
2026-06-26,,IM9,2,4:00PM,H61P RCL-LED Refl B,1063833,,528,600,40,6.833333333333333,41,0,8,,,,330p,580,580,580,0,0,0,0,0,0,0,0,0,1200,1160,1160,0.9666666666666667,0.9666666666666667,916.4000000000001,0,192.56,PC017-WT,0,,,ON,True
2026-06-26,,IM9,2,,H61P RCL-LED Refl A,,,527,,0,0,41,0,8,,,,ongoing,105,105,105,0,0,0,0,0,0,0,0,0,0,210,210,105,105,151.41,0,39.9,PC017-WT,0,,,ON,True
2026-06-27,,IM1,3,,SD,,,0,,0,0,0,0,0,,,,,,0,0,0,0,0,0,0,0,0,0,0,0,0,0,0,0,0,0,0,0,0,,,SD,False
2026-06-27,,IM1,1,,SD,,,0,,0,0,0,0,0,,,,,,0,0,0,0,0,0,0,0,0,0,0,0,0,0,0,0,0,0,0,0,0,,,SD,False
2026-06-27,,IM1,2,,SD,,,0,,0,0,0,0,0,,,,,,0,0,0,0,0,0,0,0,0,0,0,0,0,0,0,0,0,0,0,0,0,,,SD,False
2026-06-27,,IM10,3,,SD,,,0,,0,0,0,0,0,,,,,,0,0,0,0,0,0,0,0,0,0,0,0,0,0,0,0,0,0,0,0,0,,,SD,False
2026-06-27,,IM10,1,,SD,,,0,,0,0,0,0,0,,,,,,0,0,0,0,0,0,0,0,0,0,0,0,0,0,0,0,0,0,0,0,0,,,SD,False
2026-06-27,,IM10,2,,SD,,,0,,0,0,0,0,0,,,,,,0,0,0,0,0,0,0,0,0,0,0,0,0,0,0,0,0,0,0,0,0,,,SD,False
2026-06-27,,IM11,3,,SD,,,0,,0,0,0,0,0,,,,,,0,0,0,0,0,0,0,0,0,0,0,0,0,0,0,0,0,0,0,0,0,,,SD,False
2026-06-27,,IM11,1,,SD,,,0,,0,0,0,0,0,,,,,,0,0,0,0,0,0,0,0,0,0,0,0,0,0,0,0,0,0,0,0,0,,,SD,False
2026-06-27,,IM11,2,,SD,,,0,,0,0,0,0,0,,,,,,0,0,0,0,0,0,0,0,0,0,0,0,0,0,0,0,0,0,0,0,0,,,SD,False
2026-06-27,,IM12,3,,SD,,,0,,0,0,0,0,0,,,,,,0,0,0,0,0,0,0,0,0,0,0,0,0,0,0,0,0,0,0,0,0,,,SD,False
2026-06-27,,IM12,1,,SD,,,0,,0,0,0,0,0,,,,,,0,0,0,0,0,0,0,0,0,0,0,0,0,0,0,0,0,0,0,0,0,,,SD,False
2026-06-27,,IM12,2,,SD,,,0,,0,0,0,0,0,,,,,,0,0,0,0,0,0,0,0,0,0,0,0,0,0,0,0,0,0,0,0,0,,,SD,False
2026-06-27,,IM14,3,,SD,,,0,,0,0,0,0,0,,,,,,0,0,0,0,0,0,0,0,0,0,0,0,0,0,0,0,0,0,0,0,0,,,SD,False
2026-06-27,,IM14,1,,SD,,,0,,0,0,0,0,0,,,,,,0,0,0,0,0,0,0,0,0,0,0,0,0,0,0,0,0,0,0,0,0,,,SD,False
2026-06-27,,IM14,2,,SD,,,0,,0,0,0,0,0,,,,,,0,0,0,0,0,0,0,0,0,0,0,0,0,0,0,0,0,0,0,0,0,,,SD,False
2026-06-27,,IM15,3,,SD,,,0,,0,0,0,0,0,,,,,,0,0,0,0,0,0,0,0,0,0,0,0,0,0,0,0,0,0,0,0,0,,,SD,False
2026-06-27,,IM15,1,,SD,,,0,,0,0,0,0,0,,,,,,0,0,0,0,0,0,0,0,0,0,0,0,0,0,0,0,0,0,0,0,0,,,SD,False
2026-06-27,,IM15,2,,SD,,,0,,0,0,0,0,0,,,,,,0,0,0,0,0,0,0,0,0,0,0,0,0,0,0,0,0,0,0,0,0,,,SD,False
2026-06-27,,IM16,3,,SD,,,0,,0,0,0,0,0,,,,,,0,0,0,0,0,0,0,0,0,0,0,0,0,0,0,0,0,0,0,0,0,,,SD,False
2026-06-27,,IM16,1,,SD,,,0,,0,0,0,0,0,,,,,,0,0,0,0,0,0,0,0,0,0,0,0,0,0,0,0,0,0,0,0,0,,,SD,False
2026-06-27,,IM16,2,,SD,,,0,,0,0,0,0,0,,,,,,0,0,0,0,0,0,0,0,0,0,0,0,0,0,0,0,0,0,0,0,0,,,SD,False
2026-06-27,,IM17,3,,SD,,,0,,0,0,0,0,0,,,,,,0,0,0,0,0,0,0,0,0,0,0,0,0,0,0,0,0,0,0,0,0,,,SD,False
2026-06-27,,IM17,1,,SD,,,0,,0,0,0,0,0,,,,,,0,0,0,0,0,0,0,0,0,0,0,0,0,0,0,0,0,0,0,0,0,,,SD,False
2026-06-27,,IM17,2,,SD,,,0,,0,0,0,0,0,,,,,,0,0,0,0,0,0,0,0,0,0,0,0,0,0,0,0,0,0,0,0,0,,,SD,False
2026-06-27,,IM18,3,,SD,,,0,,0,0,0,0,0,,,,,,0,0,0,0,0,0,0,0,0,0,0,0,0,0,0,0,0,0,0,0,0,,,SD,False
2026-06-27,,IM18,1,,SD,,,0,,0,0,0,0,0,,,,,,0,0,0,0,0,0,0,0,0,0,0,0,0,0,0,0,0,0,0,0,0,,,SD,False
2026-06-27,,IM18,2,,SD,,,0,,0,0,0,0,0,,,,,,0,0,0,0,0,0,0,0,0,0,0,0,0,0,0,0,0,0,0,0,0,,,SD,False
2026-06-27,,IM19,3,11:30PM,T1XL FASCIA BRACKET 1,1014132,,TNL 737,450,0,6.875,55,0,8,,,,,,0,0,0,0,0,0,0,0,0,0,0,900,0,0,0,0,0,0,0,PP028-BK,0,,,ON,False
2026-06-27,,IM19,1,,T1XL FASCIA BRACKET 1,,,TNL 737,500,0,7.638888888888889,55,0,8,,,,,,0,0,0,0,0,0,0,0,0,0,0,1000,0,0,0,0,0,0,0,PP028-BK,0,,,ON,False
2026-06-27,,IM19,2,,T1XL FASCIA BRACKET 1,,,TNL 737,500,0,7.638888888888889,55,0,8,,,,,,0,0,0,0,0,0,0,0,0,0,0,1000,0,0,0,0,0,0,0,PP028-BK,0,,,ON,False
2026-06-27,,IM2,3,,SD,,,0,,0,0,0,0,0,,,,,,0,0,0,0,0,0,0,0,0,0,0,0,0,0,0,0,0,0,0,0,0,,,SD,False
2026-06-27,,IM2,1,,SD,,,0,,0,0,0,0,0,,,,,,0,0,0,0,0,0,0,0,0,0,0,0,0,0,0,0,0,0,0,0,0,,,SD,False
2026-06-27,,IM2,2,,SD,,,0,,0,0,0,0,0,,,,,,0,0,0,0,0,0,0,0,0,0,0,0,0,0,0,0,0,0,0,0,0,,,SD,False
2026-06-27,,IM3,3,,SD,,,0,,0,0,0,0,0,,,,,,0,0,0,0,0,0,0,0,0,0,0,0,0,0,0,0,0,0,0,0,0,,,SD,False
2026-06-27,,IM3,1,,SD,,,0,,0,0,0,0,0,,,,,,0,0,0,0,0,0,0,0,0,0,0,0,0,0,0,0,0,0,0,0,0,,,SD,False
2026-06-27,,IM3,2,,SD,,,0,,0,0,0,0,0,,,,,,0,0,0,0,0,0,0,0,0,0,0,0,0,0,0,0,0,0,0,0,0,,,SD,False
2026-06-27,,IM4,3,,SD,,,0,,0,0,0,0,0,,,,,,0,0,0,0,0,0,0,0,0,0,0,0,0,0,0,0,0,0,0,0,0,,,SD,False
2026-06-27,,IM4,1,,SD,,,0,,0,0,0,0,0,,,,,,0,0,0,0,0,0,0,0,0,0,0,0,0,0,0,0,0,0,0,0,0,,,SD,False
2026-06-27,,IM4,2,,SD,,,0,,0,0,0,0,0,,,,,,0,0,0,0,0,0,0,0,0,0,0,0,0,0,0,0,0,0,0,0,0,,,SD,False
2026-06-27,,IM5,3,,SD,,,0,,0,0,0,0,0,,,,,,0,0,0,0,0,0,0,0,0,0,0,0,0,0,0,0,0,0,0,0,0,,,SD,False
2026-06-27,,IM5,1,,SD,,,0,,0,0,0,0,0,,,,,,0,0,0,0,0,0,0,0,0,0,0,0,0,0,0,0,0,0,0,0,0,,,SD,False
2026-06-27,,IM5,2,,SD,,,0,,0,0,0,0,0,,,,,,0,0,0,0,0,0,0,0,0,0,0,0,0,0,0,0,0,0,0,0,0,,,SD,False
2026-06-27,,IM6,3,,SD,,,0,,0,0,0,0,0,,,,,,0,0,0,0,0,0,0,0,0,0,0,0,0,0,0,0,0,0,0,0,0,,,SD,False
2026-06-27,,IM6,1,,SD,,,0,,0,0,0,0,0,,,,,,0,0,0,0,0,0,0,0,0,0,0,0,0,0,0,0,0,0,0,0,0,,,SD,False
2026-06-27,,IM6,2,,SD,,,0,,0,0,0,0,0,,,,,,0,0,0,0,0,0,0,0,0,0,0,0,0,0,0,0,0,0,0,0,0,,,SD,False
2026-06-27,,IM7,3,,SD,,,0,,0,0,0,0,0,,,,,,0,0,0,0,0,0,0,0,0,0,0,0,0,0,0,0,0,0,0,0,0,,,SD,False
2026-06-27,,IM7,1,,SD,,,0,,0,0,0,0,0,,,,,,0,0,0,0,0,0,0,0,0,0,0,0,0,0,0,0,0,0,0,0,0,,,SD,False
2026-06-27,,IM7,2,,SD,,,0,,0,0,0,0,0,,,,,,0,0,0,0,0,0,0,0,0,0,0,0,0,0,0,0,0,0,0,0,0,,,SD,False
2026-06-27,,IM8,3,,SD,,,0,,0,0,0,0,0,,,,,,0,0,0,0,0,0,0,0,0,0,0,0,0,0,0,0,0,0,0,0,0,,,SD,False
2026-06-27,,IM8,1,,SD,,,0,,0,0,0,0,0,,,,,,0,0,0,0,0,0,0,0,0,0,0,0,0,0,0,0,0,0,0,0,0,,,SD,False
2026-06-27,,IM8,2,,SD,,,0,,0,0,0,0,0,,,,,,0,0,0,0,0,0,0,0,0,0,0,0,0,0,0,0,0,0,0,0,0,,,SD,False
2026-06-27,,IM9,3,,SD,,,0,,0,0,0,0,0,,,,,,0,0,0,0,0,0,0,0,0,0,0,0,0,0,0,0,0,0,0,0,0,,,SD,False
2026-06-27,,IM9,1,,SD,,,0,,0,0,0,0,0,,,,,,0,0,0,0,0,0,0,0,0,0,0,0,0,0,0,0,0,0,0,0,0,,,SD,False
2026-06-27,,IM9,2,,SD,,,0,,0,0,0,0,0,,,,,,0,0,0,0,0,0,0,0,0,0,0,0,0,0,0,0,0,0,0,0,0,,,SD,False
2026-06-28,,IM1,3,,SD,,,0,,0,0,0,0,0,,,,,,0,0,0,0,0,0,0,0,0,0,0,0,0,0,0,0,0,0,0,0,0,,,SD,False
2026-06-28,,IM1,1,,SD,,,0,,0,0,0,0,0,,,,,,0,0,0,0,0,0,0,0,0,0,0,0,0,0,0,0,0,0,0,0,0,,,SD,False
2026-06-28,,IM1,2,,SD,,,0,,0,0,0,0,0,,,,,,0,0,0,0,0,0,0,0,0,0,0,0,0,0,0,0,0,0,0,0,0,,,SD,False
2026-06-28,,IM10,3,,SD,,,0,,0,0,0,0,0,,,,,,0,0,0,0,0,0,0,0,0,0,0,0,0,0,0,0,0,0,0,0,0,,,SD,False
2026-06-28,,IM10,1,,SD,,,0,,0,0,0,0,0,,,,,,0,0,0,0,0,0,0,0,0,0,0,0,0,0,0,0,0,0,0,0,0,,,SD,False
2026-06-28,,IM10,2,,SD,,,0,,0,0,0,0,0,,,,,,0,0,0,0,0,0,0,0,0,0,0,0,0,0,0,0,0,0,0,0,0,,,SD,False
2026-06-28,,IM11,3,,SD,,,0,,0,0,0,0,0,,,,,,0,0,0,0,0,0,0,0,0,0,0,0,0,0,0,0,0,0,0,0,0,,,SD,False
2026-06-28,,IM11,1,,SD,,,0,,0,0,0,0,0,,,,,,0,0,0,0,0,0,0,0,0,0,0,0,0,0,0,0,0,0,0,0,0,,,SD,False
2026-06-28,,IM11,2,,SD,,,0,,0,0,0,0,0,,,,,,0,0,0,0,0,0,0,0,0,0,0,0,0,0,0,0,0,0,0,0,0,,,SD,False
2026-06-28,,IM12,3,,SD,,,0,,0,0,0,0,0,,,,,,0,0,0,0,0,0,0,0,0,0,0,0,0,0,0,0,0,0,0,0,0,,,SD,False
2026-06-28,,IM12,1,,SD,,,0,,0,0,0,0,0,,,,,,0,0,0,0,0,0,0,0,0,0,0,0,0,0,0,0,0,0,0,0,0,,,SD,False
2026-06-28,,IM12,2,,SD,,,0,,0,0,0,0,0,,,,,,0,0,0,0,0,0,0,0,0,0,0,0,0,0,0,0,0,0,0,0,0,,,SD,False
2026-06-28,,IM14,3,,SD,,,0,,0,0,0,0,0,,,,,,0,0,0,0,0,0,0,0,0,0,0,0,0,0,0,0,0,0,0,0,0,,,SD,False
2026-06-28,,IM14,1,,SD,,,0,,0,0,0,0,0,,,,,,0,0,0,0,0,0,0,0,0,0,0,0,0,0,0,0,0,0,0,0,0,,,SD,False
2026-06-28,,IM14,2,,SD,,,0,,0,0,0,0,0,,,,,,0,0,0,0,0,0,0,0,0,0,0,0,0,0,0,0,0,0,0,0,0,,,SD,False
2026-06-28,,IM15,3,,SD,,,0,,0,0,0,0,0,,,,,,0,0,0,0,0,0,0,0,0,0,0,0,0,0,0,0,0,0,0,0,0,,,SD,False
2026-06-28,,IM15,1,,SD,,,0,,0,0,0,0,0,,,,,,0,0,0,0,0,0,0,0,0,0,0,0,0,0,0,0,0,0,0,0,0,,,SD,False
2026-06-28,,IM15,2,,SD,,,0,,0,0,0,0,0,,,,,,0,0,0,0,0,0,0,0,0,0,0,0,0,0,0,0,0,0,0,0,0,,,SD,False
2026-06-28,,IM16,3,,SD,,,0,,0,0,0,0,0,,,,,,0,0,0,0,0,0,0,0,0,0,0,0,0,0,0,0,0,0,0,0,0,,,SD,False
2026-06-28,,IM16,1,,SD,,,0,,0,0,0,0,0,,,,,,0,0,0,0,0,0,0,0,0,0,0,0,0,0,0,0,0,0,0,0,0,,,SD,False
2026-06-28,,IM16,2,,SD,,,0,,0,0,0,0,0,,,,,,0,0,0,0,0,0,0,0,0,0,0,0,0,0,0,0,0,0,0,0,0,,,SD,False
2026-06-28,,IM17,3,,SD,,,0,,0,0,0,0,0,,,,,,0,0,0,0,0,0,0,0,0,0,0,0,0,0,0,0,0,0,0,0,0,,,SD,False
2026-06-28,,IM17,1,,SD,,,0,,0,0,0,0,0,,,,,,0,0,0,0,0,0,0,0,0,0,0,0,0,0,0,0,0,0,0,0,0,,,SD,False
2026-06-28,,IM17,2,,SD,,,0,,0,0,0,0,0,,,,,,0,0,0,0,0,0,0,0,0,0,0,0,0,0,0,0,0,0,0,0,0,,,SD,False
2026-06-28,,IM18,3,,SD,,,0,,0,0,0,0,0,,,,,,0,0,0,0,0,0,0,0,0,0,0,0,0,0,0,0,0,0,0,0,0,,,SD,False
2026-06-28,,IM18,1,,SD,,,0,,0,0,0,0,0,,,,,,0,0,0,0,0,0,0,0,0,0,0,0,0,0,0,0,0,0,0,0,0,,,SD,False
2026-06-28,,IM18,2,,SD,,,0,,0,0,0,0,0,,,,,,0,0,0,0,0,0,0,0,0,0,0,0,0,0,0,0,0,0,0,0,0,,,SD,False
2026-06-28,,IM19,3,,SD,,,0,,0,0,0,0,0,,,,,,0,0,0,0,0,0,0,0,0,0,0,0,0,0,0,0,0,0,0,0,0,,,SD,False
2026-06-28,,IM19,1,,SD,,,0,,0,0,0,0,0,,,,,,0,0,0,0,0,0,0,0,0,0,0,0,0,0,0,0,0,0,0,0,0,,,SD,False
2026-06-28,,IM19,2,,SD,,,0,,0,0,0,0,0,,,,,,0,0,0,0,0,0,0,0,0,0,0,0,0,0,0,0,0,0,0,0,0,,,SD,False
2026-06-28,,IM2,3,,SD,,,0,,0,0,0,0,0,,,,,,0,0,0,0,0,0,0,0,0,0,0,0,0,0,0,0,0,0,0,0,0,,,SD,False
2026-06-28,,IM2,1,,SD,,,0,,0,0,0,0,0,,,,,,0,0,0,0,0,0,0,0,0,0,0,0,0,0,0,0,0,0,0,0,0,,,SD,False
2026-06-28,,IM2,2,,SD,,,0,,0,0,0,0,0,,,,,,0,0,0,0,0,0,0,0,0,0,0,0,0,0,0,0,0,0,0,0,0,,,SD,False
2026-06-28,,IM3,3,,SD,,,0,,0,0,0,0,0,,,,,,0,0,0,0,0,0,0,0,0,0,0,0,0,0,0,0,0,0,0,0,0,,,SD,False
2026-06-28,,IM3,1,,SD,,,0,,0,0,0,0,0,,,,,,0,0,0,0,0,0,0,0,0,0,0,0,0,0,0,0,0,0,0,0,0,,,SD,False
2026-06-28,,IM3,2,,SD,,,0,,0,0,0,0,0,,,,,,0,0,0,0,0,0,0,0,0,0,0,0,0,0,0,0,0,0,0,0,0,,,SD,False
2026-06-28,,IM4,3,,SD,,,0,,0,0,0,0,0,,,,,,0,0,0,0,0,0,0,0,0,0,0,0,0,0,0,0,0,0,0,0,0,,,SD,False
2026-06-28,,IM4,1,,SD,,,0,,0,0,0,0,0,,,,,,0,0,0,0,0,0,0,0,0,0,0,0,0,0,0,0,0,0,0,0,0,,,SD,False
2026-06-28,,IM4,2,,SD,,,0,,0,0,0,0,0,,,,,,0,0,0,0,0,0,0,0,0,0,0,0,0,0,0,0,0,0,0,0,0,,,SD,False
2026-06-28,,IM5,3,,SD,,,0,,0,0,0,0,0,,,,,,0,0,0,0,0,0,0,0,0,0,0,0,0,0,0,0,0,0,0,0,0,,,SD,False
2026-06-28,,IM5,1,,SD,,,0,,0,0,0,0,0,,,,,,0,0,0,0,0,0,0,0,0,0,0,0,0,0,0,0,0,0,0,0,0,,,SD,False
2026-06-28,,IM5,2,,SD,,,0,,0,0,0,0,0,,,,,,0,0,0,0,0,0,0,0,0,0,0,0,0,0,0,0,0,0,0,0,0,,,SD,False
2026-06-28,,IM6,3,,SD,,,0,,0,0,0,0,0,,,,,,0,0,0,0,0,0,0,0,0,0,0,0,0,0,0,0,0,0,0,0,0,,,SD,False
2026-06-28,,IM6,1,,SD,,,0,,0,0,0,0,0,,,,,,0,0,0,0,0,0,0,0,0,0,0,0,0,0,0,0,0,0,0,0,0,,,SD,False
2026-06-28,,IM6,2,,SD,,,0,,0,0,0,0,0,,,,,,0,0,0,0,0,0,0,0,0,0,0,0,0,0,0,0,0,0,0,0,0,,,SD,False
2026-06-28,,IM7,3,,SD,,,0,,0,0,0,0,0,,,,,,0,0,0,0,0,0,0,0,0,0,0,0,0,0,0,0,0,0,0,0,0,,,SD,False
2026-06-28,,IM7,1,,SD,,,0,,0,0,0,0,0,,,,,,0,0,0,0,0,0,0,0,0,0,0,0,0,0,0,0,0,0,0,0,0,,,SD,False
2026-06-28,,IM7,2,,SD,,,0,,0,0,0,0,0,,,,,,0,0,0,0,0,0,0,0,0,0,0,0,0,0,0,0,0,0,0,0,0,,,SD,False
2026-06-28,,IM8,3,,SD,,,0,,0,0,0,0,0,,,,,,0,0,0,0,0,0,0,0,0,0,0,0,0,0,0,0,0,0,0,0,0,,,SD,False
2026-06-28,,IM8,1,,SD,,,0,,0,0,0,0,0,,,,,,0,0,0,0,0,0,0,0,0,0,0,0,0,0,0,0,0,0,0,0,0,,,SD,False
2026-06-28,,IM8,2,,SD,,,0,,0,0,0,0,0,,,,,,0,0,0,0,0,0,0,0,0,0,0,0,0,0,0,0,0,0,0,0,0,,,SD,False
2026-06-28,,IM9,3,,SD,,,0,,0,0,0,0,0,,,,,,0,0,0,0,0,0,0,0,0,0,0,0,0,0,0,0,0,0,0,0,0,,,SD,False
2026-06-28,,IM9,1,,SD,,,0,,0,0,0,0,0,,,,,,0,0,0,0,0,0,0,0,0,0,0,0,0,0,0,0,0,0,0,0,0,,,SD,False
2026-06-28,,IM9,2,,SD,,,0,,0,0,0,0,0,,,,,,0,0,0,0,0,0,0,0,0,0,0,0,0,0,0,0,0,0,0,0,0,,,SD,False
2026-06-29,,IM1,3,11:00PM,T6ZA LPL Housing,1066950,,3802,1000,0,7.777777777777778,28,2.780555555555556,5.219444444444444,,Shut down per quality rust on tool no tooling here yet.,26,12a,385,380,380,5,5,0.012987012987012988,1.0769230769230769,1.0769230769230769,414.6153846153846,0.13381423611111112,0.14223611111111112,0.14223611111111112,2000,770,760,0.385,0.38,0,0,51.898,ASA01-BK,0,,,ON,False
2026-06-29,,IM1,1,,T6ZA LPL Housing,,,3802,1000,0,7.777777777777778,28,2.9033333333333338,5.096666666666666,,Tool going to shop for retexturing.,26,,402,392,392,10,10,0.024875621890547265,1.0769230769230769,1.0769230769230769,432.9230769230769,0.1458925,0.15320666666666666,0.15320666666666666,2000,804,784,0.402,0.392,0,0,54.1896,ASA01-BK,0,,,ON,False
2026-06-29,,IM1,2,,T6ZA LPL Housing,,,3802,1000,0,7.777777777777778,28,5.604444444444445,2.395555555555555,,Parts still no good now waiting for Drake to get here.,26,,776,766,766,10,10,0.01288659793814433,1.0769230769230769,1.0769230769230769,835.6923076923076,0.5436311111111112,0.5779044444444444,0.5779044444444444,2000,1552,1532,0.776,0.766,0,0,104.6048,ASA01-BK,0,,,ON,False
2026-06-29,,IM10,3,11:50PM,550B RCL-LED Reflector,1063100,,MO5239,500,100,4.861111111111111,35,1.45,6.55,,Wip.,34.8,4a,150,146,146,4,4,0.02666666666666667,1.0057471264367817,1.0057471264367817,150.86206896551724,0.054375,0.05322916666666667,0.05322916666666667,1000,300,292,0.3,0.292,273.60400000000004,7.496,93.6,PC018-BK,0,,,ON,False
2026-06-29,,IM10,1,,550B RCL-LED Reflector,,,MO5239,600,120,5.833333333333333,35,7.522827777777779,0.47717222222222144,,,34.81,,778,778,778,0,0,0,1.0054582016661877,1.0054582016661877,782.2464808962941,1.2193250023148148,1.2259803240740739,1.2259803240740739,1200,1556,1556,1.2966666666666666,1.2966666666666666,1457.972,0,485.472,PC018-BK,0,,,ON,False
2026-06-29,,IM10,2,4:30PM,31CC DRL Inner Lens,1066682,,TNL 621,200,28.571428571428573,2.2777777777777777,41,2.700388888888889,5.299611111111111,,Paused for wip,37.39,415p,260,254,254,6,6,0.023076923076923078,1.0965498796469644,1.0965498796469644,285.1029687082107,0.43881319444444444,0.47007638888888886,0.47007638888888886,400,520,508,1.3,1.27,530.352,12.528,145.82256,PC020-NC,0,,,ON,False
2026-06-29,,IM11,3,12:00AM,NQ5A Bumper Brkt I/B #1,1063509,,1022,500,0,6.075,43.74,5.383333333333334,2.6166666666666663,,,38,1215a,510,505,505,5,5,0.00980392156862745,1.1510526315789473,1.1510526315789473,587.0368421052632,0.686375,0.7823081249999999,0.7823081249999999,1000,1020,1010,1.02,1.01,0,0,99.042,PAM02-BK,0,,,ON,False
2026-06-29,,IM11,1,8:00AM,L42P RCL Rim/ Cuff,1065747,,MO4375,800,76.19047619047619,6.222222222222222,28,4.9588,3.0412,,S.S. issues and EOAT adjustments.,27.72,8a,644,624,624,20,20,0.031055900621118012,1.0101010101010102,1.0101010101010102,650.5050505050506,0.49897925,0.4883666666666667,0.4883666666666667,1600,1288,1248,0.805,0.7800000000000001,522.912,16.759999999999998,127.512,PP025-BK,0,,,ON,False
2026-06-29,,IM11,2,,L42P RCL Rim/ Cuff,,,MO4375,1000,95.23809523809524,7.777777777777778,28,0,8,,,,,,0,0,0,0,0,0,0,0,0,0,0,2000,0,0,0,0,0,0,0,PP025-BK,0,,,ON,False
2026-06-29,,IM12,3,12:10AM,GM PIN,1063808,,2717,700,3.7333333333333334,6.805555555555555,35,5.366666666666666,2.6333333333333337,,,27.6,11p,700,5552,0,48,48,0.0169971671388102,1.2681159420289854,1.2681159420289854,887.6811594202898,0.6708333333333333,0.8362350487881648,0.8362350487881648,5600,5648,5552,1,0.9830028328611898,555.2,9.600000000000001,101.32512000000001,PP024-BK,0,,,ON,False
2026-06-29,,IM12,1,,GM PIN,,,2717,800,4.266666666666667,7.777777777777778,35,7.666666666666667,0.33333333333333304,,,27.6,,1000,8000,0,0,0,0,1.2681159420289854,1.2681159420289854,1268.1159420289853,1.1979166666666667,1.519097222222222,1.519097222222222,6400,8000,8000,1.25,1.25,800,0,143.52,PP024-BK,0,,,ON,False
2026-06-29,,IM12,2,,GM PIN,,,2717,800,4.266666666666667,7.777777777777778,35,8.543866666666666,-0.5438666666666663,,,27.66,,1112,8896,0,0,0,0,1.265365148228489,1.265365148228489,1407.0860448300796,1.4844968333333333,1.8784305555555556,1.8784305555555556,6400,8896,8896,1.39,1.39,889.6,0,159.59424,PP024-BK,0,,,ON,False
2026-06-29,,IM14,3,12:20AM,L42P(2) HL  Inner Lens B,1066836,,7698,450,0,6,48,4.096875,3.903125,,,39.33,115a,375,371,371,4,4,0.010666666666666666,1.2204424103737606,1.2204424103737606,457.6659038901602,0.4267578125,0.5152777777777778,0.5152777777777778,900,750,742,0.8333333333333334,0.8244444444444444,0,0,163.444875,PC030-NC,0,,,ON,False
2026-06-29,,IM14,1,,L42P(2) HL  Inner Lens B,,,7698,600,0,8,48,7.880777777777777,0.11922222222222256,,,37.33,,760,760,760,0,0,0,1.2858290918832038,1.2858290918832038,977.2301098312349,1.2477898148148148,1.6044444444444443,1.6044444444444443,1200,1520,1520,1.2666666666666666,1.2666666666666666,0,0,331.24827999999997,PC030-NC,0,,,ON,False
2026-06-29,,IM14,2,,L42P(2) HL  Inner Lens B,,,7698,600,0,8,48,5.578761111111111,2.4212388888888894,,No OP.,37.33,,538,536,536,2,2,0.0037174721189591076,1.2858290918832038,1.2858290918832038,691.7760514331636,0.6252861412037037,0.8010222222222222,0.8010222222222222,1200,1076,1072,0.8966666666666666,0.8933333333333333,0,0,234.488914,PC030-NC,0,,,ON,False
2026-06-29,,IM15,3,,SD,,,0,,0,0,0,0,0,,,,,,0,0,0,0,0,0,0,0,0,0,0,0,0,0,0,0,0,0,0,0,0,,,SD,False
2026-06-29,,IM15,1,,SD,,,0,,0,0,0,0,0,,,,,,0,0,0,0,0,0,0,0,0,0,0,0,0,0,0,0,0,0,0,0,0,,,SD,False
2026-06-29,,IM15,2,,SD,,,0,,0,0,0,0,0,,,,,,0,0,0,0,0,0,0,0,0,0,0,0,0,0,0,0,0,0,0,0,0,,,SD,False
2026-06-29,,IM16,3,12:30AM,FORD PIN,1032104,,656,500,1,5.555555555555555,40,6.206666666666666,1.793333333333334,,,27.93,1045p,800,3200,0,0,0,0,1.4321518080916578,1.4321518080916578,1145.7214464733263,1.2413333333333332,1.7777777777777777,1.7777777777777777,2000,3200,3200,1.6,1.6,572.8,0,44.7968,PP024-BK,0,,,ON,False
2026-06-29,,IM16,1,,FORD PIN,,,656,700,1.4,7.777777777777778,40,5.430833333333333,2.569166666666667,,,27.93,,700,2800,0,0,0,0,1.4321518080916578,1.4321518080916578,1002.5062656641604,0.6788541666666666,0.9722222222222222,0.9722222222222222,2800,2800,2800,1,1,501.2,0,39.197199999999995,PP024-BK,0,,,ON,False
2026-06-29,,IM16,2,,FORD PIN,,,656,700,1.4,7.777777777777778,40,2.4724500000000003,5.52755,,,27.99,,318,1272,0,0,0,0,1.429081814933905,1.429081814933905,454.4480171489818,0.1403998392857143,0.2006428571428572,0.2006428571428572,2800,1272,1272,0.4542857142857143,0.4542857142857143,227.688,0,17.806728,PP024-BK,0,,,ON,False
2026-06-29,,IM17,3,,SD,,,0,,0,0,0,0,0,,,,,,0,0,0,0,0,0,0,0,0,0,0,0,0,0,0,0,0,0,0,0,0,,,SD,False
2026-06-29,,IM17,1,,SD,,,0,,0,0,0,0,0,,,,,,0,0,0,0,0,0,0,0,0,0,0,0,0,0,0,0,0,0,0,0,0,,,SD,False
2026-06-29,,IM17,2,,SD,,,0,,0,0,0,0,0,,,,,,0,0,0,0,0,0,0,0,0,0,0,0,0,0,0,0,0,0,0,0,0,,,SD,False
2026-06-29,,IM18,3,,SD,,,0,,0,0,0,0,0,,,,,,0,0,0,0,0,0,0,0,0,0,0,0,0,0,0,0,0,0,0,0,0,,,SD,False
2026-06-29,,IM18,1,,SD,,,0,,0,0,0,0,0,,,,,,0,0,0,0,0,0,0,0,0,0,0,0,0,0,0,0,0,0,0,0,0,,,SD,False
2026-06-29,,IM18,2,,SD,,,0,,0,0,0,0,0,,,,,,0,0,0,0,0,0,0,0,0,0,0,0,0,0,0,0,0,0,0,0,0,,,SD,False
2026-06-29,,IM19,3,12:40AM,T90A BUL HSG,1065988,,MO5785,550,78.57142857142857,5.805555555555555,38,4.277777777777778,3.7222222222222223,,,44,1a,350,346,346,4,4,0.011428571428571429,0.8636363636363636,0.8636363636363636,302.27272727272725,0.3402777777777778,0.29051767676767676,0.29051767676767676,1100,700,692,0.6363636363636364,0.629090909090909,723.832,8.368,264.6,ASA01-BK,0,,,ON,False
2026-06-29,,IM19,1,,T90A BUL HSG,,,MO5785,700,100,7.388888888888889,38,7.577777777777778,0.4222222222222216,,,44,,620,620,620,0,0,0,0.8636363636363636,0.8636363636363636,535.4545454545455,0.838968253968254,0.7245634920634921,0.7245634920634921,1400,1240,1240,0.8857142857142857,0.8857142857142857,1297.04,0,468.72,ASA01-BK,0,,,ON,False
2026-06-29,,IM19,2,,T90A BUL HSG,,,MO5785,700,100,7.388888888888889,38,7.590000000000001,0.40999999999999925,,TCU burnt up maintenance working on it.,44,,621,621,621,0,0,0,0.8636363636363636,0.8636363636363636,536.3181818181819,0.8416767857142857,0.7269026785714285,0.7269026785714285,1400,1242,1242,0.8871428571428571,0.8871428571428571,1299.132,0,469.476,ASA01-BK,0,,,ON,False
2026-06-29,,IM2,3,,SD,,,0,,0,0,0,0,0,,,,,,0,0,0,0,0,0,0,0,0,0,0,0,0,0,0,0,0,0,0,0,0,,,SD,False
2026-06-29,,IM2,1,,SD,,,0,,0,0,0,0,0,,,,,,0,0,0,0,0,0,0,0,0,0,0,0,0,0,0,0,0,0,0,0,0,,,SD,False
2026-06-29,,IM2,2,,SD,,,0,,0,0,0,0,0,,,,,,0,0,0,0,0,0,0,0,0,0,0,0,0,0,0,0,0,0,0,0,0,,,SD,False
2026-06-29,,IM3,3,11:10PM,L42P RCL Shade,1065088,,M04373,1000,40,6.666666666666667,24,5.266666666666667,2.7333333333333334,,,23.7,1145a,800,795,795,5,5,0.00625,1.0126582278481013,1.0126582278481013,810.126582278481,0.5266666666666666,0.53,0.53,2000,1600,1590,0.8,0.795,1558.2,9.8,235.2,PC006-GY,0,,,ON,False
2026-06-29,,IM3,1,,L42P RCL Shade,,,M04373,1000,40,6.666666666666667,24,7.597166666666666,0.4028333333333336,,,23.7,,1154,1154,1154,0,0,0,1.0126582278481013,1.0126582278481013,1168.607594936709,1.0958912916666665,1.1097633333333332,1.1097633333333332,2000,2308,2308,1.154,1.154,2261.84,0,339.27599999999995,PC006-GY,0,,,ON,False
2026-06-29,,IM3,2,3:00PM,L42P BUL Refl,1066875,,M04264,900,150,8,32,6.217599999999999,1.7824000000000009,,Polishing parts at 515pm.,32.16,3p,696,690,690,6,6,0.008620689655172414,0.9950248756218907,0.9950248756218907,692.537313432836,0.6010346666666665,0.5928888888888888,0.5928888888888888,1800,1392,1380,0.7733333333333333,0.7666666666666667,1039.14,9.036,371.66400000000004,PC001-GY,0,,,ON,False
2026-06-29,,IM4,3,11:20PM,550B RCL-LED Ext. B,1059385,,M05326,1000,142.85714285714286,6.388888888888889,23,5.430555555555555,2.5694444444444446,,,23,1130p,850,846,846,4,4,0.004705882352941176,1,1,850,0.5769965277777778,0.57428125,0.57428125,2000,1700,1692,0.85,0.846,455.148,2.152,93.33,PC018-BK,0,,,ON,False
2026-06-29,,IM4,1,7:00AM,T90A RCL INNER LENS B,1066352,,MO5778,800,66.66666666666667,7.333333333333333,33,4.688333333333333,2.142500000000001,,,29,8a,582,577,577,5,5,0.00859106529209622,1.1379310344827587,1.1379310344827587,662.2758620689656,0.7001542968749999,0.789882567057523,0.789882567057523,1600,1164,1154,0.7275,0.7212500000000001,498.528,4.32,133.86,PC011-NC,0,,,ON,True
2026-06-29,,IM4,1,,550B RCL-LED Ext. B,,,M05326,,0,0,23,1.1691666666666667,-1.0474999999999997,,,23,,183,183,183,0,0,0,1,1,183,1.6412730468749999,1.6412730468749999,1.6412730468749999,0,366,366,183,183,98.45400000000001,0,20.0934,PC018-BK,0,,,ON,True
2026-06-29,,IM4,2,,T90A RCL INNER LENS B,,,MO5778,800,66.66666666666667,7.333333333333333,33,7.878333333333333,0.12166666666666703,,,29,,978,978,978,0,0,0,1.1379310344827587,1.1379310344827587,1112.896551724138,1.2039078124999998,1.3699640624999998,1.3699640624999998,1600,1956,1956,1.2225,1.2225,844.992,0,224.94,PC011-NC,0,,,ON,False
2026-06-29,,IM5,3,,SD,,,0,,0,0,0,0,0,,,,,,0,0,0,0,0,0,0,0,0,0,0,0,0,0,0,0,0,0,0,0,0,,,SD,False
2026-06-29,,IM5,1,,SD,,,0,,0,0,0,0,0,,,,,,0,0,0,0,0,0,0,0,0,0,0,0,0,0,0,0,0,0,0,0,0,,,SD,False
2026-06-29,,IM5,2,,SD,,,0,,0,0,0,0,0,,,,,,0,0,0,0,0,0,0,0,0,0,0,0,0,0,0,0,0,0,0,0,0,,,SD,False
2026-06-29,,IM6,3,11:30PM,T90A CHL BRACKET G,1066076,,MO8384,700,35,6.465277777777778,33.25,4.728472222222222,3.271527777777778,,,30.95,1230a,550,546,546,4,4,0.007272727272727273,1.074313408723748,1.074313408723748,590.8723747980614,0.4644035218253968,0.4952864583333333,0.4952864583333333,1400,1100,1092,0.7857142857142857,0.7799999999999999,613.7040000000001,4.496,139.7,ABS06-BK,0,,,ON,False
2026-06-29,,IM6,1,,T90A CHL BRACKET G,,,MO8384,800,40,7.388888888888889,33.25,7.608611111111111,0.3913888888888888,,,30.1,,910,910,910,0,0,0,1.1046511627906976,1.1046511627906976,1005.2325581395348,1.081849392361111,1.195066189236111,1.195066189236111,1600,1820,1820,1.1375,1.1375,1022.8400000000001,0,231.14000000000001,ABS06-BK,0,,,ON,False
2026-06-29,,IM6,2,,T90A CHL BRACKET G,,,MO8384,800,40,7.388888888888889,33.25,7.025666666666666,0.9743333333333339,,,30.11,,840,840,840,0,0,0,1.1042842909332449,1.1042842909332449,927.5988043839257,0.9221187499999999,1.01828125,1.01828125,1600,1680,1680,1.05,1.05,944.1600000000001,0,213.36,ABS06-BK,0,,,ON,False
2026-06-29,,IM7,3,,SD,,,0,,0,0,0,0,0,,,,,,0,0,0,0,0,0,0,0,0,0,0,0,0,0,0,0,0,0,0,0,0,,,SD,False
2026-06-29,,IM7,1,7:30AM,T90A RCL Extension A,1060793,,MO5772,600,80,6.5,39,5.241666666666666,2.7583333333333337,,No pack,37,,510,505,505,5,5,0.00980392156862745,1.054054054054054,1.054054054054054,537.5675675675675,0.5569270833333333,0.5812760416666666,0.5812760416666666,1200,1020,1010,0.85,0.8416666666666667,723.16,7.16,275.40000000000003,PC003-BK,0,,,ON,False
2026-06-29,,IM7,2,,T90A RCL Extension A,,,MO5772,700,93.33333333333333,7.583333333333333,39,0,8,,No pack,,,,0,0,0,0,0,0,0,0,0,0,0,1400,0,0,0,0,0,0,0,PC003-BK,0,,,ON,False
2026-06-29,,IM8,3,,SD,,,0,,0,0,0,0,0,,,,,,0,0,0,0,0,0,0,0,0,0,0,0,0,0,0,0,0,0,0,0,0,,,SD,False
2026-06-29,,IM8,1,,SD,,,0,,0,0,0,0,0,,,,,,0,0,0,0,0,0,0,0,0,0,0,0,0,0,0,0,0,0,0,0,0,,,SD,False
2026-06-29,,IM8,2,,SD,,,0,,0,0,0,0,0,,,,,,0,0,0,0,0,0,0,0,0,0,0,0,0,0,0,0,0,0,0,0,0,,,SD,False
2026-06-29,,IM9,3,11:40PM,H61P RCL-LED Refl B,1063833,,528,600,40,6.833333333333333,41,4.9875,3.0125,,,34.2,12a,525,521,521,4,4,0.007619047619047619,1.198830409356725,1.198830409356725,629.3859649122807,0.5455078125,0.6489887152777777,0.6489887152777777,1200,1050,1042,0.875,0.8683333333333333,823.1800000000001,6.32,174.3,PC017-WT,0,,,ON,False
2026-06-29,,IM9,1,,H61P RCL-LED Refl B,,,528,700,46.666666666666664,7.972222222222222,41,7.8660000000000005,0.13399999999999945,,,34.2,,828,828,828,0,0,0,1.198830409356725,1.198830409356725,992.6315789473683,1.1630442857142858,1.394292857142857,1.394292857142857,1400,1656,1656,1.1828571428571428,1.1828571428571428,1308.24,0,274.896,PC017-WT,0,,,ON,False
2026-06-29,,IM9,2,4:00PM,T90A RCL Reflector A,1066982,,MO5774,600,150,6.666666666666667,40,6.661111111111111,1.3388888888888886,,Pause for wip per Donte.,43.6,245p,550,542,542,8,8,0.014545454545454545,0.9174311926605504,0.9174311926605504,504.58715596330273,0.7632523148148148,0.6900462962962962,0.6900462962962962,1200,1100,1084,0.9166666666666666,0.9033333333333333,1155.544,17.056,356.40000000000003,PC001-GY,0,,,ON,False
2026-06-30,,IM1,3,ONGOING,T6ZA LPL Housing,1070662,,3802,900,0,7,28,6.983666666666666,1.0163333333333338,,Behind from June 29th ,24.6,ongoing,1022,1022,1022,0,0,0,1.1382113821138211,1.1382113821138211,1163.2520325203252,0.9912926851851852,1.1283006172839507,1.1283006172839507,1800,2044,2044,1.1355555555555557,1.1355555555555557,0,0,137.7656,ASA01-BK,0,,,ON,False
2026-06-30,,IM1,1,,T6ZA LPL Housing,,,3802,900,0,7,28,6.327666666666667,1.6723333333333326,,Behind from June29th.,24.6,,926,926,926,0,0,0,1.1382113821138211,1.1382113821138211,1053.9837398373984,0.8138082407407409,0.9262858024691359,0.9262858024691359,1800,1852,1852,1.028888888888889,1.028888888888889,0,0,124.8248,ASA01-BK,0,,,ON,False
2026-06-30,,IM1,2,,SD,,,0,,0,0,0,0,0,,,,,,0,0,0,0,0,0,0,0,0,0,0,0,0,0,0,0,0,0,0,0,0,,,SD,False
2026-06-30,,IM10,3,ONGOING,31CC DRL Inner Lens,1066682,,TNL 621,300,42.857142857142854,3.4166666666666665,41,1.8539583333333336,6.146041666666666,,Wip,40.45,3a,165,165,165,0,0,0,1.0135970333745363,1.0135970333745363,167.2435105067985,0.1274596354166667,0.12919270833333335,0.12919270833333335,600,330,330,0.55,0.55,344.52000000000004,0,92.54124,PC020-NC,0,,,ON,False
2026-06-30,,IM10,1,,31CC DRL Inner Lens,,,TNL 621,300,42.857142857142854,3.4166666666666665,41,0.7791666666666667,7.220833333333333,,Wip.,37.4,,75,75,75,0,0,0,1.0962566844919786,1.0962566844919786,82.2192513368984,0.024348958333333334,0.026692708333333332,0.026692708333333332,600,150,150,0.25,0.25,156.6,0,42.0642,PC020-NC,0,,,ON,False
2026-06-30,,IM10,2,,31CC DRL Inner Lens,,,TNL 621,,0,0,41,3.1582222222222223,4.841777777777778,,,37.4,215p,304,301,301,3,3,0.009868421052631578,1.0962566844919786,1.0962566844919786,333.2620320855615,0,0,0,0,608,602,304,301,628.488,6.264,170.500224,PC020-NC,0,,,ON,False
2026-06-30,,IM11,3,ONGOING,L42P RCL Rim/ Cuff,1065747,,MO4375,1000,95.23809523809524,7.777777777777778,28,7.286638888888889,0.7133611111111113,,,27.7,ongoing,947,947,947,0,0,0,1.0108303249097472,1.0108303249097472,957.2563176895306,0.8625558784722221,0.8718976388888887,0.8718976388888887,2000,1894,1894,0.947,0.947,793.586,0,187.506,PP025-BK,0,,,ON,False
2026-06-30,,IM11,1,,L42P RCL Rim/ Cuff,,,MO4375,1000,95.23809523809524,7.777777777777778,28,8.586999999999998,-0.586999999999998,,,27.7,,1116,1116,1116,0,0,0,1.0108303249097472,1.0108303249097472,1128.0866425992779,1.1978864999999996,1.2108599999999996,1.2108599999999996,2000,2232,2232,1.116,1.116,935.208,0,220.96800000000002,PP025-BK,0,,,ON,False
2026-06-30,,IM11,2,,SD,,,0,,0,0,0,0,0,,,,,,0,0,0,0,0,0,0,0,0,0,0,0,0,0,0,0,0,0,0,0,0,,,SD,False
2026-06-30,,IM12,3,ONGOING,GM PIN,1063808,,2717,800,4.266666666666667,7.777777777777778,35,7.571922222222223,0.42807777777777734,,,27.59,ongoing,988,7904,0,0,0,0,1.268575570859007,1.268575570859007,1253.3526640086989,1.1689154930555556,1.482857638888889,1.482857638888889,6400,7904,7904,1.235,1.235,790.4000000000001,0,141.79776,PP024-BK,0,,,ON,False
2026-06-30,,IM12,1,,GM PIN,,,2717,800,4.266666666666667,7.777777777777778,35,6.9,1.0999999999999996,,,27.6,,900,7200,0,0,0,0,1.2681159420289854,1.2681159420289854,1141.3043478260868,0.9703125,1.23046875,1.23046875,6400,7200,7200,1.125,1.125,720,0,129.168,PP024-BK,0,,,ON,False
2026-06-30,,IM12,2,,GM PIN,,,2717,800,4.266666666666667,7.777777777777778,35,8.229313888888889,-0.22931388888888904,,,27.61,,1073,8584,0,0,0,0,1.267656646142702,1.267656646142702,1360.1955813111192,1.379695906684028,1.7489806857638892,1.7489806857638892,6400,8584,8584,1.34125,1.34125,858.4000000000001,0,153.99696,PP024-BK,0,,,ON,False
2026-06-30,,IM14,3,12:00AM,T90A RCL RIM (COVER A),1053805,,MO5773,600,80,7,42,4.166666666666667,3.833333333333333,,,40,1a,375,371,371,4,4,0.010666666666666666,1.05,1.05,393.75,0.3255208333333333,0.33815104166666665,0.33815104166666665,1200,750,742,0.625,0.6183333333333333,483.04200000000003,5.208,164.25,PP025-BK,0,,,ON,False
2026-06-30,,IM14,1,,T90A RCL RIM (COVER A),,,MO5773,650,86.66666666666667,7.583333333333333,42,5.088888888888889,2.9111111111111114,,No totes.,40,ongoing,458,458,458,0,0,0,1.05,1.05,480.90000000000003,0.44821367521367517,0.47062435897435895,0.47062435897435895,1300,916,916,0.7046153846153846,0.7046153846153846,596.316,0,200.604,PP025-BK,0,,,ON,False
2026-06-30,,IM14,2,,T90A RCL RIM (COVER A),,,MO5773,650,86.66666666666667,7.583333333333333,42,0,8,,No totes.,,,,0,0,0,0,0,0,0,0,0,0,0,1300,0,0,0,0,0,0,0,PP025-BK,0,,,ON,False
2026-06-30,,IM15,3,11:50PM,U625 REFLEX REFLECTOR,1064855,,MO8085,700,0,6.416666666666667,33,4.73,3.2699999999999996,,,30.96,1230a,550,544,544,6,6,0.01090909090909091,1.065891472868217,1.065891472868217,586.2403100775193,0.4645535714285715,0.48976190476190484,0.48976190476190484,1400,1100,1088,0.7857142857142857,0.7771428571428571,419.968,4.632,84.755,PMMA01-AM,0,,,ON,False
2026-06-30,,IM15,1,,U625 REFLEX REFLECTOR,,,MO8085,800,0,7.333333333333333,33,1.5050000000000001,6.495,,,30.96,ongoing,175,175,175,0,0,0,1.065891472868217,1.065891472868217,186.53100775193798,0.04115234375,0.043863932291666664,0.043863932291666664,1600,350,350,0.21875,0.21875,135.1,0,26.967499999999998,PMMA01-AM,0,,,ON,False
2026-06-30,,IM15,2,4:00PM,T90A CHL REFLEX REFLECTOR,1071297,,MO6510,800,29.09090909090909,6.444444444444445,29,5.9047222222222215,2.0952777777777785,,,29,3p,733,723,723,10,10,0.013642564802182811,1,1,733,0.6762752170138888,0.6670490885416666,0.6670490885416666,1600,1466,1446,0.91625,0.9037499999999999,530.682,7.34,90.892,PC026-AMB,0,,,ON,False
2026-06-30,,IM16,3,ONGOING,FORD PIN,1032104,,656,700,1.4,7.777777777777778,40,7.555944444444444,0.44405555555555587,,Working on process.,27.7,ongoing,982,3888,0,40,40,0.020161290322580645,1.444043321299639,1.444043321299639,1418.0505415162456,1.3249888293650793,1.874765841013825,1.874765841013825,2800,3968,3888,1.4028571428571428,1.374573732718894,695.952,14.32,55.548032,PP024-BK,0,,,ON,False
2026-06-30,,IM16,1,,FORD PIN,,,656,700,1.4,7.777777777777778,40,7.925277777777778,0.07472222222222236,,Working on process.,27.7,,1030,4080,0,40,40,0.019230769230769232,1.444043321299639,1.444043321299639,1487.3646209386281,1.4576850198412699,2.0644803113553114,2.0644803113553114,2800,4160,4080,1.4714285714285715,1.4431318681318681,730.3199999999999,14.32,58.235839999999996,PP024-BK,0,,,ON,False
2026-06-30,,IM16,2,,FORD PIN,,,656,700,1.4,7.777777777777778,40,7.721777777777777,0.27822222222222326,,Screen on press still not working unless press is powered down.,27.2,,1022,4088,0,0,0,0,1.4705882352941178,1.4705882352941178,1502.9411764705883,1.4092244444444442,2.072388888888889,2.072388888888889,2800,4088,4088,1.46,1.46,731.752,0,57.227911999999996,PP024-BK,0,,,ON,False
2026-06-30,,IM17,3,,SD,,,0,,0,0,0,0,0,,,,,,0,0,0,0,0,0,0,0,0,0,0,0,0,0,0,0,0,0,0,0,0,,,SD,False
2026-06-30,,IM17,1,,SD,,,0,,0,0,0,0,0,,,,,,0,0,0,0,0,0,0,0,0,0,0,0,0,0,0,0,0,0,0,0,0,,,SD,False
2026-06-30,,IM17,2,,SD,,,0,,0,0,0,0,0,,,,,,0,0,0,0,0,0,0,0,0,0,0,0,0,0,0,0,0,0,0,0,0,,,SD,False
2026-06-30,,IM18,3,,SD,,,0,,0,0,0,0,0,,,,,,0,0,0,0,0,0,0,0,0,0,0,0,0,0,0,0,0,0,0,0,0,,,SD,False
2026-06-30,,IM18,1,,SD,,,0,,0,0,0,0,0,,,,,,0,0,0,0,0,0,0,0,0,0,0,0,0,0,0,0,0,0,0,0,0,,,SD,False
2026-06-30,,IM18,2,,SD,,,0,,0,0,0,0,0,,,,,,0,0,0,0,0,0,0,0,0,0,0,0,0,0,0,0,0,0,0,0,0,,,SD,False
2026-06-30,,IM19,3,,SD,,,0,,0,0,0,0,0,,,,,,0,0,0,0,0,0,0,0,0,0,0,0,0,0,0,0,0,0,0,0,0,,,SD,False
2026-06-30,,IM19,1,,SD,,,0,,0,0,0,0,0,,,,,,0,0,0,0,0,0,0,0,0,0,0,0,0,0,0,0,0,0,0,0,0,,,SD,False
2026-06-30,,IM19,2,,SD,,,0,,0,0,0,0,0,,,,,,0,0,0,0,0,0,0,0,0,0,0,0,0,0,0,0,0,0,0,0,0,,,SD,False
2026-06-30,,IM2,3,12:00AM,550B RCL-LED Base SAE,,,M05332,700,31.818181818181817,5.833333333333333,30,1.7933333333333332,6.206666666666667,,,32.28,330a,200,193,193,7,7,0.035,0.929368029739777,0.929368029739777,185.87360594795538,0.06404761904761905,0.05744047619047619,0.05744047619047619,1400,400,386,0.2857142857142857,0.2757142857142857,133.94199999999998,4.858,32.4,PP025-BK,0,,,ON,False
2026-06-30,,IM2,1,,550B RCL-LED Base SAE,,,M05332,900,40.90909090909091,7.5,30,8.07,-0.07000000000000028,,,32.28,,900,900,900,0,0,0,0.929368029739777,0.929368029739777,836.4312267657992,1.00875,0.9375,0.9375,1800,1800,1800,1,1,624.5999999999999,0,145.8,PP025-BK,0,,,ON,False
2026-06-30,,IM2,2,,550B RCL-LED Base SAE,,,M05332,900,40.90909090909091,7.5,30,8.186566666666668,-0.18656666666666766,,,32.28,,913,913,913,0,0,0,0.929368029739777,0.929368029739777,848.5130111524163,1.0381021342592593,0.9647789351851852,0.9647789351851852,1800,1826,1826,1.0144444444444445,1.0144444444444445,633.622,0,147.906,PP025-BK,0,,,ON,False
2026-06-30,,IM3,3,ONGOING,L42P BUL Refl,1071912,,M04264,900,150,8,32,7.662277777777777,0.33772222222222315,,,32.3,ongoing,854,854,854,0,0,0,0.9907120743034057,0.9907120743034057,846.0681114551085,0.9088312808641974,0.9003901234567901,0.9003901234567901,1800,1708,1708,0.9488888888888889,0.9488888888888889,1286.124,0,456.036,PC001-GY,0,,,ON,False
2026-06-30,,IM3,1,,L42P BUL Refl,,,M04264,900,150,8,32,7.8776111111111105,0.12238888888888955,,,32.3,,878,878,878,0,0,0,0.9907120743034057,0.9907120743034057,869.8452012383902,0.9606309104938271,0.9517086419753087,0.9517086419753087,1800,1756,1756,0.9755555555555555,0.9755555555555555,1322.268,0,468.85200000000003,PC001-GY,0,,,ON,False
2026-06-30,,IM3,2,,L42P BUL Refl,,,M04264,900,150,8,32,8.03911111111111,-0.039111111111109764,,,32.3,,896,896,896,0,0,0,0.9907120743034057,0.9907120743034057,887.6780185758515,1.0004227160493826,0.9911308641975308,0.9911308641975308,1800,1792,1792,0.9955555555555555,0.9955555555555555,1349.376,0,478.46400000000006,PC001-GY,0,,,ON,False
2026-06-30,,IM4,3,ONGOING,T90A RCL INNER LENS B,1066352,,MO5778,700,58.333333333333336,6.416666666666667,33,8.646444444444445,-0.6464444444444446,,,29.93,ongoing,1040,1040,1040,0,0,0,1.1025726695623121,1.1025726695623121,1146.6755763448045,1.605768253968254,1.7704761904761908,1.7704761904761908,1400,2080,2080,1.4857142857142858,1.4857142857142858,898.56,0,239.20000000000002,PC011-NC,0,,,ON,False
2026-06-30,,IM4,1,7:00AM,T90A CHL EXTENSION B,1071242,,MO6519,800,53.333333333333336,7.555555555555555,34,4.95,1.8083333333333327,,,33,8a,540,535,535,5,5,0.009259259259259259,1.0303030303030303,1.0303030303030303,556.3636363636364,0.6675390625,0.6813993011714365,0.6813993011714365,1600,1080,1070,0.675,0.6687500000000001,464.38,4.34,159.84,PC003-BK,0,,,ON,True
2026-06-30,,IM4,1,,T90A RCL INNER LENS B,,,MO5778,,0,0,33,1.241666666666667,-1.4549999999999998,,,29.8,,150,150,150,0,0,0,1.1073825503355705,1.1073825503355705,166.1073825503356,1.5453015625,1.711239985318792,1.711239985318792,0,300,300,150,150,129.6,0,34.5,PC011-NC,0,,,ON,True
2026-06-30,,IM4,2,,T90A CHL EXTENSION B,,,MO6519,800,53.333333333333336,7.555555555555555,34,8.213333333333333,-0.21333333333333293,,,33,,896,896,896,0,0,0,1.0303030303030303,1.0303030303030303,923.1515151515151,1.1498666666666666,1.184711111111111,1.184711111111111,1600,1792,1792,1.12,1.12,777.728,0,265.216,PC003-BK,0,,,ON,False
2026-06-30,,IM5,3,,SD,,,0,,0,0,0,0,0,,,,,,0,0,0,0,0,0,0,0,0,0,0,0,0,0,0,0,0,0,0,0,0,,,SD,False
2026-06-30,,IM5,1,,SD,,,0,,0,0,0,0,0,,,,,,0,0,0,0,0,0,0,0,0,0,0,0,0,0,0,0,0,0,0,0,0,,,SD,False
2026-06-30,,IM5,2,,SD,,,0,,0,0,0,0,0,,,,,,0,0,0,0,0,0,0,0,0,0,0,0,0,0,0,0,0,0,0,0,0,,,SD,False
2026-06-30,,IM6,3,1:00AM,550B BUL-LED Shade,1070584,,M05419,700,107.6923076923077,5.444444444444445,28,7.5,0.5,,,27,1230a,1000,995,995,5,5,0.005,1.037037037037037,1.037037037037037,1037.037037037037,1.3392857142857142,1.3819444444444442,1.3819444444444442,1400,2000,1990,1.4285714285714286,1.4214285714285715,996.99,5.01,242.288,PC018-BK,0,,,ON,False
2026-06-30,,IM6,1,,550B BUL-LED Shade,,,M05419,1000,153.84615384615384,7.777777777777778,28,5.272499999999999,2.727500000000001,,Pause no totes.,27,,703,703,703,0,0,0,1.037037037037037,1.037037037037037,729.037037037037,0.4633209374999999,0.48048097222222214,0.48048097222222214,2000,1406,1406,0.703,0.703,704.406,0,170.328464,PC018-BK,0,,,ON,False
2026-06-30,,IM6,2,,550B BUL-LED Shade,,,M05419,1000,153.84615384615384,7.777777777777778,28,8.865,-0.8650000000000002,,,27,130p,1182,1180,1180,2,2,0.001692047377326565,1.037037037037037,1.037037037037037,1225.7777777777776,1.30980375,1.3560166666666666,1.3560166666666666,2000,2364,2360,1.182,1.18,1182.36,2.004,286.384416,PC018-BK,0,,,ON,False
2026-06-30,,IM7,3,11:30PM,150B SPL Housing,1070515,,M05201,650,130,8.125,45,5.383333333333334,2.6166666666666663,,,38,12a,510,506,506,4,4,0.00784313725490196,1.1842105263157894,1.1842105263157894,603.9473684210526,0.5279807692307692,0.6203365384615385,0.6203365384615385,1300,1020,1012,0.7846153846153846,0.7784615384615384,1130.404,8.936,402.90000000000003,PC001-GY,0,,,ON,False
2026-06-30,,IM7,1,,SD,,,0,,0,0,0,0,0,,,,,,0,0,0,0,0,0,0,0,0,0,0,0,0,0,0,0,0,0,0,0,0,,,SD,False
2026-06-30,,IM7,2,,31CC Bezel (Trim Ring),,,TNL 625,,0,0,42,7.172666666666667,0.8273333333333328,,,37.1,215p,696,690,690,6,6,0.008620689655172414,1.1320754716981132,1.1320754716981132,787.9245283018868,0,0,0,0,1392,1380,696,690,1402.08,12.192,153.2592,PC013-BK,0,,,ON,False
2026-06-30,,IM8,3,11:00PM,H61P RCL-LED Refl A,1070755,,527,700,46.666666666666664,7.972222222222222,41,6.564583333333334,1.435416666666666,,,31.51,12a,750,743,743,7,7,0.009333333333333334,1.3011742304030467,1.3011742304030467,975.8806728022851,0.879185267857143,1.1332961309523812,1.1332961309523812,1400,1500,1486,1.0714285714285714,1.0614285714285714,1071.406,10.094,285,PC017-WT,0,,,ON,False
2026-06-30,,IM8,1,,H61P RCL-LED Refl A,,,527,700,46.666666666666664,7.972222222222222,41,5.8625,2.1375,,,31.5,,670,650,650,20,20,0.029850746268656716,1.3015873015873016,1.3015873015873016,872.063492063492,0.70140625,0.8856894841269841,0.8856894841269841,1400,1340,1300,0.9571428571428572,0.9285714285714286,937.3,28.84,254.6,PC017-WT,0,,,ON,False
2026-06-30,,IM8,2,,H61P RCL-LED Refl A,,,527,700,46.666666666666664,7.972222222222222,41,3.7158888888888892,0.9423111111111107,,,31.55,,424,424,424,0,0,0,1.299524564183835,1.299524564183835,550.998415213946,1.0284060952380953,1.3364389827182854,1.3364389827182854,1400,848,848,0.6057142857142858,0.6057142857142858,611.408,0,161.12,PC017-WT,0,,,ON,True
2026-06-30,,IM8,2,,H61P RCL-LED Refl B,,,528,,0,0,41,3.3418,4.6582,,,30.69,6p,392,386,386,6,6,0.015306122448979591,1.3359400456174648,1.3359400456174648,523.6884978820462,0.233926,0.30772777777777777,0.30772777777777777,0,784,772,392,386,609.88,9.48,130.144,PC017-WT,0,,,ON,True
2026-06-30,,IM9,3,ONGOING,T90A RCL Reflector A,1066982,,MO5774,700,175,7.777777777777778,40,0,8,,Metalizer down,,,,0,0,0,0,0,0,0,0,0,0,0,1400,0,0,0,0,0,0,0,PC001-GY,0,,,ON,False
2026-06-30,,IM9,1,,T90A RCL Reflector A,,,MO5774,700,175,7.777777777777778,40,0,8,,Metalizer down,,,,0,0,0,0,0,0,0,0,0,0,0,1400,0,0,0,0,0,0,0,PC001-GY,0,,,ON,False
2026-06-30,,IM9,2,,T90A RCL Reflector A,,,MO5774,700,175,7.777777777777778,40,0,8,,Metalizer down,,,,0,0,0,0,0,0,0,0,0,0,0,1400,0,0,0,0,0,0,0,PC001-GY,0,,,ON,False
2026-07-01,,IM1,3,,SD,,,0,,0,0,0,0,0,,,,,,0,0,0,0,0,0,0,0,0,0,0,0,0,0,0,0,0,0,0,0,0,,,SD,False
2026-07-01,,IM1,1,,SD,,,0,,0,0,0,0,0,,,,,,0,0,0,0,0,0,0,0,0,0,0,0,0,0,0,0,0,0,0,0,0,,,SD,False
2026-07-01,,IM1,2,,SD,,,0,,0,0,0,0,0,,,,,,0,0,0,0,0,0,0,0,0,0,0,0,0,0,0,0,0,0,0,0,0,,,SD,False
2026-07-01,,IM10,3,,SD,,,0,,0,0,0,0,0,,,,,,0,0,0,0,0,0,0,0,0,0,0,0,0,0,0,0,0,0,0,0,0,,,SD,False
2026-07-01,,IM10,1,,SD,,,0,,0,0,0,0,0,,,,,,0,0,0,0,0,0,0,0,0,0,0,0,0,0,0,0,0,0,0,0,0,,,SD,False
2026-07-01,,IM10,2,,SD,,,0,,0,0,0,0,0,,,,,,0,0,0,0,0,0,0,0,0,0,0,0,0,0,0,0,0,0,0,0,0,,,SD,False
2026-07-01,,IM11,3,11:10PM,01OB Bezel Plug,1072165,,1943,800,21.333333333333332,7.777777777777778,35,5.029166666666667,2.970833333333333,,,36.21,12a,500,1990,1990,10,10,0.005,0.9665838166252416,0.9665838166252416,483.2919083126208,0.39290364583333337,0.3778754340277778,0.3778754340277778,6400,4000,3980,0.625,0.621875,382.08,1.92,151.85000000000002,ABS07-BK,0,,,ON,False
2026-07-01,,IM11,1,,01OB Bezel Plug,,,1943,800,21.333333333333332,7.777777777777778,35,7.691111111111112,0.3088888888888883,,,34.61,,800,3200,3200,0,0,0,1.0112684195319273,1.0112684195319273,809.0147356255418,0.961388888888889,0.9722222222222223,0.9722222222222223,6400,6400,6400,1,1,614.4,0,242.96,ABS07-BK,0,,,ON,False
2026-07-01,,IM11,2,,01OB Bezel Plug,,,1943,800,21.333333333333332,7.777777777777778,35,4.970380555555556,3.029619444444444,,,34.61,,517,2068,2068,0,0,0,1.0112684195319273,1.0112684195319273,522.8257728980063,0.40151355425347224,0.4060379774305556,0.4060379774305556,6400,4136,4136,0.64625,0.64625,397.056,0,157.0129,ABS07-BK,0,,,ON,False
2026-07-01,,IM12,3,ONGOING,GM PIN,1063808,,2717,700,3.7333333333333334,6.805555555555555,35,7.004738888888889,0.9952611111111107,,,27.62,ongoing,913,7304,0,0,0,0,1.2671976828385227,1.2671976828385227,1156.9514844315713,1.1420226081349207,1.4471684027777778,1.4471684027777778,5600,7304,7304,1.3042857142857143,1.3042857142857143,730.4000000000001,0,131.03376,PP024-BK,0,,,ON,False
2026-07-01,,IM12,1,7:00AM,150B CHL BG Shade A,1072177,,M05175,1100,44,7.333333333333333,24,5.666666666666667,2.333333333333333,,,24,7a,850,845,845,5,5,0.0058823529411764705,1,1,850,0.5473484848484849,0.5441287878787879,0.5441287878787879,2200,1700,1690,0.7727272727272727,0.7681818181818182,549.25,3.25,127.5,PP025-BK,0,,,ON,False
2026-07-01,,IM12,2,,150B CHL BG Shade A,,,M05175,1100,44,7.333333333333333,24,4.706666666666666,3.293333333333334,,,24,ongoing,706,706,706,0,0,0,1,1,706,0.3776030303030303,0.3776030303030303,0.3776030303030303,2200,1412,1412,0.6418181818181818,0.6418181818181818,458.90000000000003,0,105.89999999999999,PP025-BK,0,,,ON,False
2026-07-01,,IM14,3,1:00AM,T90A RCL REFLECTOR C,1073253,,MO5776,600,57.142857142857146,5.5,33,6.1875,1.8125,,,33,1045p,675,675,675,0,0,0,1,1,675,0.8701171875,0.8701171875,0.8701171875,1200,1350,1350,1.125,1.125,750.6,0,230.85000000000002,PC014-WT,0,,,ON,False
2026-07-01,,IM14,1,,T90A RCL REFLECTOR C,,,MO5776,800,76.19047619047619,7.333333333333333,33,7.205,0.7949999999999999,,No pack.,33,,786,786,786,0,0,0,1,1,786,0.8848640625,0.8848640625,0.8848640625,1600,1572,1572,0.9825,0.9825,874.032,0,268.812,PC014-WT,0,,,ON,False
2026-07-01,,IM14,2,,T90A RCL REFLECTOR C,,,MO5776,800,76.19047619047619,7.333333333333333,33,0,8,,No pack.,,,,0,0,0,0,0,0,0,0,0,0,0,1600,0,0,0,0,0,0,0,PC014-WT,0,,,ON,False
2026-07-01,,IM15,3,ONGOING,T90A CHL REFLEX REFLECTOR,1071297,,MO6510,800,29.09090909090909,6.444444444444445,29,7.679874999999999,0.3201250000000009,,,30.15,ongoing,917,917,917,0,0,0,0.9618573797678276,0.9618573797678276,882.0232172470979,1.10038208984375,1.0584106336805557,1.0584106336805557,1600,1834,1834,1.14625,1.14625,673.078,0,113.708,PC026-AMB,0,,,ON,False
2026-07-01,,IM15,1,,T90A CHL REFLEX REFLECTOR,,,MO6510,,0,0,29,8.8775,-0.8774999999999995,,,30.15,,1060,1060,1060,0,0,0,0.9618573797678276,0.9618573797678276,1019.5688225538972,0,0,0,0,2120,2120,1060,1060,778.04,0,131.44,PC026-AMB,0,,,ON,False
2026-07-01,,IM15,2,,SD,,,0,,0,0,0,0,0,,,,,,0,0,0,0,0,0,0,0,0,0,0,0,0,0,0,0,0,0,0,0,0,,,SD,False
2026-07-01,,IM16,3,ONGOING,FORD PIN,1032104,,656,700,1.4,7.777777777777778,40,6.619111111111112,1.3808888888888884,,,28.1,ongoing,848,3392,0,0,0,0,1.4234875444839856,1.4234875444839856,1207.1174377224197,1.0023225396825397,1.4267936507936507,1.4267936507936507,2800,3392,3392,1.2114285714285715,1.2114285714285715,607.168,0,47.484607999999994,PP024-BK,0,,,ON,False
2026-07-01,,IM16,1,,FORD PIN,,,656,700,1.4,7.777777777777778,40,7.025000000000001,0.9749999999999988,,,28.1,,900,3600,0,0,0,0,1.4234875444839856,1.4234875444839856,1281.1387900355871,1.1290178571428573,1.6071428571428572,1.6071428571428572,2800,3600,3600,1.2857142857142858,1.2857142857142858,644.4,0,50.3964,PP024-BK,0,,,ON,False
2026-07-01,,IM16,2,,FORD PIN,,,656,700,1.4,7.777777777777778,40,5.190694444444445,2.8093055555555546,,,28.1,,665,2660,0,0,0,0,1.4234875444839856,1.4234875444839856,946.6192170818505,0.6163949652777778,0.8774305555555555,0.8774305555555555,2800,2660,2660,0.95,0.95,476.14,0,37.237339999999996,PP024-BK,0,,,ON,False
2026-07-01,,IM17,3,,SD,,,0,,0,0,0,0,0,,,,,,0,0,0,0,0,0,0,0,0,0,0,0,0,0,0,0,0,0,0,0,0,,,SD,False
2026-07-01,,IM17,1,,SD,,,0,,0,0,0,0,0,,,,,,0,0,0,0,0,0,0,0,0,0,0,0,0,0,0,0,0,0,0,0,0,,,SD,False
2026-07-01,,IM17,2,,SD,,,0,,0,0,0,0,0,,,,,,0,0,0,0,0,0,0,0,0,0,0,0,0,0,0,0,0,0,0,0,0,,,SD,False
2026-07-01,,IM18,3,,SD,,,0,,0,0,0,0,0,,,,,,0,0,0,0,0,0,0,0,0,0,0,0,0,0,0,0,0,0,0,0,0,,,SD,False
2026-07-01,,IM18,1,,SD,,,0,,0,0,0,0,0,,,,,,0,0,0,0,0,0,0,0,0,0,0,0,0,0,0,0,0,0,0,0,0,,,SD,False
2026-07-01,,IM18,2,,SD,,,0,,0,0,0,0,0,,,,,,0,0,0,0,0,0,0,0,0,0,0,0,0,0,0,0,0,0,0,0,0,,,SD,False
2026-07-01,,IM19,3,,SD,,,0,,0,0,0,0,0,,,,,,0,0,0,0,0,0,0,0,0,0,0,0,0,0,0,0,0,0,0,0,0,,,SD,False
2026-07-01,,IM19,1,,SD,,,0,,0,0,0,0,0,,,,,,0,0,0,0,0,0,0,0,0,0,0,0,0,0,0,0,0,0,0,0,0,,,SD,False
2026-07-01,,IM19,2,,SD,,,0,,0,0,0,0,0,,,,,,0,0,0,0,0,0,0,0,0,0,0,0,0,0,0,0,0,0,0,0,0,,,SD,False
2026-07-01,,IM2,3,12:00AM,J34A BG BRACKET A,1072480,,5764,700,0,6.708333333333333,34.5,0.921111111111111,2.3002222222222217,,Tool leaking on sprew bushing no mold maint. Pulling to shop for when someone gets here.,33.16,315a,100,100,100,0,0,0,1.040410132689988,1.040410132689988,104.0410132689988,0.6229042857142857,0.6480759305531621,0.6480759305531621,1400,200,200,0.14285714285714285,0.14285714285714285,0,0,44.95,PAM01-BK,0,,,ON,True
2026-07-01,,IM2,3,,550B RCL-LED Base SAE,,,M05332,,0,0,30,4.778666666666667,-2.581666666666666,,,33.6,ongoing,512,512,512,0,0,0,0.8928571428571428,0.8928571428571428,457.1428571428571,1.8881661458333334,1.6858626302083333,1.6858626302083333,0,1024,1024,512,512,355.328,0,82.944,PP025-BK,0,,,ON,True
2026-07-01,,IM2,1,,J34A BG BRACKET A,,,5764,800,0,7.666666666666667,34.5,5.802999999999999,2.197000000000001,,,33.16,,630,627,627,3,3,0.004761904761904762,1.040410132689988,1.040410132689988,655.4583835946924,0.5712328124999999,0.5914863281249999,0.5914863281249999,1600,1260,1254,0.7875,0.78375,0,0,283.185,PAM01-BK,0,,,ON,False
2026-07-01,,IM2,2,,J34A BG BRACKET A,,,5764,,0,0,34.5,4.495022222222222,3.5049777777777784,,,33.16,,488,488,488,0,0,0,1.040410132689988,1.040410132689988,507.72014475271413,0,0,0,0,976,976,488,488,0,0,219.356,PAM01-BK,0,,,ON,False
2026-07-01,,IM3,3,11:30PM,550B RCL-LED Ext. B,1073455,,M05326,1000,142.85714285714286,6.388888888888889,23,4.491666666666666,2.6228333333333333,,,23.1,1230a,700,696,696,4,4,0.005714285714285714,0.9956709956709956,0.9956709956709956,696.9696969696969,0.5632582083333333,0.5576151761904762,0.5576151761904762,2000,1400,1392,0.7,0.696,374.44800000000004,2.152,76.86,PC018-BK,0,,,ON,True
2026-07-01,,IM3,3,,L42P BUL Refl,,,M04264,,0,0,32,0.8855000000000001,0.8086666666666659,,,23.1,ongoing,138,138,138,0,0,0,1.3852813852813852,1.3852813852813852,191.16883116883116,1.0112812500000001,1.400909090909091,1.400909090909091,0,276,276,138,138,207.828,0,73.69200000000001,PC001-GY,0,,,ON,True
2026-07-01,,IM3,1,,550B RCL-LED Ext. B,,,M05326,1000,142.85714285714286,6.388888888888889,23,6.305833333333334,1.694166666666666,,,23,,987,985,985,2,2,0.002026342451874367,1,1,987,0.7779821875000001,0.7764057291666668,0.7764057291666668,2000,1974,1970,0.987,0.985,529.9300000000001,1.076,108.37259999999999,PC018-BK,0,,,ON,False
2026-07-01,,IM3,2,,550B RCL-LED Ext. B,,,M05326,1000,142.85714285714286,6.388888888888889,23,0,8,,Down for wip.,,,,0,0,0,0,0,0,0,0,0,0,0,2000,0,0,0,0,0,0,0,PC018-BK,0,,,ON,False
2026-07-01,,IM4,3,ONGOING,T90A CHL EXTENSION B,1071242,,MO6519,800,53.333333333333336,7.555555555555555,34,6.52715,1.4728500000000002,,,32.91,ongoing,714,714,714,0,0,0,1.0331206320267396,1.0331206320267396,737.6481312670921,0.7281851718749999,0.752303125,0.752303125,1600,1428,1428,0.8925,0.8925,619.752,0,211.344,PC003-BK,0,,,ON,False
2026-07-01,,IM4,1,,T90A CHL EXTENSION B,,,MO6519,,0,0,34,3.160133333333334,4.839866666666666,,,32.88,,346,346,346,0,0,0,1.0340632603406326,1.0340632603406326,357.7858880778589,0,0,0,0,692,692,346,346,300.328,0,102.416,PC003-BK,0,,,ON,False
2026-07-01,,IM4,2,,SD,,,0,,0,0,0,0,0,,,,,,0,0,0,0,0,0,0,0,0,0,0,0,0,0,0,0,0,0,0,0,0,,,SD,False
2026-07-01,,IM5,3,,SD,,,0,,0,0,0,0,0,,,,,,0,0,0,0,0,0,0,0,0,0,0,0,0,0,0,0,0,0,0,0,0,,,SD,False
2026-07-01,,IM5,1,,SD,,,0,,0,0,0,0,0,,,,,,0,0,0,0,0,0,0,0,0,0,0,0,0,0,0,0,0,0,0,0,0,,,SD,False
2026-07-01,,IM5,2,,SD,,,0,,0,0,0,0,0,,,,,,0,0,0,0,0,0,0,0,0,0,0,0,0,0,0,0,0,0,0,0,0,,,SD,False
2026-07-01,,IM6,3,ONGOING,550B BUL-LED Shade,1070584,,M05419,1000,153.84615384615384,7.777777777777778,28,5.498450000000001,2.501549999999999,,,23.82,ongoing,831,831,831,0,0,0,1.1754827875734677,1.1754827875734677,976.8261964735517,0.5711514937500001,0.6713787500000001,0.6713787500000001,2000,1662,1662,0.831,0.831,832.662,0,201.341328,PC018-BK,0,,,ON,False
2026-07-01,,IM6,1,8:00AM,311 D Bezel Plug,1072238,,0,700,0,6.805555555555555,35,8.034166666666668,0,,,31.1,530a,930,3710,3710,10,10,0.002688172043010753,1.12540192926045,1.12540192926045,1046.6237942122186,1.3342455357142857,1.4975260416666665,1.4975260416666665,5600,7440,7420,1.3285714285714285,1.325,0,0,297.6,ABS07-BK,0,,,ON,False
2026-07-01,,IM6,2,,311 D Bezel Plug,,,0,800,0,7.777777777777778,35,4.509500000000001,0,,,31.1,,522,2088,2088,0,0,0,1.12540192926045,1.12540192926045,587.459807073955,0.36780609375000006,0.41392968750000003,0.41392968750000003,6400,4176,4176,0.6525,0.6525,0,0,167.04,ABS07-BK,0,,,ON,False
2026-07-01,,IM7,3,ONGOING,31CC Bezel (Trim Ring),1073848,,TNL 625,600,0,7,42,8.065555555555555,-0.06555555555555515,,,34,ongoing,854,854,854,0,0,0,1.2352941176470589,1.2352941176470589,1054.9411764705883,1.4349967592592592,1.7726430555555555,1.7726430555555555,1200,1708,1708,1.4233333333333333,1.4233333333333333,1735.328,0,188.0508,PC013-BK,0,,,ON,False
2026-07-01,,IM7,1,,31CC Bezel (Trim Ring),,,TNL 625,,0,0,42,2.55,5.45,,,34,,270,270,270,0,0,0,1.2352941176470589,1.2352941176470589,333.5294117647059,0,0,0,0,540,540,270,270,548.64,0,59.454,PC013-BK,0,,,ON,False
2026-07-01,,IM7,2,,SD,,,0,,0,0,0,0,0,,,,,,0,0,0,0,0,0,0,0,0,0,0,0,0,0,0,0,0,0,0,0,0,,,SD,False
2026-07-01,,IM8,3,12:30AM,H61P RCL-LED Refl B,1072464,,528,500,33.333333333333336,5.694444444444445,41,7.581194444444445,0.4188055555555552,,,30.7,ongoing,889,889,889,0,0,0,1.3355048859934853,1.3355048859934853,1187.2638436482084,1.6849204652777778,2.2502195138888887,2.2502195138888887,1000,1778,1778,1.778,1.778,1404.6200000000001,0,295.148,PC017-WT,0,,,ON,False
2026-07-01,,IM8,1,,H61P RCL-LED Refl B,,,528,700,46.666666666666664,7.972222222222222,41,0,8,,No pack.,,,,0,0,0,0,0,0,0,0,0,0,0,1400,0,0,0,0,0,0,0,PC017-WT,0,,,ON,False
2026-07-01,,IM8,2,,H61P RCL-LED Refl B,,,528,700,46.666666666666664,7.972222222222222,41,0,8,,No pack.,,,,0,0,0,0,0,0,0,0,0,0,0,1400,0,0,0,0,0,0,0,PC017-WT,0,,,ON,False
2026-07-01,,IM9,3,,SD,,,0,,0,0,0,0,0,,,,,,0,0,0,0,0,0,0,0,0,0,0,0,0,0,0,0,0,0,0,0,0,,,SD,False
2026-07-01,,IM9,1,,SD,,,0,,0,0,0,0,0,,,,,,0,0,0,0,0,0,0,0,0,0,0,0,0,0,0,0,0,0,0,0,0,,,SD,False
2026-07-01,,IM9,2,,SD,,,0,,0,0,0,0,0,,,,,,0,0,0,0,0,0,0,0,0,0,0,0,0,0,0,0,0,0,0,0,0,,,SD,False
2026-07-02,,IM1,3,,SD,,,0,,0,0,0,0,0,,,,,,0,0,0,0,0,0,0,0,0,0,0,0,0,0,0,0,0,0,0,0,0,,,SD,False
2026-07-02,,IM1,1,,SD,,,0,,0,0,0,0,0,,,,,,0,0,0,0,0,0,0,0,0,0,0,0,0,0,0,0,0,0,0,0,0,,,SD,False
2026-07-02,,IM1,2,,SD,,,0,,0,0,0,0,0,,,,,,0,0,0,0,0,0,0,0,0,0,0,0,0,0,0,0,0,0,0,0,0,,,SD,False
2026-07-02,,IM10,3,,SD,,,0,,0,0,0,0,0,,,,,,0,0,0,0,0,0,0,0,0,0,0,0,0,0,0,0,0,0,0,0,0,,,SD,False
2026-07-02,,IM10,1,,SD,,,0,,0,0,0,0,0,,,,,,0,0,0,0,0,0,0,0,0,0,0,0,0,0,0,0,0,0,0,0,0,,,SD,False
2026-07-02,,IM10,2,,SD,,,0,,0,0,0,0,0,,,,,,0,0,0,0,0,0,0,0,0,0,0,0,0,0,0,0,0,0,0,0,0,,,SD,False
2026-07-02,,IM11,3,,SD,,,0,,0,0,0,0,0,,,,,,0,0,0,0,0,0,0,0,0,0,0,0,0,0,0,0,0,0,0,0,0,,,SD,False
2026-07-02,,IM11,1,,SD,,,0,,0,0,0,0,0,,,,,,0,0,0,0,0,0,0,0,0,0,0,0,0,0,0,0,0,0,0,0,0,,,SD,False
2026-07-02,,IM11,2,,SD,,,0,,0,0,0,0,0,,,,,,0,0,0,0,0,0,0,0,0,0,0,0,0,0,0,0,0,0,0,0,0,,,SD,False
2026-07-02,,IM12,3,,SD,,,0,,0,0,0,0,0,,,,,,0,0,0,0,0,0,0,0,0,0,0,0,0,0,0,0,0,0,0,0,0,,,SD,False
2026-07-02,,IM12,1,,SD,,,0,,0,0,0,0,0,,,,,,0,0,0,0,0,0,0,0,0,0,0,0,0,0,0,0,0,0,0,0,0,,,SD,False
2026-07-02,,IM12,2,,SD,,,0,,0,0,0,0,0,,,,,,0,0,0,0,0,0,0,0,0,0,0,0,0,0,0,0,0,0,0,0,0,,,SD,False
2026-07-02,,IM14,3,,SD,,,0,,0,0,0,0,0,,,,,,0,0,0,0,0,0,0,0,0,0,0,0,0,0,0,0,0,0,0,0,0,,,SD,False
2026-07-02,,IM14,1,,SD,,,0,,0,0,0,0,0,,,,,,0,0,0,0,0,0,0,0,0,0,0,0,0,0,0,0,0,0,0,0,0,,,SD,False
2026-07-02,,IM14,2,,SD,,,0,,0,0,0,0,0,,,,,,0,0,0,0,0,0,0,0,0,0,0,0,0,0,0,0,0,0,0,0,0,,,SD,False
2026-07-02,,IM15,3,,SD,,,0,,0,0,0,0,0,,,,,,0,0,0,0,0,0,0,0,0,0,0,0,0,0,0,0,0,0,0,0,0,,,SD,False
2026-07-02,,IM15,1,,SD,,,0,,0,0,0,0,0,,,,,,0,0,0,0,0,0,0,0,0,0,0,0,0,0,0,0,0,0,0,0,0,,,SD,False
2026-07-02,,IM15,2,,SD,,,0,,0,0,0,0,0,,,,,,0,0,0,0,0,0,0,0,0,0,0,0,0,0,0,0,0,0,0,0,0,,,SD,False
2026-07-02,,IM16,3,,SD,,,0,,0,0,0,0,0,,,,,,0,0,0,0,0,0,0,0,0,0,0,0,0,0,0,0,0,0,0,0,0,,,SD,False
2026-07-02,,IM16,1,,SD,,,0,,0,0,0,0,0,,,,,,0,0,0,0,0,0,0,0,0,0,0,0,0,0,0,0,0,0,0,0,0,,,SD,False
2026-07-02,,IM16,2,,SD,,,0,,0,0,0,0,0,,,,,,0,0,0,0,0,0,0,0,0,0,0,0,0,0,0,0,0,0,0,0,0,,,SD,False
2026-07-02,,IM17,3,,SD,,,0,,0,0,0,0,0,,,,,,0,0,0,0,0,0,0,0,0,0,0,0,0,0,0,0,0,0,0,0,0,,,SD,False
2026-07-02,,IM17,1,,SD,,,0,,0,0,0,0,0,,,,,,0,0,0,0,0,0,0,0,0,0,0,0,0,0,0,0,0,0,0,0,0,,,SD,False
2026-07-02,,IM17,2,,SD,,,0,,0,0,0,0,0,,,,,,0,0,0,0,0,0,0,0,0,0,0,0,0,0,0,0,0,0,0,0,0,,,SD,False
2026-07-02,,IM18,3,,SD,,,0,,0,0,0,0,0,,,,,,0,0,0,0,0,0,0,0,0,0,0,0,0,0,0,0,0,0,0,0,0,,,SD,False
2026-07-02,,IM18,1,,SD,,,0,,0,0,0,0,0,,,,,,0,0,0,0,0,0,0,0,0,0,0,0,0,0,0,0,0,0,0,0,0,,,SD,False
2026-07-02,,IM18,2,,SD,,,0,,0,0,0,0,0,,,,,,0,0,0,0,0,0,0,0,0,0,0,0,0,0,0,0,0,0,0,0,0,,,SD,False
2026-07-02,,IM19,3,,SD,,,0,,0,0,0,0,0,,,,,,0,0,0,0,0,0,0,0,0,0,0,0,0,0,0,0,0,0,0,0,0,,,SD,False
2026-07-02,,IM19,1,,SD,,,0,,0,0,0,0,0,,,,,,0,0,0,0,0,0,0,0,0,0,0,0,0,0,0,0,0,0,0,0,0,,,SD,False
2026-07-02,,IM19,2,,SD,,,0,,0,0,0,0,0,,,,,,0,0,0,0,0,0,0,0,0,0,0,0,0,0,0,0,0,0,0,0,0,,,SD,False
2026-07-02,,IM2,3,,SD,,,0,,0,0,0,0,0,,,,,,0,0,0,0,0,0,0,0,0,0,0,0,0,0,0,0,0,0,0,0,0,,,SD,False
2026-07-02,,IM2,1,,SD,,,0,,0,0,0,0,0,,,,,,0,0,0,0,0,0,0,0,0,0,0,0,0,0,0,0,0,0,0,0,0,,,SD,False
2026-07-02,,IM2,2,,SD,,,0,,0,0,0,0,0,,,,,,0,0,0,0,0,0,0,0,0,0,0,0,0,0,0,0,0,0,0,0,0,,,SD,False
2026-07-02,,IM3,3,,SD,,,0,,0,0,0,0,0,,,,,,0,0,0,0,0,0,0,0,0,0,0,0,0,0,0,0,0,0,0,0,0,,,SD,False
2026-07-02,,IM3,1,,SD,,,0,,0,0,0,0,0,,,,,,0,0,0,0,0,0,0,0,0,0,0,0,0,0,0,0,0,0,0,0,0,,,SD,False
2026-07-02,,IM3,2,,SD,,,0,,0,0,0,0,0,,,,,,0,0,0,0,0,0,0,0,0,0,0,0,0,0,0,0,0,0,0,0,0,,,SD,False
2026-07-02,,IM4,3,,SD,,,0,,0,0,0,0,0,,,,,,0,0,0,0,0,0,0,0,0,0,0,0,0,0,0,0,0,0,0,0,0,,,SD,False
2026-07-02,,IM4,1,,SD,,,0,,0,0,0,0,0,,,,,,0,0,0,0,0,0,0,0,0,0,0,0,0,0,0,0,0,0,0,0,0,,,SD,False
2026-07-02,,IM4,2,,SD,,,0,,0,0,0,0,0,,,,,,0,0,0,0,0,0,0,0,0,0,0,0,0,0,0,0,0,0,0,0,0,,,SD,False
2026-07-02,,IM5,3,,SD,,,0,,0,0,0,0,0,,,,,,0,0,0,0,0,0,0,0,0,0,0,0,0,0,0,0,0,0,0,0,0,,,SD,False
2026-07-02,,IM5,1,,SD,,,0,,0,0,0,0,0,,,,,,0,0,0,0,0,0,0,0,0,0,0,0,0,0,0,0,0,0,0,0,0,,,SD,False
2026-07-02,,IM5,2,,SD,,,0,,0,0,0,0,0,,,,,,0,0,0,0,0,0,0,0,0,0,0,0,0,0,0,0,0,0,0,0,0,,,SD,False
2026-07-02,,IM6,3,,SD,,,0,,0,0,0,0,0,,,,,,0,0,0,0,0,0,0,0,0,0,0,0,0,0,0,0,0,0,0,0,0,,,SD,False
2026-07-02,,IM6,1,,SD,,,0,,0,0,0,0,0,,,,,,0,0,0,0,0,0,0,0,0,0,0,0,0,0,0,0,0,0,0,0,0,,,SD,False
2026-07-02,,IM6,2,,SD,,,0,,0,0,0,0,0,,,,,,0,0,0,0,0,0,0,0,0,0,0,0,0,0,0,0,0,0,0,0,0,,,SD,False
2026-07-02,,IM7,3,,SD,,,0,,0,0,0,0,0,,,,,,0,0,0,0,0,0,0,0,0,0,0,0,0,0,0,0,0,0,0,0,0,,,SD,False
2026-07-02,,IM7,1,,SD,,,0,,0,0,0,0,0,,,,,,0,0,0,0,0,0,0,0,0,0,0,0,0,0,0,0,0,0,0,0,0,,,SD,False
2026-07-02,,IM7,2,,SD,,,0,,0,0,0,0,0,,,,,,0,0,0,0,0,0,0,0,0,0,0,0,0,0,0,0,0,0,0,0,0,,,SD,False
2026-07-02,,IM8,3,,SD,,,0,,0,0,0,0,0,,,,,,0,0,0,0,0,0,0,0,0,0,0,0,0,0,0,0,0,0,0,0,0,,,SD,False
2026-07-02,,IM8,1,,SD,,,0,,0,0,0,0,0,,,,,,0,0,0,0,0,0,0,0,0,0,0,0,0,0,0,0,0,0,0,0,0,,,SD,False
2026-07-02,,IM8,2,,SD,,,0,,0,0,0,0,0,,,,,,0,0,0,0,0,0,0,0,0,0,0,0,0,0,0,0,0,0,0,0,0,,,SD,False
2026-07-02,,IM9,3,,SD,,,0,,0,0,0,0,0,,,,,,0,0,0,0,0,0,0,0,0,0,0,0,0,0,0,0,0,0,0,0,0,,,SD,False
2026-07-02,,IM9,1,,SD,,,0,,0,0,0,0,0,,,,,,0,0,0,0,0,0,0,0,0,0,0,0,0,0,0,0,0,0,0,0,0,,,SD,False
2026-07-02,,IM9,2,,SD,,,0,,0,0,0,0,0,,,,,,0,0,0,0,0,0,0,0,0,0,0,0,0,0,0,0,0,0,0,0,0,,,SD,False
2026-07-03,,IM1,3,,SD,,,0,,0,0,0,0,0,,,,,,0,0,0,0,0,0,0,0,0,0,0,0,0,0,0,0,0,0,0,0,0,,,SD,False
2026-07-03,,IM1,1,,SD,,,0,,0,0,0,0,0,,,,,,0,0,0,0,0,0,0,0,0,0,0,0,0,0,0,0,0,0,0,0,0,,,SD,False
2026-07-03,,IM1,2,,SD,,,0,,0,0,0,0,0,,,,,,0,0,0,0,0,0,0,0,0,0,0,0,0,0,0,0,0,0,0,0,0,,,SD,False
2026-07-03,,IM10,3,,SD,,,0,,0,0,0,0,0,,,,,,0,0,0,0,0,0,0,0,0,0,0,0,0,0,0,0,0,0,0,0,0,,,SD,False
2026-07-03,,IM10,1,,SD,,,0,,0,0,0,0,0,,,,,,0,0,0,0,0,0,0,0,0,0,0,0,0,0,0,0,0,0,0,0,0,,,SD,False
2026-07-03,,IM10,2,,SD,,,0,,0,0,0,0,0,,,,,,0,0,0,0,0,0,0,0,0,0,0,0,0,0,0,0,0,0,0,0,0,,,SD,False
2026-07-03,,IM11,3,,SD,,,0,,0,0,0,0,0,,,,,,0,0,0,0,0,0,0,0,0,0,0,0,0,0,0,0,0,0,0,0,0,,,SD,False
2026-07-03,,IM11,1,,SD,,,0,,0,0,0,0,0,,,,,,0,0,0,0,0,0,0,0,0,0,0,0,0,0,0,0,0,0,0,0,0,,,SD,False
2026-07-03,,IM11,2,,SD,,,0,,0,0,0,0,0,,,,,,0,0,0,0,0,0,0,0,0,0,0,0,0,0,0,0,0,0,0,0,0,,,SD,False
2026-07-03,,IM12,3,,SD,,,0,,0,0,0,0,0,,,,,,0,0,0,0,0,0,0,0,0,0,0,0,0,0,0,0,0,0,0,0,0,,,SD,False
2026-07-03,,IM12,1,,SD,,,0,,0,0,0,0,0,,,,,,0,0,0,0,0,0,0,0,0,0,0,0,0,0,0,0,0,0,0,0,0,,,SD,False
2026-07-03,,IM12,2,,SD,,,0,,0,0,0,0,0,,,,,,0,0,0,0,0,0,0,0,0,0,0,0,0,0,0,0,0,0,0,0,0,,,SD,False
2026-07-03,,IM14,3,,SD,,,0,,0,0,0,0,0,,,,,,0,0,0,0,0,0,0,0,0,0,0,0,0,0,0,0,0,0,0,0,0,,,SD,False
2026-07-03,,IM14,1,,SD,,,0,,0,0,0,0,0,,,,,,0,0,0,0,0,0,0,0,0,0,0,0,0,0,0,0,0,0,0,0,0,,,SD,False
2026-07-03,,IM14,2,,SD,,,0,,0,0,0,0,0,,,,,,0,0,0,0,0,0,0,0,0,0,0,0,0,0,0,0,0,0,0,0,0,,,SD,False
2026-07-03,,IM15,3,,SD,,,0,,0,0,0,0,0,,,,,,0,0,0,0,0,0,0,0,0,0,0,0,0,0,0,0,0,0,0,0,0,,,SD,False
2026-07-03,,IM15,1,,SD,,,0,,0,0,0,0,0,,,,,,0,0,0,0,0,0,0,0,0,0,0,0,0,0,0,0,0,0,0,0,0,,,SD,False
2026-07-03,,IM15,2,,SD,,,0,,0,0,0,0,0,,,,,,0,0,0,0,0,0,0,0,0,0,0,0,0,0,0,0,0,0,0,0,0,,,SD,False
2026-07-03,,IM16,3,,SD,,,0,,0,0,0,0,0,,,,,,0,0,0,0,0,0,0,0,0,0,0,0,0,0,0,0,0,0,0,0,0,,,SD,False
2026-07-03,,IM16,1,,SD,,,0,,0,0,0,0,0,,,,,,0,0,0,0,0,0,0,0,0,0,0,0,0,0,0,0,0,0,0,0,0,,,SD,False
2026-07-03,,IM16,2,,SD,,,0,,0,0,0,0,0,,,,,,0,0,0,0,0,0,0,0,0,0,0,0,0,0,0,0,0,0,0,0,0,,,SD,False
2026-07-03,,IM17,3,,SD,,,0,,0,0,0,0,0,,,,,,0,0,0,0,0,0,0,0,0,0,0,0,0,0,0,0,0,0,0,0,0,,,SD,False
2026-07-03,,IM17,1,,SD,,,0,,0,0,0,0,0,,,,,,0,0,0,0,0,0,0,0,0,0,0,0,0,0,0,0,0,0,0,0,0,,,SD,False
2026-07-03,,IM17,2,,SD,,,0,,0,0,0,0,0,,,,,,0,0,0,0,0,0,0,0,0,0,0,0,0,0,0,0,0,0,0,0,0,,,SD,False
2026-07-03,,IM18,3,,SD,,,0,,0,0,0,0,0,,,,,,0,0,0,0,0,0,0,0,0,0,0,0,0,0,0,0,0,0,0,0,0,,,SD,False
2026-07-03,,IM18,1,,SD,,,0,,0,0,0,0,0,,,,,,0,0,0,0,0,0,0,0,0,0,0,0,0,0,0,0,0,0,0,0,0,,,SD,False
2026-07-03,,IM18,2,,SD,,,0,,0,0,0,0,0,,,,,,0,0,0,0,0,0,0,0,0,0,0,0,0,0,0,0,0,0,0,0,0,,,SD,False
2026-07-03,,IM19,3,,SD,,,0,,0,0,0,0,0,,,,,,0,0,0,0,0,0,0,0,0,0,0,0,0,0,0,0,0,0,0,0,0,,,SD,False
2026-07-03,,IM19,1,,SD,,,0,,0,0,0,0,0,,,,,,0,0,0,0,0,0,0,0,0,0,0,0,0,0,0,0,0,0,0,0,0,,,SD,False
2026-07-03,,IM19,2,,SD,,,0,,0,0,0,0,0,,,,,,0,0,0,0,0,0,0,0,0,0,0,0,0,0,0,0,0,0,0,0,0,,,SD,False
2026-07-03,,IM2,3,,SD,,,0,,0,0,0,0,0,,,,,,0,0,0,0,0,0,0,0,0,0,0,0,0,0,0,0,0,0,0,0,0,,,SD,False
2026-07-03,,IM2,1,,SD,,,0,,0,0,0,0,0,,,,,,0,0,0,0,0,0,0,0,0,0,0,0,0,0,0,0,0,0,0,0,0,,,SD,False
2026-07-03,,IM2,2,,SD,,,0,,0,0,0,0,0,,,,,,0,0,0,0,0,0,0,0,0,0,0,0,0,0,0,0,0,0,0,0,0,,,SD,False
2026-07-03,,IM3,3,,SD,,,0,,0,0,0,0,0,,,,,,0,0,0,0,0,0,0,0,0,0,0,0,0,0,0,0,0,0,0,0,0,,,SD,False
2026-07-03,,IM3,1,,SD,,,0,,0,0,0,0,0,,,,,,0,0,0,0,0,0,0,0,0,0,0,0,0,0,0,0,0,0,0,0,0,,,SD,False
2026-07-03,,IM3,2,,SD,,,0,,0,0,0,0,0,,,,,,0,0,0,0,0,0,0,0,0,0,0,0,0,0,0,0,0,0,0,0,0,,,SD,False
2026-07-03,,IM4,3,,SD,,,0,,0,0,0,0,0,,,,,,0,0,0,0,0,0,0,0,0,0,0,0,0,0,0,0,0,0,0,0,0,,,SD,False
2026-07-03,,IM4,1,,SD,,,0,,0,0,0,0,0,,,,,,0,0,0,0,0,0,0,0,0,0,0,0,0,0,0,0,0,0,0,0,0,,,SD,False
2026-07-03,,IM4,2,,SD,,,0,,0,0,0,0,0,,,,,,0,0,0,0,0,0,0,0,0,0,0,0,0,0,0,0,0,0,0,0,0,,,SD,False
2026-07-03,,IM5,3,,SD,,,0,,0,0,0,0,0,,,,,,0,0,0,0,0,0,0,0,0,0,0,0,0,0,0,0,0,0,0,0,0,,,SD,False
2026-07-03,,IM5,1,,SD,,,0,,0,0,0,0,0,,,,,,0,0,0,0,0,0,0,0,0,0,0,0,0,0,0,0,0,0,0,0,0,,,SD,False
2026-07-03,,IM5,2,,SD,,,0,,0,0,0,0,0,,,,,,0,0,0,0,0,0,0,0,0,0,0,0,0,0,0,0,0,0,0,0,0,,,SD,False
2026-07-03,,IM6,3,,SD,,,0,,0,0,0,0,0,,,,,,0,0,0,0,0,0,0,0,0,0,0,0,0,0,0,0,0,0,0,0,0,,,SD,False
2026-07-03,,IM6,1,,SD,,,0,,0,0,0,0,0,,,,,,0,0,0,0,0,0,0,0,0,0,0,0,0,0,0,0,0,0,0,0,0,,,SD,False
2026-07-03,,IM6,2,,SD,,,0,,0,0,0,0,0,,,,,,0,0,0,0,0,0,0,0,0,0,0,0,0,0,0,0,0,0,0,0,0,,,SD,False
2026-07-03,,IM7,3,,SD,,,0,,0,0,0,0,0,,,,,,0,0,0,0,0,0,0,0,0,0,0,0,0,0,0,0,0,0,0,0,0,,,SD,False
2026-07-03,,IM7,1,,SD,,,0,,0,0,0,0,0,,,,,,0,0,0,0,0,0,0,0,0,0,0,0,0,0,0,0,0,0,0,0,0,,,SD,False
2026-07-03,,IM7,2,,SD,,,0,,0,0,0,0,0,,,,,,0,0,0,0,0,0,0,0,0,0,0,0,0,0,0,0,0,0,0,0,0,,,SD,False
2026-07-03,,IM8,3,,SD,,,0,,0,0,0,0,0,,,,,,0,0,0,0,0,0,0,0,0,0,0,0,0,0,0,0,0,0,0,0,0,,,SD,False
2026-07-03,,IM8,1,,SD,,,0,,0,0,0,0,0,,,,,,0,0,0,0,0,0,0,0,0,0,0,0,0,0,0,0,0,0,0,0,0,,,SD,False
2026-07-03,,IM8,2,,SD,,,0,,0,0,0,0,0,,,,,,0,0,0,0,0,0,0,0,0,0,0,0,0,0,0,0,0,0,0,0,0,,,SD,False
2026-07-03,,IM9,3,,SD,,,0,,0,0,0,0,0,,,,,,0,0,0,0,0,0,0,0,0,0,0,0,0,0,0,0,0,0,0,0,0,,,SD,False
2026-07-03,,IM9,1,,SD,,,0,,0,0,0,0,0,,,,,,0,0,0,0,0,0,0,0,0,0,0,0,0,0,0,0,0,0,0,0,0,,,SD,False
2026-07-03,,IM9,2,,SD,,,0,,0,0,0,0,0,,,,,,0,0,0,0,0,0,0,0,0,0,0,0,0,0,0,0,0,0,0,0,0,,,SD,False
2026-07-04,,IM1,3,,SD,,,0,,0,0,0,0,0,,,,,,0,0,0,0,0,0,0,0,0,0,0,0,0,0,0,0,0,0,0,0,0,,,SD,False
2026-07-04,,IM1,1,,SD,,,0,,0,0,0,0,0,,,,,,0,0,0,0,0,0,0,0,0,0,0,0,0,0,0,0,0,0,0,0,0,,,SD,False
2026-07-04,,IM1,2,,SD,,,0,,0,0,0,0,0,,,,,,0,0,0,0,0,0,0,0,0,0,0,0,0,0,0,0,0,0,0,0,0,,,SD,False
2026-07-04,,IM10,3,,SD,,,0,,0,0,0,0,0,,,,,,0,0,0,0,0,0,0,0,0,0,0,0,0,0,0,0,0,0,0,0,0,,,SD,False
2026-07-04,,IM10,1,,SD,,,0,,0,0,0,0,0,,,,,,0,0,0,0,0,0,0,0,0,0,0,0,0,0,0,0,0,0,0,0,0,,,SD,False
2026-07-04,,IM10,2,,SD,,,0,,0,0,0,0,0,,,,,,0,0,0,0,0,0,0,0,0,0,0,0,0,0,0,0,0,0,0,0,0,,,SD,False
2026-07-04,,IM11,3,,SD,,,0,,0,0,0,0,0,,,,,,0,0,0,0,0,0,0,0,0,0,0,0,0,0,0,0,0,0,0,0,0,,,SD,False
2026-07-04,,IM11,1,,SD,,,0,,0,0,0,0,0,,,,,,0,0,0,0,0,0,0,0,0,0,0,0,0,0,0,0,0,0,0,0,0,,,SD,False
2026-07-04,,IM11,2,,SD,,,0,,0,0,0,0,0,,,,,,0,0,0,0,0,0,0,0,0,0,0,0,0,0,0,0,0,0,0,0,0,,,SD,False
2026-07-04,,IM12,3,,SD,,,0,,0,0,0,0,0,,,,,,0,0,0,0,0,0,0,0,0,0,0,0,0,0,0,0,0,0,0,0,0,,,SD,False
2026-07-04,,IM12,1,,SD,,,0,,0,0,0,0,0,,,,,,0,0,0,0,0,0,0,0,0,0,0,0,0,0,0,0,0,0,0,0,0,,,SD,False
2026-07-04,,IM12,2,,SD,,,0,,0,0,0,0,0,,,,,,0,0,0,0,0,0,0,0,0,0,0,0,0,0,0,0,0,0,0,0,0,,,SD,False
2026-07-04,,IM14,3,,SD,,,0,,0,0,0,0,0,,,,,,0,0,0,0,0,0,0,0,0,0,0,0,0,0,0,0,0,0,0,0,0,,,SD,False
2026-07-04,,IM14,1,,SD,,,0,,0,0,0,0,0,,,,,,0,0,0,0,0,0,0,0,0,0,0,0,0,0,0,0,0,0,0,0,0,,,SD,False
2026-07-04,,IM14,2,,SD,,,0,,0,0,0,0,0,,,,,,0,0,0,0,0,0,0,0,0,0,0,0,0,0,0,0,0,0,0,0,0,,,SD,False
2026-07-04,,IM15,3,,SD,,,0,,0,0,0,0,0,,,,,,0,0,0,0,0,0,0,0,0,0,0,0,0,0,0,0,0,0,0,0,0,,,SD,False
2026-07-04,,IM15,1,,SD,,,0,,0,0,0,0,0,,,,,,0,0,0,0,0,0,0,0,0,0,0,0,0,0,0,0,0,0,0,0,0,,,SD,False
2026-07-04,,IM15,2,,SD,,,0,,0,0,0,0,0,,,,,,0,0,0,0,0,0,0,0,0,0,0,0,0,0,0,0,0,0,0,0,0,,,SD,False
2026-07-04,,IM16,3,,SD,,,0,,0,0,0,0,0,,,,,,0,0,0,0,0,0,0,0,0,0,0,0,0,0,0,0,0,0,0,0,0,,,SD,False
2026-07-04,,IM16,1,,SD,,,0,,0,0,0,0,0,,,,,,0,0,0,0,0,0,0,0,0,0,0,0,0,0,0,0,0,0,0,0,0,,,SD,False
2026-07-04,,IM16,2,,SD,,,0,,0,0,0,0,0,,,,,,0,0,0,0,0,0,0,0,0,0,0,0,0,0,0,0,0,0,0,0,0,,,SD,False
2026-07-04,,IM17,3,,SD,,,0,,0,0,0,0,0,,,,,,0,0,0,0,0,0,0,0,0,0,0,0,0,0,0,0,0,0,0,0,0,,,SD,False
2026-07-04,,IM17,1,,SD,,,0,,0,0,0,0,0,,,,,,0,0,0,0,0,0,0,0,0,0,0,0,0,0,0,0,0,0,0,0,0,,,SD,False
2026-07-04,,IM17,2,,SD,,,0,,0,0,0,0,0,,,,,,0,0,0,0,0,0,0,0,0,0,0,0,0,0,0,0,0,0,0,0,0,,,SD,False
2026-07-04,,IM18,3,,SD,,,0,,0,0,0,0,0,,,,,,0,0,0,0,0,0,0,0,0,0,0,0,0,0,0,0,0,0,0,0,0,,,SD,False
2026-07-04,,IM18,1,,SD,,,0,,0,0,0,0,0,,,,,,0,0,0,0,0,0,0,0,0,0,0,0,0,0,0,0,0,0,0,0,0,,,SD,False
2026-07-04,,IM18,2,,SD,,,0,,0,0,0,0,0,,,,,,0,0,0,0,0,0,0,0,0,0,0,0,0,0,0,0,0,0,0,0,0,,,SD,False
2026-07-04,,IM19,3,,SD,,,0,,0,0,0,0,0,,,,,,0,0,0,0,0,0,0,0,0,0,0,0,0,0,0,0,0,0,0,0,0,,,SD,False
2026-07-04,,IM19,1,,SD,,,0,,0,0,0,0,0,,,,,,0,0,0,0,0,0,0,0,0,0,0,0,0,0,0,0,0,0,0,0,0,,,SD,False
2026-07-04,,IM19,2,,SD,,,0,,0,0,0,0,0,,,,,,0,0,0,0,0,0,0,0,0,0,0,0,0,0,0,0,0,0,0,0,0,,,SD,False
2026-07-04,,IM2,3,,SD,,,0,,0,0,0,0,0,,,,,,0,0,0,0,0,0,0,0,0,0,0,0,0,0,0,0,0,0,0,0,0,,,SD,False
2026-07-04,,IM2,1,,SD,,,0,,0,0,0,0,0,,,,,,0,0,0,0,0,0,0,0,0,0,0,0,0,0,0,0,0,0,0,0,0,,,SD,False
2026-07-04,,IM2,2,,SD,,,0,,0,0,0,0,0,,,,,,0,0,0,0,0,0,0,0,0,0,0,0,0,0,0,0,0,0,0,0,0,,,SD,False
2026-07-04,,IM3,3,,SD,,,0,,0,0,0,0,0,,,,,,0,0,0,0,0,0,0,0,0,0,0,0,0,0,0,0,0,0,0,0,0,,,SD,False
2026-07-04,,IM3,1,,SD,,,0,,0,0,0,0,0,,,,,,0,0,0,0,0,0,0,0,0,0,0,0,0,0,0,0,0,0,0,0,0,,,SD,False
2026-07-04,,IM3,2,,SD,,,0,,0,0,0,0,0,,,,,,0,0,0,0,0,0,0,0,0,0,0,0,0,0,0,0,0,0,0,0,0,,,SD,False
2026-07-04,,IM4,3,,SD,,,0,,0,0,0,0,0,,,,,,0,0,0,0,0,0,0,0,0,0,0,0,0,0,0,0,0,0,0,0,0,,,SD,False
2026-07-04,,IM4,1,,SD,,,0,,0,0,0,0,0,,,,,,0,0,0,0,0,0,0,0,0,0,0,0,0,0,0,0,0,0,0,0,0,,,SD,False
2026-07-04,,IM4,2,,SD,,,0,,0,0,0,0,0,,,,,,0,0,0,0,0,0,0,0,0,0,0,0,0,0,0,0,0,0,0,0,0,,,SD,False
2026-07-04,,IM5,3,,SD,,,0,,0,0,0,0,0,,,,,,0,0,0,0,0,0,0,0,0,0,0,0,0,0,0,0,0,0,0,0,0,,,SD,False
2026-07-04,,IM5,1,,SD,,,0,,0,0,0,0,0,,,,,,0,0,0,0,0,0,0,0,0,0,0,0,0,0,0,0,0,0,0,0,0,,,SD,False
2026-07-04,,IM5,2,,SD,,,0,,0,0,0,0,0,,,,,,0,0,0,0,0,0,0,0,0,0,0,0,0,0,0,0,0,0,0,0,0,,,SD,False
2026-07-04,,IM6,3,,SD,,,0,,0,0,0,0,0,,,,,,0,0,0,0,0,0,0,0,0,0,0,0,0,0,0,0,0,0,0,0,0,,,SD,False
2026-07-04,,IM6,1,,SD,,,0,,0,0,0,0,0,,,,,,0,0,0,0,0,0,0,0,0,0,0,0,0,0,0,0,0,0,0,0,0,,,SD,False
2026-07-04,,IM6,2,,SD,,,0,,0,0,0,0,0,,,,,,0,0,0,0,0,0,0,0,0,0,0,0,0,0,0,0,0,0,0,0,0,,,SD,False
2026-07-04,,IM7,3,,SD,,,0,,0,0,0,0,0,,,,,,0,0,0,0,0,0,0,0,0,0,0,0,0,0,0,0,0,0,0,0,0,,,SD,False
2026-07-04,,IM7,1,,SD,,,0,,0,0,0,0,0,,,,,,0,0,0,0,0,0,0,0,0,0,0,0,0,0,0,0,0,0,0,0,0,,,SD,False
2026-07-04,,IM7,2,,SD,,,0,,0,0,0,0,0,,,,,,0,0,0,0,0,0,0,0,0,0,0,0,0,0,0,0,0,0,0,0,0,,,SD,False
2026-07-04,,IM8,3,,SD,,,0,,0,0,0,0,0,,,,,,0,0,0,0,0,0,0,0,0,0,0,0,0,0,0,0,0,0,0,0,0,,,SD,False
2026-07-04,,IM8,1,,SD,,,0,,0,0,0,0,0,,,,,,0,0,0,0,0,0,0,0,0,0,0,0,0,0,0,0,0,0,0,0,0,,,SD,False
2026-07-04,,IM8,2,,SD,,,0,,0,0,0,0,0,,,,,,0,0,0,0,0,0,0,0,0,0,0,0,0,0,0,0,0,0,0,0,0,,,SD,False
2026-07-04,,IM9,3,,SD,,,0,,0,0,0,0,0,,,,,,0,0,0,0,0,0,0,0,0,0,0,0,0,0,0,0,0,0,0,0,0,,,SD,False
2026-07-04,,IM9,1,,SD,,,0,,0,0,0,0,0,,,,,,0,0,0,0,0,0,0,0,0,0,0,0,0,0,0,0,0,0,0,0,0,,,SD,False
2026-07-04,,IM9,2,,SD,,,0,,0,0,0,0,0,,,,,,0,0,0,0,0,0,0,0,0,0,0,0,0,0,0,0,0,0,0,0,0,,,SD,False
2026-07-05,,IM1,3,,SD,,,0,,0,0,0,0,0,,,,,,0,0,0,0,0,0,0,0,0,0,0,0,0,0,0,0,0,0,0,0,0,,,SD,False
2026-07-05,,IM1,1,,SD,,,0,,0,0,0,0,0,,,,,,0,0,0,0,0,0,0,0,0,0,0,0,0,0,0,0,0,0,0,0,0,,,SD,False
2026-07-05,,IM1,2,,SD,,,0,,0,0,0,0,0,,,,,,0,0,0,0,0,0,0,0,0,0,0,0,0,0,0,0,0,0,0,0,0,,,SD,False
2026-07-05,,IM10,3,,SD,,,0,,0,0,0,0,0,,,,,,0,0,0,0,0,0,0,0,0,0,0,0,0,0,0,0,0,0,0,0,0,,,SD,False
2026-07-05,,IM10,1,,SD,,,0,,0,0,0,0,0,,,,,,0,0,0,0,0,0,0,0,0,0,0,0,0,0,0,0,0,0,0,0,0,,,SD,False
2026-07-05,,IM10,2,,SD,,,0,,0,0,0,0,0,,,,,,0,0,0,0,0,0,0,0,0,0,0,0,0,0,0,0,0,0,0,0,0,,,SD,False
2026-07-05,,IM11,3,,SD,,,0,,0,0,0,0,0,,,,,,0,0,0,0,0,0,0,0,0,0,0,0,0,0,0,0,0,0,0,0,0,,,SD,False
2026-07-05,,IM11,1,,SD,,,0,,0,0,0,0,0,,,,,,0,0,0,0,0,0,0,0,0,0,0,0,0,0,0,0,0,0,0,0,0,,,SD,False
2026-07-05,,IM11,2,,SD,,,0,,0,0,0,0,0,,,,,,0,0,0,0,0,0,0,0,0,0,0,0,0,0,0,0,0,0,0,0,0,,,SD,False
2026-07-05,,IM12,3,,SD,,,0,,0,0,0,0,0,,,,,,0,0,0,0,0,0,0,0,0,0,0,0,0,0,0,0,0,0,0,0,0,,,SD,False
2026-07-05,,IM12,1,,SD,,,0,,0,0,0,0,0,,,,,,0,0,0,0,0,0,0,0,0,0,0,0,0,0,0,0,0,0,0,0,0,,,SD,False
2026-07-05,,IM12,2,,SD,,,0,,0,0,0,0,0,,,,,,0,0,0,0,0,0,0,0,0,0,0,0,0,0,0,0,0,0,0,0,0,,,SD,False
2026-07-05,,IM14,3,,SD,,,0,,0,0,0,0,0,,,,,,0,0,0,0,0,0,0,0,0,0,0,0,0,0,0,0,0,0,0,0,0,,,SD,False
2026-07-05,,IM14,1,,SD,,,0,,0,0,0,0,0,,,,,,0,0,0,0,0,0,0,0,0,0,0,0,0,0,0,0,0,0,0,0,0,,,SD,False
2026-07-05,,IM14,2,,SD,,,0,,0,0,0,0,0,,,,,,0,0,0,0,0,0,0,0,0,0,0,0,0,0,0,0,0,0,0,0,0,,,SD,False
2026-07-05,,IM15,3,,SD,,,0,,0,0,0,0,0,,,,,,0,0,0,0,0,0,0,0,0,0,0,0,0,0,0,0,0,0,0,0,0,,,SD,False
2026-07-05,,IM15,1,,SD,,,0,,0,0,0,0,0,,,,,,0,0,0,0,0,0,0,0,0,0,0,0,0,0,0,0,0,0,0,0,0,,,SD,False
2026-07-05,,IM15,2,,SD,,,0,,0,0,0,0,0,,,,,,0,0,0,0,0,0,0,0,0,0,0,0,0,0,0,0,0,0,0,0,0,,,SD,False
2026-07-05,,IM16,3,,SD,,,0,,0,0,0,0,0,,,,,,0,0,0,0,0,0,0,0,0,0,0,0,0,0,0,0,0,0,0,0,0,,,SD,False
2026-07-05,,IM16,1,,SD,,,0,,0,0,0,0,0,,,,,,0,0,0,0,0,0,0,0,0,0,0,0,0,0,0,0,0,0,0,0,0,,,SD,False
2026-07-05,,IM16,2,,SD,,,0,,0,0,0,0,0,,,,,,0,0,0,0,0,0,0,0,0,0,0,0,0,0,0,0,0,0,0,0,0,,,SD,False
2026-07-05,,IM17,3,,SD,,,0,,0,0,0,0,0,,,,,,0,0,0,0,0,0,0,0,0,0,0,0,0,0,0,0,0,0,0,0,0,,,SD,False
2026-07-05,,IM17,1,,SD,,,0,,0,0,0,0,0,,,,,,0,0,0,0,0,0,0,0,0,0,0,0,0,0,0,0,0,0,0,0,0,,,SD,False
2026-07-05,,IM17,2,,SD,,,0,,0,0,0,0,0,,,,,,0,0,0,0,0,0,0,0,0,0,0,0,0,0,0,0,0,0,0,0,0,,,SD,False
2026-07-05,,IM18,3,,SD,,,0,,0,0,0,0,0,,,,,,0,0,0,0,0,0,0,0,0,0,0,0,0,0,0,0,0,0,0,0,0,,,SD,False
2026-07-05,,IM18,1,,SD,,,0,,0,0,0,0,0,,,,,,0,0,0,0,0,0,0,0,0,0,0,0,0,0,0,0,0,0,0,0,0,,,SD,False
2026-07-05,,IM18,2,,SD,,,0,,0,0,0,0,0,,,,,,0,0,0,0,0,0,0,0,0,0,0,0,0,0,0,0,0,0,0,0,0,,,SD,False
2026-07-05,,IM19,3,,SD,,,0,,0,0,0,0,0,,,,,,0,0,0,0,0,0,0,0,0,0,0,0,0,0,0,0,0,0,0,0,0,,,SD,False
2026-07-05,,IM19,1,,SD,,,0,,0,0,0,0,0,,,,,,0,0,0,0,0,0,0,0,0,0,0,0,0,0,0,0,0,0,0,0,0,,,SD,False
2026-07-05,,IM19,2,,SD,,,0,,0,0,0,0,0,,,,,,0,0,0,0,0,0,0,0,0,0,0,0,0,0,0,0,0,0,0,0,0,,,SD,False
2026-07-05,,IM2,3,,SD,,,0,,0,0,0,0,0,,,,,,0,0,0,0,0,0,0,0,0,0,0,0,0,0,0,0,0,0,0,0,0,,,SD,False
2026-07-05,,IM2,1,,SD,,,0,,0,0,0,0,0,,,,,,0,0,0,0,0,0,0,0,0,0,0,0,0,0,0,0,0,0,0,0,0,,,SD,False
2026-07-05,,IM2,2,,SD,,,0,,0,0,0,0,0,,,,,,0,0,0,0,0,0,0,0,0,0,0,0,0,0,0,0,0,0,0,0,0,,,SD,False
2026-07-05,,IM3,3,,SD,,,0,,0,0,0,0,0,,,,,,0,0,0,0,0,0,0,0,0,0,0,0,0,0,0,0,0,0,0,0,0,,,SD,False
2026-07-05,,IM3,1,,SD,,,0,,0,0,0,0,0,,,,,,0,0,0,0,0,0,0,0,0,0,0,0,0,0,0,0,0,0,0,0,0,,,SD,False
2026-07-05,,IM3,2,,SD,,,0,,0,0,0,0,0,,,,,,0,0,0,0,0,0,0,0,0,0,0,0,0,0,0,0,0,0,0,0,0,,,SD,False
2026-07-05,,IM4,3,,SD,,,0,,0,0,0,0,0,,,,,,0,0,0,0,0,0,0,0,0,0,0,0,0,0,0,0,0,0,0,0,0,,,SD,False
2026-07-05,,IM4,1,,SD,,,0,,0,0,0,0,0,,,,,,0,0,0,0,0,0,0,0,0,0,0,0,0,0,0,0,0,0,0,0,0,,,SD,False
2026-07-05,,IM4,2,,SD,,,0,,0,0,0,0,0,,,,,,0,0,0,0,0,0,0,0,0,0,0,0,0,0,0,0,0,0,0,0,0,,,SD,False
2026-07-05,,IM5,3,,SD,,,0,,0,0,0,0,0,,,,,,0,0,0,0,0,0,0,0,0,0,0,0,0,0,0,0,0,0,0,0,0,,,SD,False
2026-07-05,,IM5,1,,SD,,,0,,0,0,0,0,0,,,,,,0,0,0,0,0,0,0,0,0,0,0,0,0,0,0,0,0,0,0,0,0,,,SD,False
2026-07-05,,IM5,2,,SD,,,0,,0,0,0,0,0,,,,,,0,0,0,0,0,0,0,0,0,0,0,0,0,0,0,0,0,0,0,0,0,,,SD,False
2026-07-05,,IM6,3,,SD,,,0,,0,0,0,0,0,,,,,,0,0,0,0,0,0,0,0,0,0,0,0,0,0,0,0,0,0,0,0,0,,,SD,False
2026-07-05,,IM6,1,,SD,,,0,,0,0,0,0,0,,,,,,0,0,0,0,0,0,0,0,0,0,0,0,0,0,0,0,0,0,0,0,0,,,SD,False
2026-07-05,,IM6,2,,SD,,,0,,0,0,0,0,0,,,,,,0,0,0,0,0,0,0,0,0,0,0,0,0,0,0,0,0,0,0,0,0,,,SD,False
2026-07-05,,IM7,3,,SD,,,0,,0,0,0,0,0,,,,,,0,0,0,0,0,0,0,0,0,0,0,0,0,0,0,0,0,0,0,0,0,,,SD,False
2026-07-05,,IM7,1,,SD,,,0,,0,0,0,0,0,,,,,,0,0,0,0,0,0,0,0,0,0,0,0,0,0,0,0,0,0,0,0,0,,,SD,False
2026-07-05,,IM7,2,,SD,,,0,,0,0,0,0,0,,,,,,0,0,0,0,0,0,0,0,0,0,0,0,0,0,0,0,0,0,0,0,0,,,SD,False
2026-07-05,,IM8,3,,SD,,,0,,0,0,0,0,0,,,,,,0,0,0,0,0,0,0,0,0,0,0,0,0,0,0,0,0,0,0,0,0,,,SD,False
2026-07-05,,IM8,1,,SD,,,0,,0,0,0,0,0,,,,,,0,0,0,0,0,0,0,0,0,0,0,0,0,0,0,0,0,0,0,0,0,,,SD,False
2026-07-05,,IM8,2,,SD,,,0,,0,0,0,0,0,,,,,,0,0,0,0,0,0,0,0,0,0,0,0,0,0,0,0,0,0,0,0,0,,,SD,False
2026-07-05,,IM9,3,,SD,,,0,,0,0,0,0,0,,,,,,0,0,0,0,0,0,0,0,0,0,0,0,0,0,0,0,0,0,0,0,0,,,SD,False
2026-07-05,,IM9,1,,SD,,,0,,0,0,0,0,0,,,,,,0,0,0,0,0,0,0,0,0,0,0,0,0,0,0,0,0,0,0,0,0,,,SD,False
2026-07-05,,IM9,2,,SD,,,0,,0,0,0,0,0,,,,,,0,0,0,0,0,0,0,0,0,0,0,0,0,0,0,0,0,0,0,0,0,,,SD,False
2026-07-06,,IM1,3,,SD,,,0,,0,0,0,0,0,,,,,,0,0,0,0,0,0,0,0,0,0,0,0,0,0,0,0,0,0,0,0,0,,,SD,False
2026-07-06,,IM1,1,,SD,,,0,,0,0,0,0,0,,,,,,0,0,0,0,0,0,0,0,0,0,0,0,0,0,0,0,0,0,0,0,0,,,SD,False
2026-07-06,,IM1,2,,SD,,,0,,0,0,0,0,0,,,,,,0,0,0,0,0,0,0,0,0,0,0,0,0,0,0,0,0,0,0,0,0,,,SD,False
2026-07-06,,IM10,3,11:40PM,150B SPL Housing,1073894,,M05201,500,100,6.25,45,4.1566777777777775,3.8433222222222225,,,41.11,12a,364,356,356,8,8,0.02197802197802198,1.0946241790318658,1.0946241790318658,398.44320116759917,0.37825767777777775,0.40495,0.40495,1000,728,712,0.728,0.712,795.304,17.872,287.56,PC001-GY,0,,,ON,False
2026-07-06,,IM10,1,8:30AM,J34A HG BRACKET A,1074174,,5765,600,0,5.75,34.5,2.8994444444444443,5.100555555555555,,No pack per sup.,34,6a,307,300,300,7,7,0.02280130293159609,1.0147058823529411,1.0147058823529411,311.5147058823529,0.18544363425925925,0.18388020833333332,0.18388020833333332,1200,614,600,0.5116666666666667,0.5,0,0,209.40470000000002,PAM01-BK,0,,,ON,False
2026-07-06,,IM10,2,4:00PM,NX4OB RCO Stop Ref,1075510,,902,600,0,6.666666666666667,40,0,8,,Metalizer down.,,,,0,0,0,0,0,0,0,0,0,0,0,1200,0,0,0,0,0,0,0,PBT02-DGY,0,,,ON,False
2026-07-06,,IM11,3,11:50PM,01OB Bezel Plug,1072165,,1943,700,18.666666666666668,6.805555555555555,35,4.570555555555556,3.429444444444444,,,34.64,1245a,475,1892,1892,8,8,0.004210526315789474,1.010392609699769,1.010392609699769,479.9364896073903,0.38768105158730165,0.390060763888889,0.390060763888889,5600,3800,3784,0.6785714285714286,0.6757142857142857,363.264,1.536,144.25750000000002,ABS07-BK,0,,,ON,False
2026-07-06,,IM11,1,,01OB Bezel Plug,,,1943,800,21.333333333333332,7.777777777777778,35,4.012466666666667,3.9875333333333334,,No pack per sup.,34.64,,417,1668,1668,0,0,0,1.010392609699769,1.010392609699769,421.3337182448037,0.26143728125,0.26415429687499997,0.26415429687499997,6400,3336,3336,0.52125,0.52125,320.25600000000003,0,126.64290000000001,ABS07-BK,0,,,ON,False
2026-07-06,,IM11,2,,01OB Bezel Plug,,,1943,800,21.333333333333332,7.777777777777778,35,0,8,,No pack,,,,0,0,0,0,0,0,0,0,0,0,0,6400,0,0,0,0,0,0,0,ABS07-BK,0,,,ON,False
2026-07-06,,IM12,3,12:00AM,150B CHL BG Shade A,1072177,,M05175,1000,40,6.666666666666667,24,5.133333333333334,2.8666666666666663,,,26.4,1215a,700,696,696,4,4,0.005714285714285714,0.9090909090909092,0.9090909090909092,636.3636363636364,0.44916666666666666,0.4060000000000001,0.4060000000000001,2000,1400,1392,0.7,0.696,452.40000000000003,2.6,105,PP025-BK,0,,,ON,False
2026-07-06,,IM12,1,,150B CHL BG Shade A,,,M05175,,0,0,24,3.776666666666666,4.2233333333333345,,,26.4,,515,515,515,0,0,0,0.9090909090909092,0.9090909090909092,468.18181818181824,0,0,0,0,1030,1030,515,515,334.75,0,77.25,PP025-BK,0,,,ON,False
2026-07-06,,IM12,2,,SD,,,0,,0,0,0,0,0,,,,,,0,0,0,0,0,0,0,0,0,0,0,0,0,0,0,0,0,0,0,0,0,,,SD,False
2026-07-06,,IM14,3,,SD,,,0,,0,0,0,0,0,,,,,,0,0,0,0,0,0,0,0,0,0,0,0,0,0,0,0,0,0,0,0,0,,,SD,False
2026-07-06,,IM14,1,,SD,,,0,,0,0,0,0,0,,,,,,0,0,0,0,0,0,0,0,0,0,0,0,0,0,0,0,0,0,0,0,0,,,SD,False
2026-07-06,,IM14,2,,SD,,,0,,0,0,0,0,0,,,,,,0,0,0,0,0,0,0,0,0,0,0,0,0,0,0,0,0,0,0,0,0,,,SD,False
2026-07-06,,IM15,3,,SD,,,0,,0,0,0,0,0,,No quality tried starting early but shut back down.,,,,0,0,0,0,0,0,0,0,0,0,0,0,0,0,0,0,0,0,0,0,0,,,SD,False
2026-07-06,,IM15,1,9:00AM,U625 REFLEX REFLECTOR,1064855,,MO8085,600,0,5.5,33,5.0188500000000005,2.9811499999999995,,,30.78,745a,587,577,577,10,10,0.017035775127768313,1.0721247563352827,1.0721247563352827,629.3372319688109,0.61376353125,0.6468210069444446,0.6468210069444446,1200,1174,1154,0.9783333333333334,0.9616666666666667,445.444,7.720000000000001,90.4567,PMMA01-AM,0,,,ON,False
2026-07-06,,IM15,2,,U625 REFLEX REFLECTOR,,,MO8085,800,0,7.333333333333333,33,2.9122416666666666,5.087758333333333,,No pack.,31.11,,337,337,337,0,0,0,1.0607521697203472,1.0607521697203472,357.473481195757,0.15334772526041665,0.16266393229166667,0.16266393229166667,1600,674,674,0.42125,0.42125,260.164,0,51.93169999999999,PMMA01-AM,0,,,ON,False
2026-07-06,,IM16,3,12:10AM,FORD PIN,1032104,,656,550,1.1,6.111111111111111,40,6.847222222222222,1.1527777777777777,,,29,1030p,850,3390,0,10,10,0.005865102639296188,1.3793103448275863,1.3793103448275863,1172.4137931034484,1.3227588383838382,1.813794099351284,1.813794099351284,2200,3410,3390,1.5454545454545454,1.5363902959210878,606.81,3.58,47.73659,PP024-BK,0,,,ON,False
2026-07-06,,IM16,1,,FORD PIN,,,656,700,1.4,7.777777777777778,40,7.194444444444445,0.8055555555555554,,,28,,925,3700,0,0,0,0,1.4285714285714286,1.4285714285714286,1321.4285714285716,1.1883680555555556,1.697668650793651,1.697668650793651,2800,3700,3700,1.3214285714285714,1.3214285714285714,662.3,0,51.796299999999995,PP024-BK,0,,,ON,False
2026-07-06,,IM16,2,,FORD PIN,,,656,700,1.4,7.777777777777778,40,8.979583333333334,-0.9795833333333341,,,28.11,,1150,4600,0,0,0,0,1.4229811454998222,1.4229811454998222,1636.4283173247957,1.8440215773809525,2.6240079365079367,2.6240079365079367,2800,4600,4600,1.6428571428571428,1.6428571428571428,823.4,0,64.3954,PP024-BK,0,,,ON,False
2026-07-06,,IM17,3,,SD,,,0,,0,0,0,0,0,,,,,,0,0,0,0,0,0,0,0,0,0,0,0,0,0,0,0,0,0,0,0,0,,,SD,False
2026-07-06,,IM17,1,,SD,,,0,,0,0,0,0,0,,,,,,0,0,0,0,0,0,0,0,0,0,0,0,0,0,0,0,0,0,0,0,0,,,SD,False
2026-07-06,,IM17,2,,SD,,,0,,0,0,0,0,0,,,,,,0,0,0,0,0,0,0,0,0,0,0,0,0,0,0,0,0,0,0,0,0,,,SD,False
2026-07-06,,IM18,3,,SD,,,0,,0,0,0,0,0,,,,,,0,0,0,0,0,0,0,0,0,0,0,0,0,0,0,0,0,0,0,0,0,,,SD,False
2026-07-06,,IM18,1,,SD,,,0,,0,0,0,0,0,,,,,,0,0,0,0,0,0,0,0,0,0,0,0,0,0,0,0,0,0,0,0,0,,,SD,False
2026-07-06,,IM18,2,,SD,,,0,,0,0,0,0,0,,,,,,0,0,0,0,0,0,0,0,0,0,0,0,0,0,0,0,0,0,0,0,0,,,SD,False
2026-07-06,,IM19,3,12:20AM,T1XL FASCIA BRACKET 1,1075524,,TNL 737,400,0,4.777777777777778,43,0,8,,No tooling water fitting on slide broke off starting other presses and coming back.,,,,0,0,0,0,0,0,0,0,0,0,0,800,0,0,0,0,0,0,0,PP028-BK,0,,,ON,False
2026-07-06,,IM19,1,,T1XL FASCIA BRACKET 1,,,TNL 737,500,0,5.972222222222222,43,6.991444444444444,1.0085555555555556,,,40.4,530a,623,603,603,20,20,0.03210272873194221,1.0643564356435644,1.0643564356435644,663.0940594059406,1.0889174722222221,1.1217893749999999,1.1217893749999999,1000,1246,1206,1.246,1.206,856.26,28.4,145.7197,PP028-BK,0,,,ON,False
2026-07-06,,IM19,2,,T1XL FASCIA BRACKET 1,,,TNL 737,500,0,5.972222222222222,43,7.855555555555555,0.14444444444444482,,,40.4,,700,700,700,0,0,0,1.0643564356435644,1.0643564356435644,745.0495049504951,1.3747222222222222,1.4631944444444445,1.4631944444444445,1000,1400,1400,1.4,1.4,994,0,163.73,PP028-BK,0,,,ON,False
2026-07-06,,IM2,3,,SD,,,0,,0,0,0,0,0,,,,,,0,0,0,0,0,0,0,0,0,0,0,0,0,0,0,0,0,0,0,0,0,,,SD,False
2026-07-06,,IM2,1,7:30AM,31CC Bezel (Island),1075521,,M623,900,0,6.5,26,7.788611111111111,0.21138888888888907,,,25.49,430a,1100,1095,1095,5,5,0.004545454545454545,1.0200078462142017,1.0200078462142017,1122.008630835622,1.1899266975308642,1.2082175925925926,1.2082175925925926,1800,2200,2190,1.2222222222222223,1.2166666666666668,1007.4000000000001,4.6000000000000005,82.5,PC013-BK,0,,,ON,False
2026-07-06,,IM2,2,,31CC Bezel (Island),,,M623,1000,0,7.222222222222222,26,5.997230555555555,2.0027694444444446,,,25.49,,847,847,847,0,0,0,1.0200078462142017,1.0200078462142017,863.9466457434288,0.6349567850694444,0.6476609027777778,0.6476609027777778,2000,1694,1694,0.847,0.847,779.24,0,63.525,PC013-BK,0,,,ON,False
2026-07-06,,IM3,3,11:00PM,550B RCL-LED Ext. B,1073455,,M05326,1000,142.85714285714286,6.388888888888889,23,6.452777777777778,1.5472222222222216,,,23,1130p,1010,1006,1006,4,4,0.0039603960396039604,1,1,1010,0.8146631944444446,0.8114368055555556,0.8114368055555556,2000,2020,2012,1.01,1.006,541.2280000000001,2.152,110.898,PC018-BK,0,,,ON,False
2026-07-06,,IM3,1,7:00AM,L42P(2) HL Reflector A (REV ---),1075215,,4385,700,0,7.388888888888889,38,4.49875,3.5012499999999998,,,35.99,8a,450,446,446,4,4,0.008888888888888889,1.0558488469019172,1.0558488469019172,475.13198110586274,0.3615066964285714,0.3783035714285714,0.3783035714285714,1400,900,892,0.6428571428571429,0.6371428571428572,0,0,334.48499999999996,PC003-BK,0,,,ON,False
2026-07-06,,IM3,2,,L42P(2) HL Reflector A (REV ---),,,4385,700,0,7.388888888888889,38,8.54,-0.5399999999999991,,,36,,854,854,854,0,0,0,1.0555555555555556,1.0555555555555556,901.4444444444445,1.30235,1.3747027777777776,1.3747027777777776,1400,1708,1708,1.22,1.22,0,0,634.7782,PC003-BK,0,,,ON,False
2026-07-06,,IM4,3,,SD,,,0,,0,0,0,0,0,,,,,,0,0,0,0,0,0,0,0,0,0,0,0,0,0,0,0,0,0,0,0,0,,,SD,False
2026-07-06,,IM4,1,,SD,,,0,,0,0,0,0,0,,,,,,0,0,0,0,0,0,0,0,0,0,0,0,0,0,0,0,0,0,0,0,0,,,SD,False
2026-07-06,,IM4,2,,SD,,,0,,0,0,0,0,0,,,,,,0,0,0,0,0,0,0,0,0,0,0,0,0,0,0,0,0,0,0,0,0,,,SD,False
2026-07-06,,IM5,3,,SD,,,0,,0,0,0,0,0,,,,,,0,0,0,0,0,0,0,0,0,0,0,0,0,0,0,0,0,0,0,0,0,,,SD,False
2026-07-06,,IM5,1,,SD,,,0,,0,0,0,0,0,,,,,,0,0,0,0,0,0,0,0,0,0,0,0,0,0,0,0,0,0,0,0,0,,,SD,False
2026-07-06,,IM5,2,,SD,,,0,,0,0,0,0,0,,,,,,0,0,0,0,0,0,0,0,0,0,0,0,0,0,0,0,0,0,0,0,0,,,SD,False
2026-07-06,,IM6,3,11:10PM,311 D Bezel Plug,1072238,,0,750,0,7.291666666666667,35,5.615277777777778,0,,,31.1,1145p,650,2595,2595,5,5,0.0019230769230769232,1.12540192926045,1.12540192926045,731.5112540192926,0.6083217592592592,0.6832899305555554,0.6832899305555554,6000,5200,5190,0.8666666666666667,0.865,0,0,208,ABS07-BK,0,,,ON,False
2026-07-06,,IM6,1,,311 D Bezel Plug,,,0,800,0,7.777777777777778,35,3.9393333333333334,0,,No pack per sup.,31.1,,456,1824,1824,0,0,0,1.12540192926045,1.12540192926045,513.1832797427652,0.2806775,0.31587499999999996,0.31587499999999996,6400,3648,3648,0.57,0.57,0,0,145.92000000000002,ABS07-BK,0,,,ON,False
2026-07-06,,IM6,2,,311 D Bezel Plug,,,0,800,0,7.777777777777778,35,0,0,,No pack per sup.,,,,0,0,0,0,0,0,0,0,0,0,0,6400,0,0,0,0,0,0,0,ABS07-BK,0,,,ON,False
2026-07-06,,IM7,3,11:20PM,T90A RCL Extension A,1074743,,MO5772,600,80,6.5,39,1.9944444444444442,6.0055555555555555,,No tooling water fitting on slide broke off starting other presses and coming back.,35.9,3a,200,195,195,5,5,0.025,1.0863509749303621,1.0863509749303621,217.27019498607243,0.08310185185185184,0.08802083333333333,0.08802083333333333,1200,400,390,0.3333333333333333,0.32499999999999996,279.24,7.16,108,PC003-BK,0,,,ON,False
2026-07-06,,IM7,1,,T90A RCL Extension A,,,MO5772,700,93.33333333333333,7.583333333333333,39,3.280861111111111,4.719138888888889,,No pack per sup.,35.9,,329,329,329,0,0,0,1.0863509749303621,1.0863509749303621,357.40947075208913,0.19275059027777774,0.20939479166666664,0.20939479166666664,1400,658,658,0.47,0.47,471.128,0,177.66000000000003,PC003-BK,0,,,ON,False
2026-07-06,,IM7,2,,T90A RCL Extension A,,,MO5772,700,93.33333333333333,7.583333333333333,39,0,8,,No pack per sup.,,,,0,0,0,0,0,0,0,0,0,0,0,1400,0,0,0,0,0,0,0,PC003-BK,0,,,ON,False
2026-07-06,,IM8,3,11:30PM,31CC Reflector Turn,1075522,,TNL 620,600,60,6.666666666666667,40,4.079444444444444,3.9205555555555556,,,41.96,12a,350,340,340,10,10,0.02857142857142857,0.9532888465204957,0.9532888465204957,333.6510962821735,0.29745949074074074,0.27546296296296297,0.27546296296296297,1200,700,680,0.5833333333333334,0.5666666666666667,552.8399999999999,16.259999999999998,102.89999999999999,PBT05-BK,0,,,ON,False
2026-07-06,,IM8,1,,31CC Reflector Turn,,,TNL 620,700,70,7.777777777777778,40,5.9254999999999995,2.0745000000000005,,EOAT adjustments and flash.,33.86,,630,612,612,18,18,0.02857142857142857,1.1813349084465445,1.1813349084465445,744.240992321323,0.6666187499999999,0.7649999999999999,0.7649999999999999,1400,1260,1224,0.9,0.8742857142857143,995.112,29.267999999999997,185.22,PBT05-BK,0,,,ON,False
2026-07-06,,IM8,2,,31CC Reflector Turn,,,TNL 620,700,70,7.777777777777778,40,8.778922222222223,-0.7789222222222225,,,33.91,,932,932,932,0,0,0,1.1795930404010617,1.1795930404010617,1099.3807136537896,1.461063484126984,1.7234603174603176,1.7234603174603176,1400,1864,1864,1.3314285714285714,1.3314285714285714,1515.4319999999998,0,274.008,PBT05-BK,0,,,ON,False
2026-07-06,,IM9,3,,SD,,,0,,0,0,0,0,0,,,,,,0,0,0,0,0,0,0,0,0,0,0,0,0,0,0,0,0,0,0,0,0,,,SD,False
2026-07-06,,IM9,1,8:00AM,T90A RCL Reflector A,1066982,,MO5774,500,125,5.555555555555555,40,0,8,,Metalizer down,,,,0,0,0,0,0,0,0,0,0,0,0,1000,0,0,0,0,0,0,0,PC001-GY,0,,,ON,False
2026-07-06,,IM9,2,,T90A RCL Reflector A,,,MO5774,600,150,6.666666666666667,40,0,8,,Metalizer down.,,,,0,0,0,0,0,0,0,0,0,0,0,1200,0,0,0,0,0,0,0,PC001-GY,0,,,ON,False
2026-07-07,,IM1,3,23:00:00,BF4 Ext. B,1083484,,M03433,500,55.55555555555556,5,36,7.210499999999999,0.7895000000000012,,,52.44,1130p,495,489,489,6,6,0.012121212121212121,0.6864988558352403,0.6864988558352403,339.8169336384439,0.8922993749999998,0.6051374999999999,0.6051374999999999,1000,990,978,0.99,0.978,1321.278,16.212,148.5,PEI01-GY,0,,,ON,False
2026-07-07,,IM1,1,5:00AM,NQ5A Flange Brkt,1073847,,1021,600,0,6.829999999999999,40.98,6.138888888888889,1.8611111111111107,,,34,7a,650,647,647,3,3,0.004615384615384616,1.2052941176470586,1.2052941176470586,783.4411764705881,0.8313078703703703,0.9973460069444443,0.9973460069444443,1200,1300,1294,1.0833333333333333,1.0783333333333334,0,0,89.41952500000001,PP022-BK,0,,,ON,False
2026-07-07,,IM1,2,,NQ5A Flange Brkt,,,1021,600,0,6.829999999999999,40.98,5.846111111111111,2.153888888888889,,,34,,619,619,619,0,0,0,1.2052941176470586,1.2052941176470586,746.0770588235293,0.7539047453703703,0.9086769548611109,0.9086769548611109,1200,1238,1238,1.0316666666666667,1.0316666666666667,0,0,85.15490150000001,PP022-BK,0,,,ON,False
2026-07-07,,IM10,3,,SD,,,0,300,0,0,0,0,0,,,,,,0,0,0,0,0,0,0,0,0,0,0,0,0,0,0,0,0,0,0,0,0,,,SD,False
2026-07-07,,IM10,1,6:30am,NX4OB RCO Stop Ref,1075510,,902,700,0,7.777777777777778,40,5.269444444444445,2.730555555555555,,,35,730a,542,537,537,5,5,0.00922509225092251,1.1428571428571428,1.1428571428571428,619.4285714285714,0.5100069444444445,0.5774880952380953,0.5774880952380953,1400,1084,1074,0.7742857142857142,0.7671428571428571,831.4147889231001,7.741292261853818,302.43600000000004,PBT02-DGY,0,,,ON,False
2026-07-07,,IM10,2,,NX4OB RCO Stop Ref,,,902,600,0,6.666666666666667,40,1.2444444444444445,6.7555555555555555,,Metalizer.,35,,128,128,128,0,0,0,1.1428571428571428,1.1428571428571428,146.28571428571428,0.033185185185185186,0.037925925925925925,0.037925925925925925,1200,256,256,0.21333333333333335,0.21333333333333335,198.17708190345775,0,71.424,PBT02-DGY,0,,,ON,False
2026-07-07,,IM11,3,Ongoing,01OB Bezel Plug,1072165,,1943,800,21.333333333333332,7.777777777777778,35,0,8,,No pack.,,,,0,0,0,0,0,0,0,0,0,0,0,6400,0,0,0,0,0,0,0,ABS07-BK,0,,,ON,False
2026-07-07,,IM11,1,,01OB Bezel Plug,,,1943,800,21.333333333333332,7.777777777777778,35,5.474888888888889,2.5251111111111113,,,34.7,615a,568,2272,2272,0,0,0,1.0086455331412103,1.0086455331412103,572.9106628242074,0.48589638888888886,0.4900972222222222,0.4900972222222222,6400,4544,4544,0.71,0.71,436.224,0,172.50160000000002,ABS07-BK,0,,,ON,False
2026-07-07,,IM11,2,,01OB Bezel Plug,,,1943,700,18.666666666666668,6.805555555555555,35,8.270166666666666,-0.27016666666666644,,,34.7,,858,3432,3432,0,0,0,1.0086455331412103,1.0086455331412103,865.4178674351584,1.2671076785714286,1.2780624999999999,1.2780624999999999,5600,6864,6864,1.2257142857142858,1.2257142857142858,658.944,0,260.57460000000003,ABS07-BK,0,,,ON,False
2026-07-07,,IM12,3,2:00AM,NQ5A Bumper Brkt O/B,1083858,,1024,300,0,3.6016666666666666,43.22,2.925,5.075,,,32.4,130a,325,319,319,6,6,0.018461538461538463,1.3339506172839506,1.3339506172839506,433.53395061728395,0.39609374999999997,0.5186149884259259,0.5186149884259259,600,650,638,1.0833333333333333,1.0633333333333332,0,0,35.815000000000005,PAM02-BK,0,,,ON,False
2026-07-07,,IM12,1,,NQ5A Bumper Brkt O/B,,,1024,600,0,7.203333333333333,43.22,7.726983333333333,0.2730166666666669,,Fixing water leak,37.54,,741,741,741,0,0,0,1.151305274374001,1.151305274374001,853.1172083111348,1.1928530520833331,1.3733380104166666,1.3733380104166666,1200,1482,1482,1.235,1.235,0,0,81.65820000000001,PAM02-BK,0,,,ON,False
2026-07-07,,IM12,2,,NQ5A Bumper Brkt O/B,,,1024,600,0,7.203333333333333,43.22,4.536083333333333,3.463916666666667,,,37.54,,435,435,435,0,0,0,1.151305274374001,1.151305274374001,500.8177943526905,0.41108255208333333,0.47328151041666666,0.47328151041666666,1200,870,870,0.725,0.725,0,0,47.937000000000005,PAM02-BK,0,,,ON,False
2026-07-07,,IM14,3,2:30AM,NQ5A Bumper Brkt I/B #2,1083859,,1023,300,0,3.6233333333333326,43.48,4.75,3.25,,,38,12a,450,445,445,5,5,0.011111111111111112,1.1442105263157893,1.1442105263157893,514.8947368421052,0.890625,1.0077395833333334,1.0077395833333334,600,900,890,1.5,1.4833333333333334,0,0,69.93,PAM02-BK,0,,,ON,False
2026-07-07,,IM14,1,,NQ5A Bumper Brkt I/B #2,,,1023,600,0,7.246666666666665,43.48,8.264999999999999,-0.2649999999999988,,,38,,783,783,783,0,0,0,1.1442105263157893,1.1442105263157893,895.9168421052631,1.3482281249999999,1.5426568124999998,1.5426568124999998,1200,1566,1566,1.305,1.305,0,0,121.6782,PAM02-BK,0,,,ON,False
2026-07-07,,IM14,2,,NQ5A Bumper Brkt I/B #2,,,1023,600,0,7.246666666666665,43.48,3.135,4.865,,,38,,297,297,297,0,0,0,1.1442105263157893,1.1442105263157893,339.8305263157894,0.19397812499999997,0.22195181249999996,0.22195181249999996,1200,594,594,0.495,0.495,0,0,46.153800000000004,PAM02-BK,0,,,ON,False
2026-07-07,,IM15,3,Ongoing,U625 REFLEX REFLECTOR,1064855,,MO8085,800,0,7.333333333333333,33,0,8,,No pack,,,,0,0,0,0,0,0,0,0,0,0,0,1600,0,0,0,0,0,0,0,PMMA01-AM,0,,,ON,False
2026-07-07,,IM15,1,,U625 REFLEX REFLECTOR,,,MO8085,800,0,7.333333333333333,33,0,8,,No pack,,,,0,0,0,0,0,0,0,0,0,0,0,1600,0,0,0,0,0,0,0,PMMA01-AM,0,,,ON,False
2026-07-07,,IM15,2,,U625 REFLEX REFLECTOR,,,MO8085,800,0,7.333333333333333,33,0,8,,No pack.,,,,0,0,0,0,0,0,0,0,0,0,0,1600,0,0,0,0,0,0,0,PMMA01-AM,0,,,ON,False
2026-07-07,,IM16,3,Ongoing,FORD PIN,1032104,,656,700,1.4,7.777777777777778,40,7.3493055555555555,0.6506944444444445,,,27.85,ongoing,950,3800,0,0,0,0,1.436265709156194,1.436265709156194,1364.452423698384,1.2467571924603174,1.790674603174603,1.790674603174603,2800,3800,3800,1.3571428571428572,1.3571428571428572,680.1999999999999,0,53.1962,PP024-BK,0,,,ON,False
2026-07-07,,IM16,1,,FORD PIN,,,656,700,1.4,7.777777777777778,40,7.3493055555555555,0.6506944444444445,,,27.85,,950,3800,0,0,0,0,1.436265709156194,1.436265709156194,1364.452423698384,1.2467571924603174,1.790674603174603,1.790674603174603,2800,3800,3800,1.3571428571428572,1.3571428571428572,680.1999999999999,0,53.1962,PP024-BK,0,,,ON,False
2026-07-07,,IM16,2,,FORD PIN,,,656,650,1.3,7.222222222222222,40,9.25238888888889,-1.2523888888888894,,,27.85,,1196,4784,0,0,0,0,1.436265709156194,1.436265709156194,1717.7737881508078,2.1280494444444447,3.0564444444444447,3.0564444444444447,2600,4784,4784,1.84,1.84,856.336,0,66.971216,PP024-BK,0,,,ON,False
2026-07-07,,IM17,3,,SD,,,0,,0,0,0,0,0,,,,,,0,0,0,0,0,0,0,0,0,0,0,0,0,0,0,0,0,0,0,0,0,,,SD,False
2026-07-07,,IM17,1,,SD,,,0,,0,0,0,0,0,,,,,,0,0,0,0,0,0,0,0,0,0,0,0,0,0,0,0,0,0,0,0,0,,,SD,False
2026-07-07,,IM17,2,,SD,,,0,,0,0,0,0,0,,,,,,0,0,0,0,0,0,0,0,0,0,0,0,0,0,0,0,0,0,0,0,0,,,SD,False
2026-07-07,,IM18,3,,SD,,,0,,0,0,0,0,0,,,,,,0,0,0,0,0,0,0,0,0,0,0,0,0,0,0,0,0,0,0,0,0,,,SD,False
2026-07-07,,IM18,1,,SD,,,0,,0,0,0,0,0,,,,,,0,0,0,0,0,0,0,0,0,0,0,0,0,0,0,0,0,0,0,0,0,,,SD,False
2026-07-07,,IM18,2,,SD,,,0,,0,0,0,0,0,,,,,,0,0,0,0,0,0,0,0,0,0,0,0,0,0,0,0,0,0,0,0,0,,,SD,False
2026-07-07,,IM19,3,Ongoing,T1XL FASCIA BRACKET 1,1075524,,TNL 737,500,0,5.972222222222222,43,7.783619444444445,0.21638055555555535,,,41.39,ongoing,677,677,677,0,0,0,1.0388982846098092,1.0388982846098092,703.3341386808409,1.317377590972222,1.3686213194444443,1.3686213194444443,1000,1354,1354,1.354,1.354,961.3399999999999,0,158.3503,PP028-BK,0,,,ON,False
2026-07-07,,IM19,1,,T1XL FASCIA BRACKET 1,,,TNL 737,500,0,5.972222222222222,43,8.707602777777776,-0.707602777777776,,,41.41,,757,757,757,0,0,0,1.0383965225790872,1.0383965225790872,786.066167592369,1.6479138256944441,1.7111879861111108,1.7111879861111108,1000,1514,1514,1.514,1.514,1074.94,0,177.0623,PP028-BK,0,,,ON,False
2026-07-07,,IM19,2,ASAP,T1XL FASCIA BRACKET 2,1085656,,729,650,0,7.763888888888889,43,5.495,2.505,,Counter not resetbegin count for going into seconds is 2757,42,330p,471,469,469,2,2,0.004246284501061571,1.0238095238095237,1.0238095238095237,482.21428571428567,0.4977201923076923,0.507406891025641,0.507406891025641,1300,942,938,0.7246153846153847,0.7215384615384616,815.122,3.476,234.087,PP028-BK,0,,,ON,False
2026-07-07,,IM2,3,11:30PM,T90A CHL BRACKET G,1082784,,MO8384,750,37.5,6.927083333333333,33.25,1.4066666666666665,6.593333333333334,,,33.76,345a,150,146,146,4,4,0.02666666666666667,0.98489336492891,0.98489336492891,147.7340047393365,0.03516666666666666,0.03371180555555555,0.03371180555555555,1500,300,292,0.2,0.19466666666666668,164.104,4.496,38.1,ABS06-BK,0,,,ON,False
2026-07-07,,IM2,1,,T90A CHL BRACKET G,,,MO8384,800,40,7.388888888888889,33.25,7.7,0.2999999999999998,,,33,,840,840,840,0,0,0,1.0075757575757576,1.0075757575757576,846.3636363636364,1.010625,1.01828125,1.01828125,1600,1680,1680,1.05,1.05,944.1600000000001,0,213.36,ABS06-BK,0,,,ON,False
2026-07-07,,IM2,2,,T90A CHL BRACKET G,,,MO8384,800,40,7.388888888888889,33.25,1.0083333333333333,6.991666666666667,,No pack.,33,,110,110,110,0,0,0,1.0075757575757576,1.0075757575757576,110.83333333333333,0.017330729166666666,0.017462022569444444,0.017462022569444444,1600,220,220,0.1375,0.1375,123.64000000000001,0,27.94,ABS06-BK,0,,,ON,False
2026-07-07,,IM3,3,Ongoing,L42P(2) HL Reflector A (REV ---),1075215,,4385,600,0,6.333333333333333,38,6.959999999999999,1.040000000000001,,,36,ongoing,696,696,696,0,0,0,1.0555555555555556,1.0555555555555556,734.6666666666666,1.0091999999999999,1.0652666666666666,1.0652666666666666,1200,1392,1392,1.16,1.16,0,0,517.3367999999999,PC003-BK,0,,,ON,False
2026-07-07,,IM3,1,07:00:00,31CG Inner Lens,1083855,,M643,700,23.333333333333332,6.805555555555555,35,4.275,3.7249999999999996,,No pack.,33.75,545a,456,456,456,0,0,0,1.037037037037037,1.037037037037037,472.88888888888886,0.3481071428571429,0.36100000000000004,0.36100000000000004,1400,912,912,0.6514285714285715,0.6514285714285715,754.2239999999999,0,142.272,PC028-RED,0,,,ON,False
2026-07-07,,IM3,2,,31CG Inner Lens,,,M643,800,26.666666666666668,7.777777777777778,35,0,8,,No pack. Go to next tool per sup.,,,,0,0,0,0,0,0,0,0,0,0,0,1600,0,0,0,0,0,0,0,PC028-RED,0,,,ON,False
2026-07-07,,IM4,3,Midnight,T90A RCL INNER LENS B,1083073,,MO5778,700,58.333333333333336,6.416666666666667,33,4.998333333333333,3.001666666666667,,,29.99,1215a,600,600,600,0,0,0,1.1003667889296433,1.1003667889296433,660.220073357786,0.5355357142857143,0.5892857142857144,0.5892857142857144,1400,1200,1200,0.8571428571428571,0.8571428571428571,518.4,0,138,PC011-NC,0,,,ON,False
2026-07-07,,IM4,1,,T90A RCL INNER LENS B,,,MO5778,800,66.66666666666667,7.333333333333333,33,7.429999999999999,0.5700000000000012,,No pack.,29.72,,900,900,900,0,0,0,1.110363391655451,1.110363391655451,999.3270524899059,1.0448437499999998,1.16015625,1.16015625,1600,1800,1800,1.125,1.125,777.6,0,207,PC011-NC,0,,,ON,False
2026-07-07,,IM4,2,,T90A RCL INNER LENS B,,,MO5778,800,66.66666666666667,7.333333333333333,33,0,8,,No pack.,,,,0,0,0,0,0,0,0,0,0,0,0,1600,0,0,0,0,0,0,0,PC011-NC,0,,,ON,False
2026-07-07,,IM5,3,,SD,,,0,,0,0,0,0,0,,,,,,0,0,0,0,0,0,0,0,0,0,0,0,0,0,0,0,0,0,0,0,0,,,SD,False
2026-07-07,,IM5,1,,SD,,,0,,0,0,0,0,0,,,,,,0,0,0,0,0,0,0,0,0,0,0,0,0,0,0,0,0,0,0,0,0,,,SD,False
2026-07-07,,IM5,2,,SD,,,0,,0,0,0,0,0,,,,,,0,0,0,0,0,0,0,0,0,0,0,0,0,0,0,0,0,0,0,0,0,,,SD,False
2026-07-07,,IM6,3,,SD,,,0,,0,0,0,0,0,,,,,,0,0,0,0,0,0,0,0,0,0,0,0,0,0,0,0,0,0,0,0,0,,,SD,False
2026-07-07,,IM6,1,6:00AM,31CG Fascia Bracket,1083856,,M635,800,8,6.666666666666667,30,0,8,,Check ring broke.,,,,0,0,0,0,0,0,0,0,0,0,0,1600,0,0,0,0,0,0,0,PP028-BK,0,,,ON,False
2026-07-07,,IM6,2,,31CG Fascia Bracket,,,M635,900,9,7.5,30,0,8,,Check ring broke.,,,,0,0,0,0,0,0,0,0,0,0,0,1800,0,0,0,0,0,0,0,PP028-BK,0,,,ON,False
2026-07-07,,IM7,3,1:00AM,P33A FCL Base C,1083660,,5549,300,0,3.9166666666666665,47,2.9924999999999997,5.0075,,,35.91,1230a,300,592,592,8,8,0.013333333333333334,1.3088276246170985,1.3088276246170985,392.64828738512955,0.37406249999999996,0.4830555555555556,0.4830555555555556,1200,1200,1184,1,0.9866666666666667,0,0,205.29,PC017-WT,0,,,ON,False
2026-07-07,,IM7,1,,P33A FCL Base C,,,5549,600,0,7.833333333333333,47,8,0,,,48,ongoing,600,1200,1200,0,0,0,0.9791666666666666,0.9791666666666666,587.5,1,0.9791666666666666,0.9791666666666666,2400,2400,2400,1,1,0,0,410.58,PC017-WT,0,,,ON,False
2026-07-07,,IM7,2,,P33A FCL Base C,,,5549,500,0,6.527777777777778,47,1.3333333333333333,6.666666666666667,,,48,,100,200,200,0,0,0,0.9791666666666666,0.9791666666666666,97.91666666666666,0.033333333333333326,0.03263888888888888,0.03263888888888888,2000,400,400,0.2,0.2,0,0,68.43,PC017-WT,0,,,ON,False
2026-07-07,,IM8,3,12:30am,31CC Reflector Turn,1075522,,TNL 620,500,50,5.555555555555555,40,7.678333333333333,0.3216666666666672,,,34,ongoing,813,813,813,0,0,0,1.1764705882352942,1.1764705882352942,956.4705882352941,1.5606212499999998,1.8360249999999998,1.8360249999999998,1000,1626,1626,1.626,1.626,1321.9379999999999,0,239.022,PBT05-BK,0,,,ON,False
2026-07-07,,IM8,1,,31CC Reflector Turn,,,TNL 620,700,70,7.777777777777778,40,7.8388888888888895,0.16111111111111054,,,34,,830,830,830,0,0,0,1.1764705882352942,1.1764705882352942,976.4705882352941,1.1618353174603175,1.3668650793650794,1.3668650793650794,1400,1660,1660,1.1857142857142857,1.1857142857142857,1349.58,0,244.01999999999998,PBT05-BK,0,,,ON,False
2026-07-07,,IM8,2,,31CC Reflector Turn,,,TNL 620,600,60,6.666666666666667,40,8.925,-0.9250000000000007,,,34,,945,945,945,0,0,0,1.1764705882352942,1.1764705882352942,1111.764705882353,1.757109375,2.0671875,2.0671875,1200,1890,1890,1.575,1.575,1536.57,0,277.83,PBT05-BK,0,,,ON,False
2026-07-07,URGENT Need,IM9,3,ASAP,T90A RCL Reflector A,1066982,,MO5774,600,150,6.666666666666667,40,7.563344444444444,0.43665555555555624,,,41.38,9p,658,658,658,0,0,0,0.9666505558240696,0.9666505558240696,636.0560657322378,1.0368084675925924,1.0022314814814812,1.0022314814814812,1200,1316,1316,1.0966666666666667,1.0966666666666667,1402.856,0,426.384,PC001-GY,0,,,ON,False
2026-07-07,VM3,IM9,1,ASAP,T90A RCL Reflector A,,,MO5774,600,150,6.666666666666667,40,4.968,3.032,,Pause wip.,41.4,,432,432,432,0,0,0,0.9661835748792271,0.9661835748792271,417.3913043478261,0.44711999999999996,0.432,0.432,1200,864,864,0.72,0.72,921.024,0,279.93600000000004,PC001-GY,0,,,ON,False
2026-07-07,,IM9,2,ASAP,T90A RCL Reflector A,,,MO5774,600,150,6.666666666666667,40,0,8,,Paused for metalizer.,,,,0,0,0,0,0,0,0,0,0,0,0,1200,0,0,0,0,0,0,0,PC001-GY,0,,,ON,False
2026-07-08,,IM1,3,,SD,,,0,,0,0,0,0,0,,,,,,0,0,0,0,0,0,0,0,0,0,0,0,0,0,0,0,0,0,0,0,0,,,SD,False
2026-07-08,,IM1,1,,SD,,,0,,0,0,0,0,0,,,,,,0,0,0,0,0,0,0,0,0,0,0,0,0,0,0,0,0,0,0,0,0,,,SD,False
2026-07-08,,IM1,2,,SD,,,0,,0,0,0,0,0,,,,,,0,0,0,0,0,0,0,0,0,0,0,0,0,0,0,0,0,0,0,0,0,,,SD,False
2026-07-08,,IM10,3,,SD,,,0,,0,0,0,0,0,,,,,,0,0,0,0,0,0,0,0,0,0,0,0,0,0,0,0,0,0,0,0,0,,,SD,False
2026-07-08,,IM10,1,6:00AM,31CC DRL Inner Lens,1083857,,TNL 621,600,85.71428571428571,6.833333333333333,41,2.9863333333333335,5.0136666666666665,,Pause wip,37.2,630a,289,284,284,5,5,0.01730103806228374,1.1021505376344085,1.1021505376344085,318.52150537634407,0.17980215277777778,0.19474050925925923,0.19474050925925923,1200,578,568,0.4816666666666667,0.47333333333333333,592.9920000000001,10.440000000000001,162.08738400000001,PC020-NC,0,,,ON,False
2026-07-08,,IM10,2,,31CC DRL Inner Lens,,,TNL 621,600,85.71428571428571,6.833333333333333,41,2.8003333333333336,5.199666666666666,,Pause wip,37.2,315p,271,268,268,3,3,0.01107011070110701,1.1021505376344085,1.1021505376344085,298.6827956989247,0.15810215277777778,0.17232337962962962,0.17232337962962962,1200,542,536,0.45166666666666666,0.44666666666666666,559.5840000000001,6.264,151.991976,PC020-NC,0,,,ON,False
2026-07-08,,IM11,3,,01OB Bezel Plug,,,1943,,0,0,35,7.594088888888889,0.4059111111111111,,,34.96,,782,3128,3128,0,0,0,1.0011441647597255,1.0011441647597255,782.8947368421053,0,0,0,0,6256,6256,782,782,600.576,0,237.4934,ABS07-BK,0,,,ON,False
2026-07-08,,IM11,1,,01OB Bezel Plug,,,1943,,0,0,35,7.768888888888889,0.23111111111111082,,,34.96,,800,3200,3200,0,0,0,1.0011441647597255,1.0011441647597255,800.9153318077804,0,0,0,0,6400,6400,800,800,614.4,0,242.96,ABS07-BK,0,,,ON,False
2026-07-08,,IM11,2,,01OB Bezel Plug,,,1943,,0,0,35,7.0114222222222224,0.9885777777777776,,,34.96,,722,2888,2888,0,0,0,1.0011441647597255,1.0011441647597255,722.8260869565217,0,0,0,0,5776,5776,722,722,554.496,0,219.27140000000003,ABS07-BK,0,,,ON,False
2026-07-08,,IM12,3,,SD,,,0,,0,0,0,0,0,,,,,,0,0,0,0,0,0,0,0,0,0,0,0,0,0,0,0,0,0,0,0,0,,,SD,False
2026-07-08,,IM12,1,7:30AM,GM PIN,1084149,,2717,800,4.266666666666667,7.777777777777778,35,6.611111111111112,1.3888888888888884,,,28,630a,850,6786,0,14,14,0.004109186968007044,1.25,1.25,1062.5,0.8780381944444445,1.0930377141730263,1.0930377141730263,6400,6814,6786,1.0625,1.0581339888464925,678.6,2.8000000000000003,122.24316,PP024-BK,0,,,ON,False
2026-07-08,,IM12,2,,GM PIN,,,2717,700,3.7333333333333334,6.805555555555555,35,8.446666666666667,-0.4466666666666672,,,28,,1086,8688,0,0,0,0,1.25,1.25,1357.5,1.63805,2.0475625,2.0475625,5600,8688,8688,1.5514285714285714,1.5514285714285714,868.8000000000001,0,155.86272,PP024-BK,0,,,ON,False
2026-07-08,,IM14,3,11:30PM,T90A CHL EXTENSION B,1071242,,MO6519,700,46.666666666666664,6.611111111111111,34,5.247916666666667,2.752083333333333,,,34.35,1145p,550,545,545,5,5,0.00909090909090909,0.9898107714701601,0.9898107714701601,544.3959243085881,0.5154203869047619,0.5055307539682539,0.5055307539682539,1400,1100,1090,0.7857142857142857,0.7785714285714286,473.06,4.34,162.79999999999998,PC003-BK,0,,,ON,False
2026-07-08,,IM14,1,,T90A CHL EXTENSION B,,,MO6519,800,53.333333333333336,7.555555555555555,34,2.6525833333333333,5.347416666666667,,No pack,34.35,,278,278,278,0,0,0,0.9898107714701601,0.9898107714701601,275.1673944687045,0.11522158854166667,0.11404756944444444,0.11404756944444444,1600,556,556,0.3475,0.3475,241.304,0,82.288,PC003-BK,0,,,ON,False
2026-07-08,,IM14,2,,T90A CHL EXTENSION B,,,MO6519,700,46.666666666666664,6.611111111111111,34,2.11825,5.88175,,No pack,34.35,,222,222,222,0,0,0,0.9898107714701601,0.9898107714701601,219.73799126637553,0.08397348214285714,0.08311785714285715,0.08311785714285715,1400,444,444,0.3171428571428571,0.3171428571428571,192.696,0,65.712,PC003-BK,0,,,ON,False
2026-07-08,,IM15,3,Ongoing,U625 REFLEX REFLECTOR,1064855,,MO8085,800,0,7.333333333333333,33,0,8,,No pack,,,,0,0,0,0,0,0,0,0,0,0,0,1600,0,0,0,0,0,0,0,PMMA01-AM,0,,,ON,False
2026-07-08,,IM15,1,,U625 REFLEX REFLECTOR,,,MO8085,800,0,7.333333333333333,33,2.1441666666666666,5.855833333333333,,No pack,31,945a,249,242,242,7,7,0.028112449799196786,1.064516129032258,1.064516129032258,265.06451612903226,0.083421484375,0.08630703124999999,0.08630703124999999,1600,498,484,0.31125,0.30250000000000005,186.824,5.404,38.3709,PMMA01-AM,0,,,ON,False
2026-07-08,,IM15,2,,U625 REFLEX REFLECTOR,,,MO8085,800,0,7.333333333333333,33,1.3605555555555555,6.639444444444445,,No pack,31,,158,158,158,0,0,0,1.064516129032258,1.064516129032258,168.19354838709677,0.03358871527777778,0.03575572916666667,0.03575572916666667,1600,316,316,0.1975,0.1975,121.976,0,24.3478,PMMA01-AM,0,,,ON,False
2026-07-08,,IM16,3,,FORD PIN,,,656,,0,0,40,7.589969444444445,0.41003055555555523,,,27.91,,979,3916,0,0,0,0,1.4331780723754926,1.4331780723754926,1403.0813328556071,0,0,0,0,3916,3916,979,979,700.9639999999999,0,54.820083999999994,PP024-BK,0,,,ON,False
2026-07-08,,IM16,1,,FORD PIN,,,656,,0,0,40,7.132555555555555,0.8674444444444447,,,27.91,,920,3680,0,0,0,0,1.4331780723754926,1.4331780723754926,1318.5238265854532,0,0,0,0,3680,3680,920,920,658.72,0,51.51632,PP024-BK,0,,,ON,False
2026-07-08,,IM16,2,,FORD PIN,,,656,,0,0,40,9.125019444444444,-1.125019444444444,,,27.91,,1177,4708,0,0,0,0,1.4331780723754926,1.4331780723754926,1686.8505911859547,0,0,0,0,4708,4708,1177,1177,842.732,0,65.907292,PP024-BK,0,,,ON,False
2026-07-08,,IM17,3,,SD,,,0,,0,0,0,0,0,,,,,,0,0,0,0,0,0,0,0,0,0,0,0,0,0,0,0,0,0,0,0,0,,,SD,False
2026-07-08,,IM17,1,,SD,,,0,,0,0,0,0,0,,,,,,0,0,0,0,0,0,0,0,0,0,0,0,0,0,0,0,0,0,0,0,0,,,SD,False
2026-07-08,,IM17,2,,SD,,,0,,0,0,0,0,0,,,,,,0,0,0,0,0,0,0,0,0,0,0,0,0,0,0,0,0,0,0,0,0,,,SD,False
2026-07-08,,IM18,3,,SD,,,0,,0,0,0,0,0,,,,,,0,0,0,0,0,0,0,0,0,0,0,0,0,0,0,0,0,0,0,0,0,,,SD,False
2026-07-08,,IM18,1,,SD,,,0,,0,0,0,0,0,,,,,,0,0,0,0,0,0,0,0,0,0,0,0,0,0,0,0,0,0,0,0,0,,,SD,False
2026-07-08,,IM18,2,,SD,,,0,,0,0,0,0,0,,,,,,0,0,0,0,0,0,0,0,0,0,0,0,0,0,0,0,0,0,0,0,0,,,SD,False
2026-07-08,,IM19,3,Ongoing,T1XL FASCIA BRACKET 2,1085656,,729,650,0,7.763888888888889,43,0,8,,No pack,,,,0,0,0,0,0,0,0,0,0,0,0,1300,0,0,0,0,0,0,0,PP028-BK,0,,,ON,False
2026-07-08,,IM19,1,,T1XL FASCIA BRACKET 2,,,729,650,0,7.763888888888889,43,2.3426666666666662,5.657333333333334,,,40.16,1030a,210,207,207,3,3,0.014285714285714285,1.0707171314741037,1.0707171314741037,224.8505976095618,0.0946076923076923,0.09985096153846154,0.09985096153846154,1300,420,414,0.3230769230769231,0.3184615384615385,359.766,5.214,104.37,PP028-BK,0,,,ON,False
2026-07-08,,IM19,2,,T1XL FASCIA BRACKET 2,,,729,650,0,7.763888888888889,43,7.713333333333333,0.28666666666666707,,,39,,712,712,712,0,0,0,1.1025641025641026,1.1025641025641026,785.0256410256411,1.0561333333333334,1.164454700854701,1.164454700854701,1300,1424,1424,1.0953846153846154,1.0953846153846154,1237.456,0,353.864,PP028-BK,0,,,ON,False
2026-07-08,,IM2,3,Ongoing,T90A CHL BRACKET G,1082784,,MO8384,800,40,7.388888888888889,33.25,0,8,,No pack,,,,0,0,0,0,0,0,0,0,0,0,0,1600,0,0,0,0,0,0,0,ABS06-BK,0,,,ON,False
2026-07-08,,IM2,1,,T90A CHL BRACKET G,,,MO8384,800,40,7.388888888888889,33.25,0,8,,No pack,,,,0,0,0,0,0,0,0,0,0,0,0,1600,0,0,0,0,0,0,0,ABS06-BK,0,,,ON,False
2026-07-08,,IM2,2,,T90A CHL BRACKET G,,,MO8384,800,40,7.388888888888889,33.25,0,8,,No pack,,,,0,0,0,0,0,0,0,0,0,0,0,1600,0,0,0,0,0,0,0,ABS06-BK,0,,,ON,False
2026-07-08,,IM3,3,Midnight,T90A RCL REFLECTOR C,1085029,,MO5776,800,76.19047619047619,7.333333333333333,33,4.545833333333333,3.4541666666666666,,,32.73,1230a,500,496,496,4,4,0.008,1.008249312557287,1.008249312557287,504.12465627864344,0.35514322916666663,0.3552083333333333,0.3552083333333333,1600,1000,992,0.625,0.62,551.552,4.448,171,PC014-WT,0,,,ON,False
2026-07-08,,IM3,1,,T90A RCL REFLECTOR C,,,MO5776,800,76.19047619047619,7.333333333333333,33,7.514305555555556,0.48569444444444443,,,32.75,,826,826,826,0,0,0,1.0076335877862594,1.0076335877862594,832.3053435114502,0.9698150607638888,0.9772182291666665,0.9772182291666665,1600,1652,1652,1.0325,1.0325,918.5120000000001,0,282.492,PC014-WT,0,,,ON,False
2026-07-08,,IM3,2,,T90A RCL REFLECTOR C,,,MO5776,800,76.19047619047619,7.333333333333333,33,0,8,,No pack,,,,0,0,0,0,0,0,0,0,0,0,0,1600,0,0,0,0,0,0,0,PC014-WT,0,,,ON,False
2026-07-08,,IM4,3,12:30AM,T90A RCL RIM (COVER A),1085095,,MO5773,500,66.66666666666667,5.833333333333333,42,4.131944444444445,3.8680555555555554,,,42.5,1230a,350,340,340,10,10,0.02857142857142857,0.9882352941176471,0.9882352941176471,345.88235294117646,0.3615451388888889,0.34708333333333335,0.34708333333333335,1000,700,680,0.7,0.6799999999999999,442.68,13.02,153.3,PP025-BK,0,,,ON,False
2026-07-08,,IM4,1,,T90A RCL RIM (COVER A),,,MO5773,650,86.66666666666667,7.583333333333333,42,6.8075,1.1925,,Cleaning tool for haze marks. Also working on set up process.,38.9,,630,610,610,20,20,0.031746031746031744,1.0796915167095116,1.0796915167095116,680.2056555269922,0.8247548076923078,0.8622115384615385,0.8622115384615385,1300,1260,1220,0.9692307692307692,0.9384615384615385,794.22,26.04,275.94,PP025-BK,0,,,ON,False
2026-07-08,,IM4,2,,T90A RCL RIM (COVER A),,,MO5773,600,80,7,42,4.538333333333332,3.461666666666668,,No pack,38.9,,420,420,420,0,0,0,1.0796915167095116,1.0796915167095116,453.47043701799487,0.39710416666666654,0.42874999999999985,0.42874999999999985,1200,840,840,0.7,0.7,546.84,0,183.96,PP025-BK,0,,,ON,False
2026-07-08,,IM5,3,,SD,,,0,,0,0,0,0,0,,,,,,0,0,0,0,0,0,0,0,0,0,0,0,0,0,0,0,0,0,0,0,0,,,SD,False
2026-07-08,,IM5,1,,SD,,,0,,0,0,0,0,0,,,,,,0,0,0,0,0,0,0,0,0,0,0,0,0,0,0,0,0,0,0,0,0,,,SD,False
2026-07-08,,IM5,2,,SD,,,0,,0,0,0,0,0,,,,,,0,0,0,0,0,0,0,0,0,0,0,0,0,0,0,0,0,0,0,0,0,,,SD,False
2026-07-08,,IM6,3,Ongoing,31CG Fascia Bracket,1083856,,M635,800,8,6.666666666666667,30,0,8,,End cap for barrel messed up waiting for new one to come in.,,,,0,0,0,0,0,0,0,0,0,0,0,1600,0,0,0,0,0,0,0,PP028-BK,0,,,ON,False
2026-07-08,,IM6,1,6:30AM,T90A CHL REFLEX REFLECTOR,1084746,,MO6510,900,32.72727272727273,7.25,29,0,8,,,,,,0,0,0,0,0,0,0,0,0,0,0,1800,0,0,0,0,0,0,0,PC026-AMB,0,,,ON,False
2026-07-08,,IM6,2,,T90A CHL REFLEX REFLECTOR,,,MO6510,900,32.72727272727273,7.25,29,0,8,,,,,,0,0,0,0,0,0,0,0,0,0,0,1800,0,0,0,0,0,0,0,PC026-AMB,0,,,ON,False
2026-07-08,,IM7,3,11:00PM,150B SPL Housing,1083899,,M05201,600,120,7.5,45,1.095,6.905,,No Core pump on press.,39.42,4a,100,96,96,4,4,0.04,1.1415525114155252,1.1415525114155252,114.15525114155251,0.0228125,0.025,0.025,1200,200,192,0.16666666666666666,0.15999999999999998,214.464,8.936,79,PC001-GY,0,,,ON,False
2026-07-08,,IM7,1,,150B SPL Housing,,,M05201,600,120,7.5,45,7.880888888888889,0.11911111111111072,,,41.6,,682,682,682,0,0,0,1.0817307692307692,1.0817307692307692,737.7403846153845,1.119742962962963,1.2112604166666665,1.2112604166666665,1200,1364,1364,1.1366666666666667,1.1366666666666667,1523.588,0,538.78,PC001-GY,0,,,ON,False
2026-07-08,,IM7,2,,150B SPL Housing,,,M05201,500,100,6.25,45,4.726222222222222,3.273777777777778,,No pack,41.6,,409,409,409,0,0,0,1.0817307692307692,1.0817307692307692,442.4278846153846,0.48325622222222214,0.5227531249999999,0.5227531249999999,1000,818,818,0.818,0.818,913.706,0,323.11,PC001-GY,0,,,ON,False
2026-07-08,,IM8,3,Ongoing,31CC Reflector Turn,1075522,,TNL 620,700,70,7.777777777777778,40,0,8,,Ahead,,,,0,0,0,0,0,0,0,0,0,0,0,1400,0,0,0,0,0,0,0,PBT05-BK,0,,,ON,False
2026-07-08,,IM8,1,,SD,,,0,,0,0,0,0,0,,,,,,0,0,0,0,0,0,0,0,0,0,0,0,0,0,0,0,0,0,0,0,0,,,SD,False
2026-07-08,,IM8,2,,SD,,,0,,0,0,0,0,0,,,,,,0,0,0,0,0,0,0,0,0,0,0,0,0,0,0,0,0,0,0,0,0,,,SD,False
2026-07-08,,IM9,3,,SD,,,0,,0,0,0,0,0,,,,,,0,0,0,0,0,0,0,0,0,0,0,0,0,0,0,0,0,0,0,0,0,,,SD,False
2026-07-08,,IM9,1,7:00AM,T90A RCL Reflector A,1066982,,MO5774,700,175,7.777777777777778,40,4.5304166666666665,3.4695833333333335,,,41.5,8a,393,384,384,9,9,0.022900763358778626,0.963855421686747,0.963855421686747,378.7951807228916,0.31793816964285715,0.29942857142857143,0.29942857142857143,1400,786,768,0.5614285714285714,0.5485714285714285,818.6880000000001,19.188000000000002,254.66400000000002,PC001-GY,0,,,ON,False
2026-07-08,,IM9,2,,T90A RCL Reflector A,,,MO5774,200,50,2.2222222222222223,40,4.933888888888889,3.066111111111111,,,41.5,,428,428,428,0,0,0,0.963855421686747,0.963855421686747,412.5301204819277,1.3198152777777779,1.2721111111111112,1.2721111111111112,400,856,856,2.14,2.14,912.4960000000001,0,277.344,PC001-GY,0,,,ON,False
2026-07-09,,IM1,3,12:20AM,NQ5A Flange Brkt,1073847,,1021,550,0,6.260833333333333,40.98,4.722222222222222,3.2777777777777777,,,34,12a,500,496,496,4,4,0.008,1.2052941176470586,1.2052941176470586,602.6470588235293,0.5366161616161617,0.6416060606060605,0.6416060606060605,1100,1000,992,0.9090909090909091,0.9018181818181817,0,0,68.78425,PP022-BK,0,,,ON,False
2026-07-09,,IM1,1,,NQ5A Flange Brkt,,,1021,700,0,7.968333333333332,40.98,8.178888888888888,-0.17888888888888843,,,34,,866,866,866,0,0,0,1.2052941176470586,1.2052941176470586,1043.7847058823527,1.264806746031746,1.5244641309523808,1.5244641309523808,1400,1732,1732,1.237142857142857,1.237142857142857,0,0,119.13432100000001,PP022-BK,0,,,ON,False
2026-07-09,,IM1,2,,NQ5A Flange Brkt,,,1021,700,0,7.968333333333332,40.98,8.141111111111112,-0.14111111111111185,,,34,,862,862,862,0,0,0,1.2052941176470586,1.2052941176470586,1038.9635294117645,1.2531496031746034,1.5104138452380953,1.5104138452380953,1400,1724,1724,1.2314285714285715,1.2314285714285715,0,0,118.58404700000001,PP022-BK,0,,,ON,False
2026-07-09,,IM10,3,11:00PM,T90A BUL HSG,1086304,,MO5785,700,100,7.388888888888889,38,3.6059722222222224,4.394027777777778,,Pause no pack.,37.09,1130a,350,350,350,0,0,0,1.0245349150714478,1.0245349150714478,358.5872202750067,0.2253732638888889,0.23090277777777776,0.23090277777777776,1400,700,700,0.5,0.5,732.2,0,264.6,ASA01-BK,0,,,ON,False
2026-07-09,,IM10,1,,T90A BUL HSG,,,MO5785,750,107.14285714285714,7.916666666666667,38,5.615555555555556,2.384444444444444,,,38,,532,532,532,0,0,0,1,1,532,0.49791259259259263,0.49791259259259263,0.49791259259259263,1500,1064,1064,0.7093333333333334,0.7093333333333334,1112.944,0,402.192,ASA01-BK,0,,,ON,False
2026-07-09,,IM10,2,,T90A BUL HSG,,,MO5785,750,107.14285714285714,7.916666666666667,38,8.317777777777778,-0.3177777777777777,,,38,,788,788,788,0,0,0,1,1,788,1.0924014814814815,1.0924014814814815,1.0924014814814815,1500,1576,1576,1.0506666666666666,1.0506666666666666,1648.496,0,595.728,ASA01-BK,0,,,ON,False
2026-07-09,,IM11,3,,SD,,,0,,0,0,0,0,0,,,,,,0,0,0,0,0,0,0,0,0,0,0,0,0,0,0,0,0,0,0,0,0,,,SD,False
2026-07-09,,IM11,1,,SD,,,0,,0,0,0,0,0,,,,,,0,0,0,0,0,0,0,0,0,0,0,0,0,0,0,0,0,0,0,0,0,,,SD,False
2026-07-09,,IM11,2,,SD,,,0,,0,0,0,0,0,,,,,,0,0,0,0,0,0,0,0,0,0,0,0,0,0,0,0,0,0,0,0,0,,,SD,False
2026-07-09,,IM12,3,ONGOING,GM PIN,1084149,,2717,800,4.266666666666667,7.777777777777778,35,7.692222222222223,0.30777777777777704,,,28,ongoing,989,7912,0,0,0,0,1.25,1.25,1236.25,1.1886887152777779,1.4858608940972222,1.4858608940972222,6400,7912,7912,1.23625,1.23625,791.2,0,141.94128,PP024-BK,0,,,ON,False
2026-07-09,,IM12,1,,GM PIN,,,2717,800,4.266666666666667,7.777777777777778,35,7.108888888888889,0.891111111111111,,,28,ongoing,914,7312,0,0,0,0,1.25,1.25,1142.5,1.0152381944444444,1.2690477430555556,1.2690477430555556,6400,7312,7312,1.1425,1.1425,731.2,0,131.17728,PP024-BK,0,,,ON,False
2026-07-09,,IM12,2,,GM PIN,,,2717,800,4.266666666666667,7.777777777777778,35,8.392222222222223,-0.39222222222222314,,,28,,1079,8632,0,0,0,0,1.25,1.25,1348.75,1.414876215277778,1.7685952690972226,1.7685952690972226,6400,8632,8632,1.34875,1.34875,863.2,0,154.85808,PP024-BK,0,,,ON,False
2026-07-09,,IM14,3,,SD,,,0,,0,0,0,0,0,,,,,,0,0,0,0,0,0,0,0,0,0,0,0,0,0,0,0,0,0,0,0,0,,,SD,False
2026-07-09,,IM14,1,,SD,,,0,,0,0,0,0,0,,,,,,0,0,0,0,0,0,0,0,0,0,0,0,0,0,0,0,0,0,0,0,0,,,SD,False
2026-07-09,,IM14,2,,SD,,,0,,0,0,0,0,0,,,,,,0,0,0,0,0,0,0,0,0,0,0,0,0,0,0,0,0,0,0,0,0,,,SD,False
2026-07-09,,IM15,3,,SD,,,0,,0,0,0,0,0,,,,,,0,0,0,0,0,0,0,0,0,0,0,0,0,0,0,0,0,0,0,0,0,,,SD,False
2026-07-09,,IM15,1,,U625 REFLEX REFLECTOR,,,MO8085,,0,0,33,2.736125,5.2638750000000005,,,31.27,10a,315,308,308,7,7,0.022222222222222223,1.055324592260953,1.055324592260953,332.42724656220025,0,0,0,0,630,616,315,308,237.776,5.404,48.5415,PMMA01-AM,0,,,ON,False
2026-07-09,,IM15,2,,U625 REFLEX REFLECTOR,,,MO8085,,0,0,33,4.621011111111111,3.3789888888888893,,out of pack.,31.27,,532,532,532,0,0,0,1.055324592260953,1.055324592260953,561.432683082827,0,0,0,0,1064,1064,532,532,410.704,0,81.98119999999999,PMMA01-AM,0,,,ON,False
2026-07-09,,IM16,3,,FORD PIN,,,656,,0,0,40,6.985708333333333,1.0142916666666668,,,27.85,ongoing,903,3612,0,0,0,0,1.436265709156194,1.436265709156194,1296.947935368043,0,0,0,0,3612,3612,903,903,646.548,0,50.564387999999994,PP024-BK,0,,,ON,False
2026-07-09,,IM16,1,,FORD PIN,,,656,,0,0,40,7.581388888888889,0.4186111111111108,,,27.85,,980,3920,0,0,0,0,1.436265709156194,1.436265709156194,1407.54039497307,0,0,0,0,3920,3920,980,980,701.68,0,54.876079999999995,PP024-BK,0,,,ON,False
2026-07-09,,IM16,2,,FORD PIN,,,656,,0,0,40,9.058986111111112,-1.0589861111111123,,,27.85,,1171,4684,0,0,0,0,1.436265709156194,1.436265709156194,1681.8671454219032,0,0,0,0,4684,4684,1171,1171,838.4359999999999,0,65.571316,PP024-BK,0,,,ON,False
2026-07-09,,IM17,3,,SD,,,0,,0,0,0,0,0,,,,,,0,0,0,0,0,0,0,0,0,0,0,0,0,0,0,0,0,0,0,0,0,,,SD,False
2026-07-09,,IM17,1,,SD,,,0,,0,0,0,0,0,,,,,,0,0,0,0,0,0,0,0,0,0,0,0,0,0,0,0,0,0,0,0,0,,,SD,False
2026-07-09,,IM17,2,,SD,,,0,,0,0,0,0,0,,,,,,0,0,0,0,0,0,0,0,0,0,0,0,0,0,0,0,0,0,0,0,0,,,SD,False
2026-07-09,,IM18,3,,SD,,,0,,0,0,0,0,0,,,,,,0,0,0,0,0,0,0,0,0,0,0,0,0,0,0,0,0,0,0,0,0,,,SD,False
2026-07-09,,IM18,1,,SD,,,0,,0,0,0,0,0,,,,,,0,0,0,0,0,0,0,0,0,0,0,0,0,0,0,0,0,0,0,0,0,,,SD,False
2026-07-09,,IM18,2,,SD,,,0,,0,0,0,0,0,,,,,,0,0,0,0,0,0,0,0,0,0,0,0,0,0,0,0,0,0,0,0,0,,,SD,False
2026-07-09,,IM19,3,ONGOING,T1XL FASCIA BRACKET 2,1085656,,729,650,0,7.763888888888889,43,7.239444444444445,0.7605555555555554,,,41.5,ongoing,628,628,628,0,0,0,1.036144578313253,1.036144578313253,650.6987951807229,0.8743021367521369,0.905903418803419,0.905903418803419,1300,1256,1256,0.9661538461538461,0.9661538461538461,1091.464,0,312.116,PP028-BK,0,,,ON,False
2026-07-09,,IM19,1,,T1XL FASCIA BRACKET 2,,,729,650,0,7.763888888888889,43,7.654444444444445,0.3455555555555554,,,41.5,,664,664,664,0,0,0,1.036144578313253,1.036144578313253,688,0.9774136752136752,1.0127418803418804,1.0127418803418804,1300,1328,1328,1.0215384615384615,1.0215384615384615,1154.032,0,330.008,PP028-BK,0,,,ON,False
2026-07-09,,IM19,2,,T1XL FASCIA BRACKET 2,,,729,650,0,7.763888888888889,43,8.115555555555556,-0.11555555555555586,,,41.5,,704,704,704,0,0,0,1.036144578313253,1.036144578313253,729.4457831325301,1.0987213675213676,1.1384341880341882,1.1384341880341882,1300,1408,1408,1.083076923076923,1.083076923076923,1223.552,0,349.888,PP028-BK,0,,,ON,False
2026-07-09,,IM2,3,12:30AM,150B CHL BG Shade A,1085662,,M05175,900,36,6,24,3.701805555555555,4.298194444444444,,,24.23,1245a,550,524,524,26,26,0.04727272727272727,0.990507635163021,0.990507635163021,544.7791993396615,0.2827768132716049,0.26685185185185184,0.26685185185185184,1800,1100,1048,0.6111111111111112,0.5822222222222223,340.6,16.900000000000002,82.5,PP025-BK,0,,,ON,False
2026-07-09,,IM2,1,,150B CHL BG Shade A,,,M05175,1100,44,7.333333333333333,24,6.052705555555556,1.9472944444444442,,Issues with runner sticking and working EOAT.,23.23,,938,938,938,0,0,0,1.0331467929401636,1.0331467929401636,969.0916917778735,0.6451633876262626,0.6665484848484848,0.6665484848484848,2200,1876,1876,0.8527272727272728,0.8527272727272728,609.7,0,140.7,PP025-BK,0,,,ON,False
2026-07-09,,IM2,2,,150B CHL BG Shade A,,,M05175,1100,44,7.333333333333333,24,7.820766666666667,0.17923333333333336,,,23.23,,1212,1212,1212,0,0,0,1.0331467929401636,1.0331467929401636,1252.1739130434783,1.0771328636363637,1.1128363636363638,1.1128363636363638,2200,2424,2424,1.1018181818181818,1.1018181818181818,787.8000000000001,0,181.79999999999998,PP025-BK,0,,,ON,False
2026-07-09,,IM3,3,,SD,,,0,,0,0,0,0,0,,,,,,0,0,0,0,0,0,0,0,0,0,0,0,0,0,0,0,0,0,0,0,0,,,SD,False
2026-07-09,,IM3,1,,SD,,,0,,0,0,0,0,0,,,,,,0,0,0,0,0,0,0,0,0,0,0,0,0,0,0,0,0,0,0,0,0,,,SD,False
2026-07-09,,IM3,2,,SD,,,0,,0,0,0,0,0,,,,,,0,0,0,0,0,0,0,0,0,0,0,0,0,0,0,0,0,0,0,0,0,,,SD,False
2026-07-09,,IM4,3,ONGOING,T90A RCL RIM (COVER A),1085095,,MO5773,700,93.33333333333333,8.166666666666666,42,4.1065000000000005,3.8934999999999995,,out of pack.,38.2,,387,387,387,0,0,0,1.0994764397905759,1.0994764397905759,425.49738219895283,0.2837884821428572,0.31201875,0.31201875,1400,774,774,0.5528571428571428,0.5528571428571428,503.874,0,169.506,PP025-BK,0,,,ON,False
2026-07-09,,IM4,1,,SD,,,0,,0,0,0,0,0,,,,,,0,0,0,0,0,0,0,0,0,0,0,0,0,0,0,0,0,0,0,0,0,,,SD,False
2026-07-09,,IM4,2,,SD,,,0,,0,0,0,0,0,,,,,,0,0,0,0,0,0,0,0,0,0,0,0,0,0,0,0,0,0,0,0,0,,,SD,False
2026-07-09,,IM5,3,,SD,,,0,,0,0,0,0,0,,,,,,0,0,0,0,0,0,0,0,0,0,0,0,0,0,0,0,0,0,0,0,0,,,SD,False
2026-07-09,,IM5,1,,SD,,,0,,0,0,0,0,0,,,,,,0,0,0,0,0,0,0,0,0,0,0,0,0,0,0,0,0,0,0,0,0,,,SD,False
2026-07-09,,IM5,2,,SD,,,0,,0,0,0,0,0,,,,,,0,0,0,0,0,0,0,0,0,0,0,0,0,0,0,0,0,0,0,0,0,,,SD,False
2026-07-09,,IM6,3,,SD,,,0,,0,0,0,0,0,,,,,,0,0,0,0,0,0,0,0,0,0,0,0,0,0,0,0,0,0,0,0,0,,,SD,False
2026-07-09,,IM6,1,,SD,,,0,,0,0,0,0,0,,,,,,0,0,0,0,0,0,0,0,0,0,0,0,0,0,0,0,0,0,0,0,0,,,SD,False
2026-07-09,,IM6,2,,SD,,,0,,0,0,0,0,0,,,,,,0,0,0,0,0,0,0,0,0,0,0,0,0,0,0,0,0,0,0,0,0,,,SD,False
2026-07-09,,IM7,3,12:00AM,T90A RCL Extension A,1086602,,MO5772,600,80,6.5,39,4.984722222222222,3.0152777777777784,,,35.89,12a,500,495,495,5,5,0.01,1.0866536639732516,1.0866536639732516,543.3268319866258,0.5192418981481481,0.5585937499999999,0.5585937499999999,1200,1000,990,0.8333333333333334,0.8250000000000001,708.8399999999999,7.16,270,PC003-BK,0,,,ON,False
2026-07-09,,IM7,1,,T90A RCL Extension A,,,MO5772,700,93.33333333333333,7.583333333333333,39,8.087472222222223,-0.08747222222222284,,,35.9,,811,811,811,0,0,0,1.0863509749303621,1.0863509749303621,881.0306406685237,1.1712392807539682,1.2723769345238096,1.2723769345238096,1400,1622,1622,1.1585714285714286,1.1585714285714286,1161.3519999999999,0,437.94000000000005,PC003-BK,0,,,ON,False
2026-07-09,,IM7,2,,T90A RCL Extension A,,,MO5772,700,93.33333333333333,7.583333333333333,39,4.966166666666666,3.033833333333334,,No pack.,35.9,,498,498,498,0,0,0,1.0863509749303621,1.0863509749303621,541.0027855153204,0.4416341071428571,0.47976964285714285,0.47976964285714285,1400,996,996,0.7114285714285714,0.7114285714285714,713.136,0,268.92,PC003-BK,0,,,ON,False
2026-07-09,,IM8,3,,SD,,,0,,0,0,0,0,0,,,,,,0,0,0,0,0,0,0,0,0,0,0,0,0,0,0,0,0,0,0,0,0,,,SD,False
2026-07-09,,IM8,1,8:00AM,J34A HG BRACKET A,1085997,,5765,700,0,6.708333333333333,34.5,3.4691666666666667,4.530833333333334,,,34.5,830a,362,355,355,7,7,0.019337016574585635,1,1,362,0.22425684523809525,0.2199203869047619,0.2199203869047619,1400,724,710,0.5171428571428571,0.5071428571428571,0,0,246.92020000000002,PAM01-BK,0,,,ON,False
2026-07-09,,IM8,2,,J34A HG BRACKET A,,,5765,800,0,7.666666666666667,34.5,3.9004166666666666,4.099583333333333,,No pack,34.5,,407,407,407,0,0,0,1,1,407,0.24804212239583331,0.24804212239583331,0.24804212239583331,1600,814,814,0.50875,0.50875,0,0,277.6147,PAM01-BK,0,,,ON,False
2026-07-09,,IM9,3,,SD,,,0,,0,0,0,0,0,,,,,,0,0,0,0,0,0,0,0,0,0,0,0,0,0,0,0,0,0,0,0,0,,,SD,False
2026-07-09,,IM9,1,7:00AM,NX4OB RCO Stop Ref,1087428,,902,700,0,7.777777777777778,40,4.479822222222222,3.5201777777777776,,,35.68,815a,452,447,447,5,5,0.011061946902654867,1.1210762331838564,1.1210762331838564,506.7264573991031,0.3615856507936508,0.40088095238095234,0.40088095238095234,1400,904,894,0.6457142857142857,0.6385714285714286,692.0715282097314,7.741292261853818,252.21600000000004,PBT02-DGY,0,,,ON,False
2026-07-09,,IM9,2,,NX4OB RCO Stop Ref,,,902,700,0,7.777777777777778,40,8.1172,-0.11720000000000041,,,35.68,,819,819,819,0,0,0,1.1210762331838564,1.1210762331838564,918.1614349775784,1.1871405000000002,1.330875,1.330875,1400,1638,1638,1.17,1.17,1268.0236724916554,0,457.00200000000007,PBT02-DGY,0,,,ON,False
2026-07-10,,IM1,3,ONGOING,NQ5A Flange Brkt,1073847,,1021,700,0,7.968333333333332,40.98,7.763333333333334,0.23666666666666636,,,34,ongoing,822,822,822,0,0,0,1.2052941176470586,1.2052941176470586,990.7517647058822,1.1395464285714285,1.373488607142857,1.373488607142857,1400,1644,1644,1.1742857142857144,1.1742857142857144,0,0,113.08130700000001,PP022-BK,0,,,ON,False
2026-07-10,,IM1,1,,NQ5A Flange Brkt,,,1021,700,0,7.968333333333332,40.98,7.602777777777778,0.39722222222222214,,,34,,805,805,805,0,0,0,1.2052941176470586,1.2052941176470586,970.2617647058822,1.0928993055555556,1.3172651041666665,1.3172651041666665,1400,1610,1610,1.15,1.15,0,0,110.7426425,PP022-BK,0,,,ON,False
2026-07-10,,IM1,2,,NQ5A Flange Brkt,,,1021,700,0,7.968333333333332,40.98,3.0033333333333334,4.996666666666666,,,34,,318,318,318,0,0,0,1.2052941176470586,1.2052941176470586,383.2835294117646,0.17054642857142857,0.20555860714285712,0.20555860714285712,1400,636,636,0.4542857142857143,0.4542857142857143,0,0,43.746783,PP022-BK,0,,,ON,False
2026-07-10,,IM10,3,ONGOING,T90A BUL HSG,1086304,,MO5785,700,100,7.388888888888889,38,6.3525,1.6475,,,36.3,ongoing,630,630,630,0,0,0,1.0468319559228652,1.0468319559228652,659.504132231405,0.71465625,0.748125,0.748125,1400,1260,1260,0.9,0.9,1317.96,0,476.28000000000003,ASA01-BK,0,,,ON,False
2026-07-10,,IM10,1,8:30AM,31CC DRL Inner Lens,1089216,,TNL 621,200,28.571428571428573,2.2777777777777777,41,3.07725,4.922750000000001,,Pause for wip.,37.3,730a,297,292,292,5,5,0.016835016835016835,1.0991957104557641,1.0991957104557641,326.46112600536196,0.57121453125,0.61730625,0.61730625,400,594,584,1.485,1.46,609.696,10.440000000000001,166.574232,PC020-NC,0,,,ON,False
2026-07-10,,IM10,2,,31CC DRL Inner Lens,,,TNL 621,200,28.571428571428573,2.2777777777777777,41,1.39875,6.60125,,Paused for wip.,37.3,430p,135,135,135,0,0,0,1.0991957104557641,1.0991957104557641,148.39142091152817,0.11801953124999999,0.1297265625,0.1297265625,400,270,270,0.675,0.675,281.88,0,75.71556,PC020-NC,0,,,ON,False
2026-07-10,,IM11,3,12:10AM,311 D Bezel Plug,1087511,,0,700,0,6.805555555555555,35,4.745833333333334,0,,,34.17,1215a,500,1995,1995,5,5,0.0025,1.0242903131401815,1.0242903131401815,512.1451565700908,0.4237351190476191,0.4329427083333334,0.4329427083333334,5600,4000,3990,0.7142857142857143,0.7125,0,0,160,ABS07-BK,0,,,ON,False
2026-07-10,,IM11,1,,311 D Bezel Plug,,,0,800,0,7.777777777777778,35,7.194683333333334,0,,,34.17,,758,3032,3032,0,0,0,1.0242903131401815,1.0242903131401815,776.4120573602576,0.8521203072916667,0.8728185763888889,0.8728185763888889,6400,6064,6064,0.9475,0.9475,0,0,242.56,ABS07-BK,0,,,ON,False
2026-07-10,,IM11,2,,311 D Bezel Plug,,,0,800,0,7.777777777777778,35,7.090275000000001,0,,,34.17,,747,2988,2988,0,0,0,1.0242903131401815,1.0242903131401815,765.1448639157155,0.8275680351562501,0.8476699218750001,0.8476699218750001,6400,5976,5976,0.93375,0.93375,0,0,239.04,ABS07-BK,0,,,ON,False
2026-07-10,,IM12,3,ONGOING,GM PIN,1084149,,2717,700,3.7333333333333334,6.805555555555555,35,5.114999999999999,2.8850000000000007,,,27,ongoing,682,5456,0,0,0,0,1.2962962962962963,1.2962962962962963,884.074074074074,0.6229339285714285,0.8075069444444444,0.8075069444444444,5600,5456,5456,0.9742857142857143,0.9742857142857143,545.6,0,97.88064,PP024-BK,0,,,ON,False
2026-07-10,,IM12,1,9:00AM,J34A BG BRACKET A,1085979,,5764,600,0,5.75,34.5,4.858333333333333,3.1416666666666666,,,33,745a,530,523,523,7,7,0.013207547169811321,1.0454545454545454,1.0454545454545454,554.0909090909091,0.5364409722222222,0.5534175347222221,0.5534175347222221,1200,1060,1046,0.8833333333333333,0.8716666666666666,0,0,238.235,PAM01-BK,0,,,ON,False
2026-07-10,,IM12,2,,J34A BG BRACKET A,,,5764,800,0,7.666666666666667,34.5,6.783333333333333,1.2166666666666668,,,33,,740,740,740,0,0,0,1.0454545454545454,1.0454545454545454,773.6363636363636,0.7843229166666668,0.8199739583333334,0.8199739583333334,1600,1480,1480,0.925,0.925,0,0,332.63,PAM01-BK,0,,,ON,False
2026-07-10,,IM14,3,,SD,,,0,,0,0,0,0,0,,,,,,0,0,0,0,0,0,0,0,0,0,0,0,0,0,0,0,0,0,0,0,0,,,SD,False
2026-07-10,,IM14,1,,SD,,,0,,0,0,0,0,0,,,,,,0,0,0,0,0,0,0,0,0,0,0,0,0,0,0,0,0,0,0,0,0,,,SD,False
2026-07-10,,IM14,2,,SD,,,0,,0,0,0,0,0,,,,,,0,0,0,0,0,0,0,0,0,0,0,0,0,0,0,0,0,0,0,0,0,,,SD,False
2026-07-10,,IM15,3,ONGOING,U625 REFLEX REFLECTOR,1064855,,MO8085,700,0,6.416666666666667,33,2.2928888888888888,5.707111111111111,,No pack ,30.8,1a,268,268,268,0,0,0,1.0714285714285714,1.0714285714285714,287.1428571428571,0.10973111111111111,0.11756904761904761,0.11756904761904761,1400,536,536,0.38285714285714284,0.38285714285714284,206.89600000000002,0,41.2988,PMMA01-AM,0,,,ON,False
2026-07-10,,IM15,1,9:30AM,T90A CHL REFLEX REFLECTOR,1084746,,MO6510,600,21.818181818181817,4.833333333333333,29,4.0885,3.9115,,,28.86,830a,510,505,505,5,5,0.00980392156862745,1.0048510048510049,1.0048510048510049,512.4740124740125,0.43440312499999995,0.43223090277777776,0.43223090277777776,1200,1020,1010,0.85,0.8416666666666667,370.67,3.67,63.24,PC026-AMB,0,,,ON,False
2026-07-10,,IM15,2,,T90A CHL REFLEX REFLECTOR,,,MO6510,900,32.72727272727273,7.25,29,7.09475,0.9052499999999997,,,28.86,,885,885,885,0,0,0,1.0048510048510049,1.0048510048510049,889.2931392931393,0.8720630208333333,0.8762934027777778,0.8762934027777778,1800,1770,1770,0.9833333333333333,0.9833333333333333,649.59,0,109.74,PC026-AMB,0,,,ON,False
2026-07-10,,IM16,3,,FORD PIN,,,656,,0,0,40,7.683975,0.3160249999999998,,,27.69,ongoing,999,3996,0,0,0,0,1.4445648248465148,1.4445648248465148,1443.1202600216684,0,0,0,0,3996,3996,999,999,715.284,0,55.940003999999995,PP024-BK,0,,,ON,False
2026-07-10,,IM16,1,,FORD PIN,,,656,,0,0,40,3.2479999999999998,2.9567,,,27.84,,420,1680,0,0,0,0,1.4367816091954022,1.4367816091954022,603.448275862069,0,0,0,0,1680,1680,420,420,300.71999999999997,0,23.51832,PP024-BK,0,,,ON,True
2026-07-10,,IM16,1,,GM PIN,,,2717,,0,0,35,1.7953000000000001,-1.4675222222222226,,First time running this here.,27.62,1115a,234,1782,0,90,90,0.09174311926605505,1.2671976828385227,1.2671976828385227,296.52425778421434,0,0,0,0,1962,1782,234,212.5321100917431,178.20000000000002,18,35.198280000000004,PP024-BK,0,,,ON,True
2026-07-10,,IM16,2,,GM PIN,,,2717,,0,0,35,7.6722222222222225,0.3277777777777775,,,27.62,ongoing,1000,8000,0,0,0,0,1.2671976828385227,1.2671976828385227,1267.1976828385227,0,0,0,0,8000,8000,1000,1000,800,0,143.52,PP024-BK,0,,,ON,False
2026-07-10,,IM17,3,,SD,,,0,,0,0,0,0,0,,,,,,0,0,0,0,0,0,0,0,0,0,0,0,0,0,0,0,0,0,0,0,0,,,SD,False
2026-07-10,,IM17,1,,SD,,,0,,0,0,0,0,0,,,,,,0,0,0,0,0,0,0,0,0,0,0,0,0,0,0,0,0,0,0,0,0,,,SD,False
2026-07-10,,IM17,2,,SD,,,0,,0,0,0,0,0,,,,,,0,0,0,0,0,0,0,0,0,0,0,0,0,0,0,0,0,0,0,0,0,,,SD,False
2026-07-10,,IM18,3,,SD,,,0,,0,0,0,0,0,,,,,,0,0,0,0,0,0,0,0,0,0,0,0,0,0,0,0,0,0,0,0,0,,,SD,False
2026-07-10,,IM18,1,,SD,,,0,,0,0,0,0,0,,,,,,0,0,0,0,0,0,0,0,0,0,0,0,0,0,0,0,0,0,0,0,0,,,SD,False
2026-07-10,,IM18,2,,SD,,,0,,0,0,0,0,0,,,,,,0,0,0,0,0,0,0,0,0,0,0,0,0,0,0,0,0,0,0,0,0,,,SD,False
2026-07-10,,IM19,3,ONGOING,T1XL FASCIA BRACKET 2,1085656,,729,650,0,7.763888888888889,43,7.920672222222223,0.07932777777777744,,,41.81,ongoing,682,682,682,0,0,0,1.028462090408993,1.028462090408993,701.4111456589332,1.0388266260683763,1.0683938034188034,1.0683938034188034,1300,1364,1364,1.0492307692307692,1.0492307692307692,1185.316,0,338.954,PP028-BK,0,,,ON,False
2026-07-10,,IM19,1,,T1XL FASCIA BRACKET 2,,,729,650,0,7.763888888888889,43,7.549027777777778,0.4509722222222221,,,41.81,,650,650,650,0,0,0,1.028462090408993,1.028462090408993,668.5003587658454,0.9436284722222222,0.970486111111111,0.970486111111111,1300,1300,1300,1,1,1129.7,0,323.05,PP028-BK,0,,,ON,False
2026-07-10,,IM19,2,,T1XL FASCIA BRACKET 2,,,729,650,0,7.763888888888889,43,6.968333333333334,1.0316666666666663,,,41.81,,600,600,600,0,0,0,1.028462090408993,1.028462090408993,617.0772542453958,0.8040384615384616,0.8269230769230769,0.8269230769230769,1300,1200,1200,0.9230769230769231,0.9230769230769231,1042.8,0,298.2,PP028-BK,0,,,ON,False
2026-07-10,,IM2,3,1:00AM,THRA/TGSX Outer Lens Mold Only,1089148,,NEEDED,450,0,5.625,45,2.4694444444444446,2.877222222222222,,Material wet started having splay.,44.45,1230a,200,396,0,4,4,0.019801980198019802,1.012373453318335,1.012373453318335,202.47469066366702,0.8509503086419752,0.8444205025114432,0.8444205025114432,900,404,396,0.4444444444444444,0.4356435643564356,0,0,64.64,PMMA03-RED,0,,,ON,True
2026-07-10,,IM2,3,,150B CHL BG Shade A,,,M05175,,0,0,24,2.6533333333333333,-2.0283333333333333,,,24,ongoing,398,398,398,0,0,0,1,1,398,2.0641652777777777,2.0641652777777777,2.0641652777777777,0,796,796,398,398,258.7,0,59.699999999999996,PP025-BK,0,,,ON,True
2026-07-10,,IM2,1,,THRA/TGSX Outer Lens Mold Only,,,NEEDED,600,0,7.5,45,7.375,0.625,,,45,,590,1180,0,0,0,0,1,1,590,0.9065104166666667,0.9065104166666667,0.9065104166666667,1200,1180,1180,0.9833333333333333,0.9833333333333333,0,0,188.8,PMMA03-RED,0,,,ON,False
2026-07-10,,IM2,2,,THRA/TGSX Outer Lens Mold Only,,,NEEDED,600,0,7.5,45,5.75,2.25,,,45,,460,920,0,0,0,0,1,1,460,0.5510416666666667,0.5510416666666667,0.5510416666666667,1200,920,920,0.7666666666666667,0.7666666666666667,0,0,147.20000000000002,PMMA03-RED,0,,,ON,False
2026-07-10,,IM3,3,11:00PM,T90A RCL INNER LENS B,1088448,,MO5778,800,66.66666666666667,7.333333333333333,33,4.680000000000001,3.3199999999999994,,,25.92,1215a,650,642,642,8,8,0.012307692307692308,1.2731481481481481,1.2731481481481481,827.5462962962963,0.4753125000000001,0.5976953125000001,0.5976953125000001,1600,1300,1284,0.8125,0.8025,554.688,6.912,149.5,PC011-NC,0,,,ON,False
2026-07-10,,IM3,1,,T90A RCL INNER LENS B,,,MO5778,800,66.66666666666667,7.333333333333333,33,6.417444444444444,1.5825555555555564,,Pause no pack at 1130a.,25.9,,892,892,892,0,0,0,1.2741312741312742,1.2741312741312742,1136.5250965250966,0.8944313194444443,1.1396229166666667,1.1396229166666667,1600,1784,1784,1.115,1.115,770.688,0,205.16,PC011-NC,0,,,ON,False
2026-07-10,,IM3,2,,T90A RCL INNER LENS B,,,MO5778,800,66.66666666666667,7.333333333333333,33,0,8,,No pack.,,,,0,0,0,0,0,0,0,0,0,0,0,1600,0,0,0,0,0,0,0,PC011-NC,0,,,ON,False
2026-07-10,,IM4,3,,SD,,,0,,0,0,0,0,0,,,,,,0,0,0,0,0,0,0,0,0,0,0,0,0,0,0,0,0,0,0,0,0,,,SD,False
2026-07-10,,IM4,1,7:00AM,31CG Inner Lens,1087525,,M643,800,26.666666666666668,7.777777777777778,35,5.6375,2.3625,,,33,615a,615,608,608,7,7,0.011382113821138212,1.0606060606060606,1.0606060606060606,652.2727272727273,0.541728515625,0.5680208333333334,0.5680208333333334,1600,1230,1216,0.76875,0.7600000000000001,1005.632,11.578,191.88,PC028-RED,0,,,ON,False
2026-07-10,,IM4,2,,31CG Inner Lens,,,M643,800,26.666666666666668,7.777777777777778,35,2.5300000000000002,5.47,,out of pack.,33,ongoing,276,276,276,0,0,0,1.0606060606060606,1.0606060606060606,292.7272727272727,0.10910625000000002,0.11571875000000001,0.11571875000000001,1600,552,552,0.345,0.345,456.50399999999996,0,86.112,PC028-RED,0,,,ON,False
2026-07-10,,IM5,3,,SD,,,0,,0,0,0,0,0,,,,,,0,0,0,0,0,0,0,0,0,0,0,0,0,0,0,0,0,0,0,0,0,,,SD,False
2026-07-10,,IM5,1,,SD,,,0,,0,0,0,0,0,,,,,,0,0,0,0,0,0,0,0,0,0,0,0,0,0,0,0,0,0,0,0,0,,,SD,False
2026-07-10,,IM5,2,,SD,,,0,,0,0,0,0,0,,,,,,0,0,0,0,0,0,0,0,0,0,0,0,0,0,0,0,0,0,0,0,0,,,SD,False
2026-07-10,,IM6,3,,SD,,,0,,0,0,0,0,0,,,,,,0,0,0,0,0,0,0,0,0,0,0,0,0,0,0,0,0,0,0,0,0,,,SD,False
2026-07-10,,IM6,1,,SD,,,0,,0,0,0,0,0,,,,,,0,0,0,0,0,0,0,0,0,0,0,0,0,0,0,0,0,0,0,0,0,,,SD,False
2026-07-10,,IM6,2,,SD,,,0,,0,0,0,0,0,,,,,,0,0,0,0,0,0,0,0,0,0,0,0,0,0,0,0,0,0,0,0,0,,,SD,False
2026-07-10,,IM7,3,ONGOING,T90A RCL Extension A,1086602,,MO5772,700,93.33333333333333,7.583333333333333,39,0.4587222222222222,7.541277777777778,,No pack,35.9,,46,46,46,0,0,0,1.0863509749303621,1.0863509749303621,49.97214484679666,0.003768075396825397,0.004093452380952381,0.004093452380952381,1400,92,92,0.06571428571428571,0.06571428571428571,65.872,0,24.840000000000003,PC003-BK,0,,,ON,False
2026-07-10,,IM7,1,8:00AM,150B SPL Housing,1083899,,M05201,500,100,6.25,45,2.035,5.965,,Oil all over the tool.,40.7,1030a,180,180,180,0,0,0,1.1056511056511056,1.1056511056511056,199.017199017199,0.091575,0.10124999999999999,0.10124999999999999,1000,360,360,0.36,0.36,402.12,0,142.20000000000002,PC001-GY,0,,,ON,False
2026-07-10,,IM7,2,,150B SPL Housing,,,M05201,600,120,7.5,45,4.488305555555556,3.5116944444444442,,Out of pack.,40.7,,397,397,397,0,0,0,1.1056511056511056,1.1056511056511056,438.9434889434889,0.37122027199074076,0.41044010416666665,0.41044010416666665,1200,794,794,0.6616666666666666,0.6616666666666666,886.898,0,313.63,PC001-GY,0,,,ON,False
2026-07-10,,IM8,3,12:00AM,31CC Reflector Turn,1088798,,TNL 620,600,60,6.666666666666667,40,5.194444444444445,2.8055555555555554,,,34,1130p,550,550,550,0,0,0,1.1764705882352942,1.1764705882352942,647.0588235294118,0.5951967592592592,0.7002314814814814,0.7002314814814814,1200,1100,1100,0.9166666666666666,0.9166666666666666,894.3,0,161.7,PBT05-BK,0,,,ON,False
2026-07-10,,IM8,1,,31CC Reflector Turn,,,TNL 620,700,70,7.777777777777778,40,3.107222222222222,4.892777777777778,,Stop per supervisor.,34,,329,329,329,0,0,0,1.1764705882352942,1.1764705882352942,387.05882352941177,0.18254930555555554,0.21476388888888887,0.21476388888888887,1400,658,658,0.47,0.47,534.954,0,96.726,PBT05-BK,0,,,ON,False
2026-07-10,,IM8,2,,31CC Reflector Turn,,,TNL 620,700,70,7.777777777777778,40,0,8,,,,,,0,0,0,0,0,0,0,0,0,0,0,1400,0,0,0,0,0,0,0,PBT05-BK,0,,,ON,False
2026-07-10,,IM9,3,,NX4OB RCO Stop Ref,,,902,,0,0,40,1.3780305555555554,6.621969444444445,,,35.69,ongoing,139,139,139,0,0,0,1.1207621182404035,1.1207621182404035,155.7859344354161,0,0,0,0,278,278,139,139,215.20792487953614,0,77.56200000000001,PBT02-DGY,0,,,ON,False
2026-07-10,,IM9,1,7:30AM,T90A RCL Reflector A,1066982,,MO5774,600,150,6.666666666666667,40,3.8335,4.1665,,Polished at 1045a,41.82,830a,330,323,323,7,7,0.021212121212121213,0.9564801530368244,0.9564801530368244,315.63845050215207,0.263553125,0.2467361111111111,0.2467361111111111,1200,660,646,0.55,0.5383333333333333,688.6360000000001,14.924000000000001,213.84,PC001-GY,0,,,ON,False
2026-07-10,,IM9,2,,T90A RCL Reflector A,,,MO5774,600,150,6.666666666666667,40,6.853833333333332,1.1461666666666677,,,41.82,,590,590,590,0,0,0,0.9564801530368244,0.9564801530368244,564.3232902917264,0.842450347222222,0.8057870370370368,0.8057870370370368,1200,1180,1180,0.9833333333333333,0.9833333333333333,1257.88,0,382.32,PC001-GY,0,,,ON,False
2026-07-11,,IM1,3,,SD,,,0,,0,0,0,0,0,,,,,,0,0,0,0,0,0,0,0,0,0,0,0,0,0,0,0,0,0,0,0,0,,,SD,False
2026-07-11,,IM1,1,,SD,,,0,,0,0,0,0,0,,,,,,0,0,0,0,0,0,0,0,0,0,0,0,0,0,0,0,0,0,0,0,0,,,SD,False
2026-07-11,,IM1,2,,SD,,,0,,0,0,0,0,0,,,,,,0,0,0,0,0,0,0,0,0,0,0,0,0,0,0,0,0,0,0,0,0,,,SD,False
2026-07-11,,IM10,3,,SD,,,0,,0,0,0,0,0,,,,,,0,0,0,0,0,0,0,0,0,0,0,0,0,0,0,0,0,0,0,0,0,,,SD,False
2026-07-11,,IM10,1,,SD,,,0,,0,0,0,0,0,,,,,,0,0,0,0,0,0,0,0,0,0,0,0,0,0,0,0,0,0,0,0,0,,,SD,False
2026-07-11,,IM10,2,,SD,,,0,,0,0,0,0,0,,,,,,0,0,0,0,0,0,0,0,0,0,0,0,0,0,0,0,0,0,0,0,0,,,SD,False
2026-07-11,,IM11,3,,SD,,,0,,0,0,0,0,0,,,,,,0,0,0,0,0,0,0,0,0,0,0,0,0,0,0,0,0,0,0,0,0,,,SD,False
2026-07-11,,IM11,1,,SD,,,0,,0,0,0,0,0,,,,,,0,0,0,0,0,0,0,0,0,0,0,0,0,0,0,0,0,0,0,0,0,,,SD,False
2026-07-11,,IM11,2,,SD,,,0,,0,0,0,0,0,,,,,,0,0,0,0,0,0,0,0,0,0,0,0,0,0,0,0,0,0,0,0,0,,,SD,False
2026-07-11,,IM12,3,,SD,,,0,,0,0,0,0,0,,,,,,0,0,0,0,0,0,0,0,0,0,0,0,0,0,0,0,0,0,0,0,0,,,SD,False
2026-07-11,,IM12,1,,SD,,,0,,0,0,0,0,0,,,,,,0,0,0,0,0,0,0,0,0,0,0,0,0,0,0,0,0,0,0,0,0,,,SD,False
2026-07-11,,IM12,2,,SD,,,0,,0,0,0,0,0,,,,,,0,0,0,0,0,0,0,0,0,0,0,0,0,0,0,0,0,0,0,0,0,,,SD,False
2026-07-11,,IM14,3,,SD,,,0,,0,0,0,0,0,,,,,,0,0,0,0,0,0,0,0,0,0,0,0,0,0,0,0,0,0,0,0,0,,,SD,False
2026-07-11,,IM14,1,,SD,,,0,,0,0,0,0,0,,,,,,0,0,0,0,0,0,0,0,0,0,0,0,0,0,0,0,0,0,0,0,0,,,SD,False
2026-07-11,,IM14,2,,SD,,,0,,0,0,0,0,0,,,,,,0,0,0,0,0,0,0,0,0,0,0,0,0,0,0,0,0,0,0,0,0,,,SD,False
2026-07-11,,IM15,3,,SD,,,0,,0,0,0,0,0,,,,,,0,0,0,0,0,0,0,0,0,0,0,0,0,0,0,0,0,0,0,0,0,,,SD,False
2026-07-11,,IM15,1,,SD,,,0,,0,0,0,0,0,,,,,,0,0,0,0,0,0,0,0,0,0,0,0,0,0,0,0,0,0,0,0,0,,,SD,False
2026-07-11,,IM15,2,,SD,,,0,,0,0,0,0,0,,,,,,0,0,0,0,0,0,0,0,0,0,0,0,0,0,0,0,0,0,0,0,0,,,SD,False
2026-07-11,,IM16,3,,SD,,,0,,0,0,0,0,0,,,,,,0,0,0,0,0,0,0,0,0,0,0,0,0,0,0,0,0,0,0,0,0,,,SD,False
2026-07-11,,IM16,1,,SD,,,0,,0,0,0,0,0,,,,,,0,0,0,0,0,0,0,0,0,0,0,0,0,0,0,0,0,0,0,0,0,,,SD,False
2026-07-11,,IM16,2,,SD,,,0,,0,0,0,0,0,,,,,,0,0,0,0,0,0,0,0,0,0,0,0,0,0,0,0,0,0,0,0,0,,,SD,False
2026-07-11,,IM17,3,,SD,,,0,,0,0,0,0,0,,,,,,0,0,0,0,0,0,0,0,0,0,0,0,0,0,0,0,0,0,0,0,0,,,SD,False
2026-07-11,,IM17,1,,SD,,,0,,0,0,0,0,0,,,,,,0,0,0,0,0,0,0,0,0,0,0,0,0,0,0,0,0,0,0,0,0,,,SD,False
2026-07-11,,IM17,2,,SD,,,0,,0,0,0,0,0,,,,,,0,0,0,0,0,0,0,0,0,0,0,0,0,0,0,0,0,0,0,0,0,,,SD,False
2026-07-11,,IM18,3,,SD,,,0,,0,0,0,0,0,,,,,,0,0,0,0,0,0,0,0,0,0,0,0,0,0,0,0,0,0,0,0,0,,,SD,False
2026-07-11,,IM18,1,,SD,,,0,,0,0,0,0,0,,,,,,0,0,0,0,0,0,0,0,0,0,0,0,0,0,0,0,0,0,0,0,0,,,SD,False
2026-07-11,,IM18,2,,SD,,,0,,0,0,0,0,0,,,,,,0,0,0,0,0,0,0,0,0,0,0,0,0,0,0,0,0,0,0,0,0,,,SD,False
2026-07-11,,IM19,3,,SD,,,0,,0,0,0,0,0,,,,,,0,0,0,0,0,0,0,0,0,0,0,0,0,0,0,0,0,0,0,0,0,,,SD,False
2026-07-11,,IM19,1,,SD,,,0,,0,0,0,0,0,,,,,,0,0,0,0,0,0,0,0,0,0,0,0,0,0,0,0,0,0,0,0,0,,,SD,False
2026-07-11,,IM19,2,,SD,,,0,,0,0,0,0,0,,,,,,0,0,0,0,0,0,0,0,0,0,0,0,0,0,0,0,0,0,0,0,0,,,SD,False
2026-07-11,,IM2,3,,SD,,,0,,0,0,0,0,0,,,,,,0,0,0,0,0,0,0,0,0,0,0,0,0,0,0,0,0,0,0,0,0,,,SD,False
2026-07-11,,IM2,1,,SD,,,0,,0,0,0,0,0,,,,,,0,0,0,0,0,0,0,0,0,0,0,0,0,0,0,0,0,0,0,0,0,,,SD,False
2026-07-11,,IM2,2,,SD,,,0,,0,0,0,0,0,,,,,,0,0,0,0,0,0,0,0,0,0,0,0,0,0,0,0,0,0,0,0,0,,,SD,False
2026-07-11,,IM3,3,,SD,,,0,,0,0,0,0,0,,,,,,0,0,0,0,0,0,0,0,0,0,0,0,0,0,0,0,0,0,0,0,0,,,SD,False
2026-07-11,,IM3,1,,SD,,,0,,0,0,0,0,0,,,,,,0,0,0,0,0,0,0,0,0,0,0,0,0,0,0,0,0,0,0,0,0,,,SD,False
2026-07-11,,IM3,2,,SD,,,0,,0,0,0,0,0,,,,,,0,0,0,0,0,0,0,0,0,0,0,0,0,0,0,0,0,0,0,0,0,,,SD,False
2026-07-11,,IM4,3,,SD,,,0,,0,0,0,0,0,,,,,,0,0,0,0,0,0,0,0,0,0,0,0,0,0,0,0,0,0,0,0,0,,,SD,False
2026-07-11,,IM4,1,,SD,,,0,,0,0,0,0,0,,,,,,0,0,0,0,0,0,0,0,0,0,0,0,0,0,0,0,0,0,0,0,0,,,SD,False
2026-07-11,,IM4,2,,SD,,,0,,0,0,0,0,0,,,,,,0,0,0,0,0,0,0,0,0,0,0,0,0,0,0,0,0,0,0,0,0,,,SD,False
2026-07-11,,IM5,3,,SD,,,0,,0,0,0,0,0,,,,,,0,0,0,0,0,0,0,0,0,0,0,0,0,0,0,0,0,0,0,0,0,,,SD,False
2026-07-11,,IM5,1,,SD,,,0,,0,0,0,0,0,,,,,,0,0,0,0,0,0,0,0,0,0,0,0,0,0,0,0,0,0,0,0,0,,,SD,False
2026-07-11,,IM5,2,,SD,,,0,,0,0,0,0,0,,,,,,0,0,0,0,0,0,0,0,0,0,0,0,0,0,0,0,0,0,0,0,0,,,SD,False
2026-07-11,,IM6,3,,SD,,,0,,0,0,0,0,0,,,,,,0,0,0,0,0,0,0,0,0,0,0,0,0,0,0,0,0,0,0,0,0,,,SD,False
2026-07-11,,IM6,1,,SD,,,0,,0,0,0,0,0,,,,,,0,0,0,0,0,0,0,0,0,0,0,0,0,0,0,0,0,0,0,0,0,,,SD,False
2026-07-11,,IM6,2,,SD,,,0,,0,0,0,0,0,,,,,,0,0,0,0,0,0,0,0,0,0,0,0,0,0,0,0,0,0,0,0,0,,,SD,False
2026-07-11,,IM7,3,,SD,,,0,,0,0,0,0,0,,,,,,0,0,0,0,0,0,0,0,0,0,0,0,0,0,0,0,0,0,0,0,0,,,SD,False
2026-07-11,,IM7,1,,SD,,,0,,0,0,0,0,0,,,,,,0,0,0,0,0,0,0,0,0,0,0,0,0,0,0,0,0,0,0,0,0,,,SD,False
2026-07-11,,IM7,2,,SD,,,0,,0,0,0,0,0,,,,,,0,0,0,0,0,0,0,0,0,0,0,0,0,0,0,0,0,0,0,0,0,,,SD,False
2026-07-11,,IM8,3,,SD,,,0,,0,0,0,0,0,,,,,,0,0,0,0,0,0,0,0,0,0,0,0,0,0,0,0,0,0,0,0,0,,,SD,False
2026-07-11,,IM8,1,,SD,,,0,,0,0,0,0,0,,,,,,0,0,0,0,0,0,0,0,0,0,0,0,0,0,0,0,0,0,0,0,0,,,SD,False
2026-07-11,,IM8,2,,SD,,,0,,0,0,0,0,0,,,,,,0,0,0,0,0,0,0,0,0,0,0,0,0,0,0,0,0,0,0,0,0,,,SD,False
2026-07-11,,IM9,3,,SD,,,0,,0,0,0,0,0,,,,,,0,0,0,0,0,0,0,0,0,0,0,0,0,0,0,0,0,0,0,0,0,,,SD,False
2026-07-11,,IM9,1,,SD,,,0,,0,0,0,0,0,,,,,,0,0,0,0,0,0,0,0,0,0,0,0,0,0,0,0,0,0,0,0,0,,,SD,False
2026-07-11,,IM9,2,,SD,,,0,,0,0,0,0,0,,,,,,0,0,0,0,0,0,0,0,0,0,0,0,0,0,0,0,0,0,0,0,0,,,SD,False
2026-07-12,,IM1,3,,SD,,,0,,0,0,0,0,0,,,,,,0,0,0,0,0,0,0,0,0,0,0,0,0,0,0,0,0,0,0,0,0,,,SD,False
2026-07-12,,IM1,1,,SD,,,0,,0,0,0,0,0,,,,,,0,0,0,0,0,0,0,0,0,0,0,0,0,0,0,0,0,0,0,0,0,,,SD,False
2026-07-12,,IM1,2,,SD,,,0,,0,0,0,0,0,,,,,,0,0,0,0,0,0,0,0,0,0,0,0,0,0,0,0,0,0,0,0,0,,,SD,False
2026-07-12,,IM10,3,,SD,,,0,,0,0,0,0,0,,,,,,0,0,0,0,0,0,0,0,0,0,0,0,0,0,0,0,0,0,0,0,0,,,SD,False
2026-07-12,,IM10,1,,SD,,,0,,0,0,0,0,0,,,,,,0,0,0,0,0,0,0,0,0,0,0,0,0,0,0,0,0,0,0,0,0,,,SD,False
2026-07-12,,IM10,2,,SD,,,0,,0,0,0,0,0,,,,,,0,0,0,0,0,0,0,0,0,0,0,0,0,0,0,0,0,0,0,0,0,,,SD,False
2026-07-12,,IM11,3,,SD,,,0,,0,0,0,0,0,,,,,,0,0,0,0,0,0,0,0,0,0,0,0,0,0,0,0,0,0,0,0,0,,,SD,False
2026-07-12,,IM11,1,,SD,,,0,,0,0,0,0,0,,,,,,0,0,0,0,0,0,0,0,0,0,0,0,0,0,0,0,0,0,0,0,0,,,SD,False
2026-07-12,,IM11,2,,SD,,,0,,0,0,0,0,0,,,,,,0,0,0,0,0,0,0,0,0,0,0,0,0,0,0,0,0,0,0,0,0,,,SD,False
2026-07-12,,IM12,3,,SD,,,0,,0,0,0,0,0,,,,,,0,0,0,0,0,0,0,0,0,0,0,0,0,0,0,0,0,0,0,0,0,,,SD,False
2026-07-12,,IM12,1,,SD,,,0,,0,0,0,0,0,,,,,,0,0,0,0,0,0,0,0,0,0,0,0,0,0,0,0,0,0,0,0,0,,,SD,False
2026-07-12,,IM12,2,,SD,,,0,,0,0,0,0,0,,,,,,0,0,0,0,0,0,0,0,0,0,0,0,0,0,0,0,0,0,0,0,0,,,SD,False
2026-07-12,,IM14,3,,SD,,,0,,0,0,0,0,0,,,,,,0,0,0,0,0,0,0,0,0,0,0,0,0,0,0,0,0,0,0,0,0,,,SD,False
2026-07-12,,IM14,1,,SD,,,0,,0,0,0,0,0,,,,,,0,0,0,0,0,0,0,0,0,0,0,0,0,0,0,0,0,0,0,0,0,,,SD,False
2026-07-12,,IM14,2,,SD,,,0,,0,0,0,0,0,,,,,,0,0,0,0,0,0,0,0,0,0,0,0,0,0,0,0,0,0,0,0,0,,,SD,False
2026-07-12,,IM15,3,,SD,,,0,,0,0,0,0,0,,,,,,0,0,0,0,0,0,0,0,0,0,0,0,0,0,0,0,0,0,0,0,0,,,SD,False
2026-07-12,,IM15,1,,SD,,,0,,0,0,0,0,0,,,,,,0,0,0,0,0,0,0,0,0,0,0,0,0,0,0,0,0,0,0,0,0,,,SD,False
2026-07-12,,IM15,2,,SD,,,0,,0,0,0,0,0,,,,,,0,0,0,0,0,0,0,0,0,0,0,0,0,0,0,0,0,0,0,0,0,,,SD,False
2026-07-12,,IM16,3,,SD,,,0,,0,0,0,0,0,,,,,,0,0,0,0,0,0,0,0,0,0,0,0,0,0,0,0,0,0,0,0,0,,,SD,False
2026-07-12,,IM16,1,,SD,,,0,,0,0,0,0,0,,,,,,0,0,0,0,0,0,0,0,0,0,0,0,0,0,0,0,0,0,0,0,0,,,SD,False
2026-07-12,,IM16,2,,SD,,,0,,0,0,0,0,0,,,,,,0,0,0,0,0,0,0,0,0,0,0,0,0,0,0,0,0,0,0,0,0,,,SD,False
2026-07-12,,IM17,3,,SD,,,0,,0,0,0,0,0,,,,,,0,0,0,0,0,0,0,0,0,0,0,0,0,0,0,0,0,0,0,0,0,,,SD,False
2026-07-12,,IM17,1,,SD,,,0,,0,0,0,0,0,,,,,,0,0,0,0,0,0,0,0,0,0,0,0,0,0,0,0,0,0,0,0,0,,,SD,False
2026-07-12,,IM17,2,,SD,,,0,,0,0,0,0,0,,,,,,0,0,0,0,0,0,0,0,0,0,0,0,0,0,0,0,0,0,0,0,0,,,SD,False
2026-07-12,,IM18,3,,SD,,,0,,0,0,0,0,0,,,,,,0,0,0,0,0,0,0,0,0,0,0,0,0,0,0,0,0,0,0,0,0,,,SD,False
2026-07-12,,IM18,1,,SD,,,0,,0,0,0,0,0,,,,,,0,0,0,0,0,0,0,0,0,0,0,0,0,0,0,0,0,0,0,0,0,,,SD,False
2026-07-12,,IM18,2,,SD,,,0,,0,0,0,0,0,,,,,,0,0,0,0,0,0,0,0,0,0,0,0,0,0,0,0,0,0,0,0,0,,,SD,False
2026-07-12,,IM19,3,,SD,,,0,,0,0,0,0,0,,,,,,0,0,0,0,0,0,0,0,0,0,0,0,0,0,0,0,0,0,0,0,0,,,SD,False
2026-07-12,,IM19,1,,SD,,,0,,0,0,0,0,0,,,,,,0,0,0,0,0,0,0,0,0,0,0,0,0,0,0,0,0,0,0,0,0,,,SD,False
2026-07-12,,IM19,2,,SD,,,0,,0,0,0,0,0,,,,,,0,0,0,0,0,0,0,0,0,0,0,0,0,0,0,0,0,0,0,0,0,,,SD,False
2026-07-12,,IM2,3,,SD,,,0,,0,0,0,0,0,,,,,,0,0,0,0,0,0,0,0,0,0,0,0,0,0,0,0,0,0,0,0,0,,,SD,False
2026-07-12,,IM2,1,,SD,,,0,,0,0,0,0,0,,,,,,0,0,0,0,0,0,0,0,0,0,0,0,0,0,0,0,0,0,0,0,0,,,SD,False
2026-07-12,,IM2,2,,SD,,,0,,0,0,0,0,0,,,,,,0,0,0,0,0,0,0,0,0,0,0,0,0,0,0,0,0,0,0,0,0,,,SD,False
2026-07-12,,IM3,3,,SD,,,0,,0,0,0,0,0,,,,,,0,0,0,0,0,0,0,0,0,0,0,0,0,0,0,0,0,0,0,0,0,,,SD,False
2026-07-12,,IM3,1,,SD,,,0,,0,0,0,0,0,,,,,,0,0,0,0,0,0,0,0,0,0,0,0,0,0,0,0,0,0,0,0,0,,,SD,False
2026-07-12,,IM3,2,,SD,,,0,,0,0,0,0,0,,,,,,0,0,0,0,0,0,0,0,0,0,0,0,0,0,0,0,0,0,0,0,0,,,SD,False
2026-07-12,,IM4,3,,SD,,,0,,0,0,0,0,0,,,,,,0,0,0,0,0,0,0,0,0,0,0,0,0,0,0,0,0,0,0,0,0,,,SD,False
2026-07-12,,IM4,1,,SD,,,0,,0,0,0,0,0,,,,,,0,0,0,0,0,0,0,0,0,0,0,0,0,0,0,0,0,0,0,0,0,,,SD,False
2026-07-12,,IM4,2,,SD,,,0,,0,0,0,0,0,,,,,,0,0,0,0,0,0,0,0,0,0,0,0,0,0,0,0,0,0,0,0,0,,,SD,False
2026-07-12,,IM5,3,,SD,,,0,,0,0,0,0,0,,,,,,0,0,0,0,0,0,0,0,0,0,0,0,0,0,0,0,0,0,0,0,0,,,SD,False
2026-07-12,,IM5,1,,SD,,,0,,0,0,0,0,0,,,,,,0,0,0,0,0,0,0,0,0,0,0,0,0,0,0,0,0,0,0,0,0,,,SD,False
2026-07-12,,IM5,2,,SD,,,0,,0,0,0,0,0,,,,,,0,0,0,0,0,0,0,0,0,0,0,0,0,0,0,0,0,0,0,0,0,,,SD,False
2026-07-12,,IM6,3,,SD,,,0,,0,0,0,0,0,,,,,,0,0,0,0,0,0,0,0,0,0,0,0,0,0,0,0,0,0,0,0,0,,,SD,False
2026-07-12,,IM6,1,,SD,,,0,,0,0,0,0,0,,,,,,0,0,0,0,0,0,0,0,0,0,0,0,0,0,0,0,0,0,0,0,0,,,SD,False
2026-07-12,,IM6,2,,SD,,,0,,0,0,0,0,0,,,,,,0,0,0,0,0,0,0,0,0,0,0,0,0,0,0,0,0,0,0,0,0,,,SD,False
2026-07-12,,IM7,3,,SD,,,0,,0,0,0,0,0,,,,,,0,0,0,0,0,0,0,0,0,0,0,0,0,0,0,0,0,0,0,0,0,,,SD,False
2026-07-12,,IM7,1,,SD,,,0,,0,0,0,0,0,,,,,,0,0,0,0,0,0,0,0,0,0,0,0,0,0,0,0,0,0,0,0,0,,,SD,False
2026-07-12,,IM7,2,,SD,,,0,,0,0,0,0,0,,,,,,0,0,0,0,0,0,0,0,0,0,0,0,0,0,0,0,0,0,0,0,0,,,SD,False
2026-07-12,,IM8,3,,SD,,,0,,0,0,0,0,0,,,,,,0,0,0,0,0,0,0,0,0,0,0,0,0,0,0,0,0,0,0,0,0,,,SD,False
2026-07-12,,IM8,1,,SD,,,0,,0,0,0,0,0,,,,,,0,0,0,0,0,0,0,0,0,0,0,0,0,0,0,0,0,0,0,0,0,,,SD,False
2026-07-12,,IM8,2,,SD,,,0,,0,0,0,0,0,,,,,,0,0,0,0,0,0,0,0,0,0,0,0,0,0,0,0,0,0,0,0,0,,,SD,False
2026-07-12,,IM9,3,,SD,,,0,,0,0,0,0,0,,,,,,0,0,0,0,0,0,0,0,0,0,0,0,0,0,0,0,0,0,0,0,0,,,SD,False
2026-07-12,,IM9,1,,SD,,,0,,0,0,0,0,0,,,,,,0,0,0,0,0,0,0,0,0,0,0,0,0,0,0,0,0,0,0,0,0,,,SD,False
2026-07-12,,IM9,2,,SD,,,0,,0,0,0,0,0,,,,,,0,0,0,0,0,0,0,0,0,0,0,0,0,0,0,0,0,0,0,0,0,,,SD,False
2026-07-13,,IM1,3,11:00PM,NQ5A Flange Brkt,1073847,,1021,700,0,7.968333333333332,40.98,5.902777777777778,2.0972222222222223,,,34,11p,625,621,621,4,4,0.0064,1.2052941176470586,1.2052941176470586,753.3088235294116,0.6587921626984127,0.7889564732142856,0.7889564732142856,1400,1250,1242,0.8928571428571429,0.8871428571428572,0,0,85.98031250000001,PP022-BK,0,,,ON,False
2026-07-13,,IM1,1,,NQ5A Flange Brkt,,,1021,700,0,7.968333333333332,40.98,8.131666666666668,-0.1316666666666677,,,34,,861,861,861,0,0,0,1.2052941176470586,1.2052941176470586,1037.7582352941174,1.25024375,1.5069114375,1.5069114375,1400,1722,1722,1.23,1.23,0,0,118.44647850000001,PP022-BK,0,,,ON,False
2026-07-13,,IM1,2,,NQ5A Flange Brkt,,,1021,700,0,7.968333333333332,40.98,6.2427777777777775,1.7572222222222225,,,34,,661,661,661,0,0,0,1.2052941176470586,1.2052941176470586,796.6994117647057,0.7368707341269841,0.8881459613095236,0.8881459613095236,1400,1322,1322,0.9442857142857143,0.9442857142857143,0,0,90.93277850000001,PP022-BK,0,,,ON,False
2026-07-13,,IM10,3,,SD,,,0,,0,0,0,0,0,,,,,,0,0,0,0,0,0,0,0,0,0,0,0,0,0,0,0,0,0,0,0,0,,,SD,False
2026-07-13,,IM10,1,,SD,,,0,,0,0,0,0,0,,,,,,0,0,0,0,0,0,0,0,0,0,0,0,0,0,0,0,0,0,0,0,0,,,SD,False
2026-07-13,,IM10,2,,SD,,,0,,0,0,0,0,0,,,,,,0,0,0,0,0,0,0,0,0,0,0,0,0,0,0,0,0,0,0,0,0,,,SD,False
2026-07-13,,IM11,3,,SD,,,0,,0,0,0,0,0,,,,,,0,0,0,0,0,0,0,0,0,0,0,0,0,0,0,0,0,0,0,0,0,,,SD,False
2026-07-13,,IM11,1,,SD,,,0,,0,0,0,0,0,,,,,,0,0,0,0,0,0,0,0,0,0,0,0,0,0,0,0,0,0,0,0,0,,,SD,False
2026-07-13,,IM11,2,,SD,,,0,,0,0,0,0,0,,,,,,0,0,0,0,0,0,0,0,0,0,0,0,0,0,0,0,0,0,0,0,0,,,SD,False
2026-07-13,,IM12,3,11:20PM,J34A BG BRACKET A,1085979,,5764,700,0,6.708333333333333,34.5,0,8,,No tooling here Hot Runners left on over the weekend cant get it to shoot.,,,,0,0,0,0,0,0,0,0,0,0,0,1400,0,0,0,0,0,0,0,PAM01-BK,0,,,ON,False
2026-07-13,,IM12,1,,J34A BG BRACKET A,,,5764,,0,0,34.5,8.127,-0.12700000000000067,,,32.4,530a,903,887,887,16,16,0.017718715393133997,1.0648148148148149,1.0648148148148149,961.5277777777778,0,0,0,0,1806,1774,903,887,0,0,405.8985,PAM01-BK,0,,,ON,False
2026-07-13,,IM12,2,,J34A BG BRACKET A,,,5764,,0,0,34.5,7.452,0.548,,,32.4,,828,828,828,0,0,0,1.0648148148148149,1.0648148148148149,881.6666666666667,0,0,0,0,1656,1656,828,828,0,0,372.18600000000004,PAM01-BK,0,,,ON,False
2026-07-13,,IM14,3,11:30PM,T90A CHL EXTENSION B,1071242,,MO6519,700,46.666666666666664,6.611111111111111,34,5.590277777777778,2.4097222222222223,,,35,1130a,575,570,570,5,5,0.008695652173913044,0.9714285714285714,0.9714285714285714,558.5714285714286,0.574001736111111,0.5527529761904761,0.5527529761904761,1400,1150,1140,0.8214285714285714,0.8142857142857143,494.76,4.34,170.2,PC003-BK,0,,,ON,False
2026-07-13,,IM14,1,,T90A CHL EXTENSION B,,,MO6519,800,53.333333333333336,7.555555555555555,34,7.064444444444445,0.9355555555555553,,,34,ongoing,748,748,748,0,0,0,1,1,748,0.8256569444444445,0.8256569444444445,0.8256569444444445,1600,1496,1496,0.935,0.935,649.264,0,221.408,PC003-BK,0,,,ON,False
2026-07-13,,IM14,2,,T90A CHL EXTENSION B,,,MO6519,800,53.333333333333336,7.555555555555555,34,0,8,,No pack.,,,,0,0,0,0,0,0,0,0,0,0,0,1600,0,0,0,0,0,0,0,PC003-BK,0,,,ON,False
2026-07-13,,IM15,3,,SD,,,0,,0,0,0,0,0,,,,,,0,0,0,0,0,0,0,0,0,0,0,0,0,0,0,0,0,0,0,0,0,,,SD,False
2026-07-13,,IM15,1,,SD,,,0,,0,0,0,0,0,,,,,,0,0,0,0,0,0,0,0,0,0,0,0,0,0,0,0,0,0,0,0,0,,,SD,False
2026-07-13,,IM15,2,,SD,,,0,,0,0,0,0,0,,,,,,0,0,0,0,0,0,0,0,0,0,0,0,0,0,0,0,0,0,0,0,0,,,SD,False
2026-07-13,,IM16,3,,SD,,,0,,0,0,0,0,0,,,,,,0,0,0,0,0,0,0,0,0,0,0,0,0,0,0,0,0,0,0,0,0,,,SD,False
2026-07-13,,IM16,1,,GM PIN,,,2717,,0,0,35,2.6077333333333335,5.392266666666666,,,26.67,11a,352,2796,0,20,20,0.014104372355430184,1.3123359580052492,1.3123359580052492,461.9422572178477,0,0,0,0,2836,2796,352,347.03526093088857,279.6,4,50.877840000000006,PP024-BK,0,,,ON,False
2026-07-13,,IM16,2,,GM PIN,,,2717,,0,0,35,11.482916666666666,-3.482916666666666,,,26.67,,1550,12400,0,0,0,0,1.3123359580052492,1.3123359580052492,2034.1207349081362,0,0,0,0,12400,12400,1550,1550,1240,0,222.45600000000002,PP024-BK,0,,,ON,False
2026-07-13,,IM17,3,,SD,,,0,,0,0,0,0,0,,,,,,0,0,0,0,0,0,0,0,0,0,0,0,0,0,0,0,0,0,0,0,0,,,SD,False
2026-07-13,,IM17,1,,SD,,,0,,0,0,0,0,0,,,,,,0,0,0,0,0,0,0,0,0,0,0,0,0,0,0,0,0,0,0,0,0,,,SD,False
2026-07-13,,IM17,2,,SD,,,0,,0,0,0,0,0,,,,,,0,0,0,0,0,0,0,0,0,0,0,0,0,0,0,0,0,0,0,0,0,,,SD,False
2026-07-13,,IM18,3,,SD,,,0,,0,0,0,0,0,,,,,,0,0,0,0,0,0,0,0,0,0,0,0,0,0,0,0,0,0,0,0,0,,,SD,False
2026-07-13,,IM18,1,,SD,,,0,,0,0,0,0,0,,,,,,0,0,0,0,0,0,0,0,0,0,0,0,0,0,0,0,0,0,0,0,0,,,SD,False
2026-07-13,,IM18,2,,SD,,,0,,0,0,0,0,0,,,,,,0,0,0,0,0,0,0,0,0,0,0,0,0,0,0,0,0,0,0,0,0,,,SD,False
2026-07-13,,IM19,3,11:40PM,T1XL FASCIA BRACKET 2,1085656,,729,550,0,6.569444444444445,43,5.300555555555556,2.6994444444444436,,,40.6,12a,470,465,465,5,5,0.010638297872340425,1.0591133004926108,1.0591133004926108,497.78325123152706,0.5661957070707071,0.5932859848484848,0.5932859848484848,1100,940,930,0.8545454545454545,0.8454545454545455,808.17,8.69,233.59,PP028-BK,0,,,ON,False
2026-07-13,,IM19,1,,T1XL FASCIA BRACKET 2,,,729,650,0,7.763888888888889,43,7.883166666666667,0.11683333333333312,,,40.6,,699,699,699,0,0,0,1.0591133004926108,1.0591133004926108,740.3201970443349,1.059679519230769,1.1223206730769228,1.1223206730769228,1300,1398,1398,1.0753846153846154,1.0753846153846154,1214.862,0,347.403,PP028-BK,0,,,ON,False
2026-07-13,,IM19,2,,T1XL FASCIA BRACKET 2,,,729,650,0,7.763888888888889,43,7.477166666666666,0.5228333333333337,,,40.6,,663,663,663,0,0,0,1.0591133004926108,1.0591133004926108,702.1921182266009,0.95333875,1.0096937499999998,1.0096937499999998,1300,1326,1326,1.02,1.02,1152.294,0,329.511,PP028-BK,0,,,ON,False
2026-07-13,,IM2,3,11:10PM,THRA/TGSX Outer Lens Mold Only,1089148,,NEEDED,600,0,7.5,45,5.598402777777778,2.4015972222222217,,,42.43,1130p,475,946,0,4,4,0.008385744234800839,1.0605703511666273,1.0605703511666273,503.770916804148,0.5540086082175927,0.5826379334818309,0.5826379334818309,1200,954,946,0.7916666666666666,0.7850279524807826,0,0,152.64000000000001,PMMA03-RED,0,,,ON,False
2026-07-13,,IM2,1,,THRA/TGSX Outer Lens Mold Only,,,NEEDED,600,0,7.5,45,9.134236111111111,-1.134236111111111,,,42.43,,775,1550,0,0,0,0,1.0605703511666273,1.0605703511666273,821.9420221541362,1.4747985387731481,1.5641276041666665,1.5641276041666665,1200,1550,1550,1.2916666666666667,1.2916666666666667,0,0,248,PMMA03-RED,0,,,ON,False
2026-07-13,,IM2,2,4:00PM,T90A CHL BRACKET G,1089954,,MO8384,700,35,6.465277777777778,33.25,4.4275,3.5725,,Press up and down no one ringing the bell.,33,315p,483,473,473,10,10,0.020703933747412008,1.0075757575757576,1.0075757575757576,486.6590909090909,0.381871875,0.3767986979166667,0.3767986979166667,1400,966,946,0.69,0.6757142857142857,531.652,11.240000000000002,122.682,ABS06-BK,0,,,ON,False
2026-07-13,,IM3,3,12:00AM,T90A RCL REFLECTOR C,1090355,,MO5776,700,66.66666666666667,6.416666666666667,33,5.116666666666666,2.8833333333333337,,,30.7,12a,600,592,592,8,8,0.013333333333333334,1.0749185667752443,1.0749185667752443,644.9511400651465,0.5482142857142857,0.5814285714285713,0.5814285714285713,1400,1200,1184,0.8571428571428571,0.8457142857142856,658.3040000000001,8.896,205.20000000000002,PC014-WT,0,,,ON,False
2026-07-13,,IM3,1,,T90A RCL REFLECTOR C,,,MO5776,800,76.19047619047619,7.333333333333333,33,8.290616666666667,-0.29061666666666675,,,30.27,,986,986,986,0,0,0,1.0901883052527255,1.0901883052527255,1074.9256689791873,1.2772731302083333,1.3924682291666666,1.3924682291666666,1600,1972,1972,1.2325,1.2325,1096.432,0,337.21200000000005,PC014-WT,0,,,ON,False
2026-07-13,,IM3,2,,T90A RCL REFLECTOR C,,,MO5776,800,76.19047619047619,7.333333333333333,33,0,8,,No pack.,,,,0,0,0,0,0,0,0,0,0,0,0,1600,0,0,0,0,0,0,0,PC014-WT,0,,,ON,False
2026-07-13,,IM4,3,,SD,,,0,,0,0,0,0,0,,,,,,0,0,0,0,0,0,0,0,0,0,0,0,0,0,0,0,0,0,0,0,0,,,SD,False
2026-07-13,,IM4,1,7:00AM,T90A RCL RIM (COVER A),1085095,,MO5773,650,86.66666666666667,7.583333333333333,42,5.14925,2.8507499999999997,,,38.7,830a,479,476,476,3,3,0.006263048016701462,1.0852713178294573,1.0852713178294573,519.84496124031,0.4743251442307692,0.5115474358974359,0.5115474358974359,1300,958,952,0.7369230769230769,0.7323076923076923,619.7520000000001,3.906,209.802,PP025-BK,0,,,ON,False
2026-07-13,,IM4,2,,T90A RCL RIM (COVER A),,,MO5773,650,86.66666666666667,7.583333333333333,42,4.515000000000001,3.4849999999999994,,Waiting for pack to be brought up.,38.7,,420,419,419,1,1,0.002380952380952381,1.0852713178294573,1.0852713178294573,455.8139534883721,0.36467307692307693,0.3948269230769231,0.3948269230769231,1300,840,838,0.6461538461538462,0.6446153846153847,545.538,1.302,183.96,PP025-BK,0,,,ON,False
2026-07-13,,IM5,3,,SD,,,0,,0,0,0,0,0,,,,,,0,0,0,0,0,0,0,0,0,0,0,0,0,0,0,0,0,0,0,0,0,,,SD,False
2026-07-13,,IM5,1,,SD,,,0,,0,0,0,0,0,,,,,,0,0,0,0,0,0,0,0,0,0,0,0,0,0,0,0,0,0,0,0,0,,,SD,False
2026-07-13,,IM5,2,,SD,,,0,,0,0,0,0,0,,,,,,0,0,0,0,0,0,0,0,0,0,0,0,0,0,0,0,0,0,0,0,0,,,SD,False
2026-07-13,,IM6,3,,SD,,,0,,0,0,0,0,0,,,,,,0,0,0,0,0,0,0,0,0,0,0,0,0,0,0,0,0,0,0,0,0,,,SD,False
2026-07-13,,IM6,1,,SD,,,0,,0,0,0,0,0,,,,,,0,0,0,0,0,0,0,0,0,0,0,0,0,0,0,0,0,0,0,0,0,,,SD,False
2026-07-13,,IM6,2,,SD,,,0,,0,0,0,0,0,,,,,,0,0,0,0,0,0,0,0,0,0,0,0,0,0,0,0,0,0,0,0,0,,,SD,False
2026-07-13,,IM7,3,,SD,,,0,,0,0,0,0,0,,,,,,0,0,0,0,0,0,0,0,0,0,0,0,0,0,0,0,0,0,0,0,0,,,SD,False
2026-07-13,,IM7,1,,SD,,,0,,0,0,0,0,0,,,,,,0,0,0,0,0,0,0,0,0,0,0,0,0,0,0,0,0,0,0,0,0,,,SD,False
2026-07-13,,IM7,2,,SD,,,0,,0,0,0,0,0,,,,,,0,0,0,0,0,0,0,0,0,0,0,0,0,0,0,0,0,0,0,0,0,,,SD,False
2026-07-13,,IM8,3,,SD,,,0,,0,0,0,0,0,,,,,,0,0,0,0,0,0,0,0,0,0,0,0,0,0,0,0,0,0,0,0,0,,,SD,False
2026-07-13,,IM8,1,7:10AM,31CC Reflector Turn,1088798,,TNL 620,600,60,6.666666666666667,40,7.1211111111111105,0.8788888888888895,,,34,730a,754,749,749,5,5,0.006631299734748011,1.1764705882352942,1.1764705882352942,887.0588235294118,1.1186078703703703,1.3072824074074076,1.3072824074074076,1200,1508,1498,1.2566666666666666,1.2483333333333333,1217.874,8.129999999999999,221.676,PBT05-BK,0,,,ON,False
2026-07-13,,IM8,2,,31CC Reflector Turn,,,TNL 620,700,70,7.777777777777778,40,7.99,0.009999999999999787,,,34,,846,846,846,0,0,0,1.1764705882352942,1.1764705882352942,995.2941176470589,1.2070607142857144,1.4200714285714287,1.4200714285714287,1400,1692,1692,1.2085714285714286,1.2085714285714286,1375.596,0,248.724,PBT05-BK,0,,,ON,False
2026-07-13,,IM9,3,,SD,,,0,,0,0,0,0,0,,,,,,0,0,0,0,0,0,0,0,0,0,0,0,0,0,0,0,0,0,0,0,0,,,SD,False
2026-07-13,,IM9,1,7:20AM,T90A RCL Reflector A,1066982,,MO5774,600,150,6.666666666666667,40,6.265986111111112,1.7340138888888879,,,41.39,715a,545,538,538,7,7,0.012844036697247707,0.9664170089393573,0.9664170089393573,526.6972698719497,0.7114505063657409,0.678726851851852,0.678726851851852,1200,1090,1076,0.9083333333333333,0.8966666666666667,1147.016,14.924000000000001,353.16,PC001-GY,0,,,ON,False
2026-07-13,,IM9,2,,T90A RCL Reflector A,,,MO5774,700,175,7.777777777777778,40,7.645652777777778,0.3543472222222217,,,41.39,,665,665,665,0,0,0,0.9664170089393573,0.9664170089393573,642.6673109446726,0.9079212673611112,0.8774305555555557,0.8774305555555557,1400,1330,1330,0.95,0.95,1417.78,0,430.92,PC001-GY,0,,,ON,False
2026-07-14,,IM1,3,,SD,,,0,,0,0,0,0,0,,,,,,0,0,0,0,0,0,0,0,0,0,0,0,0,0,0,0,0,0,0,0,0,,,SD,False
2026-07-14,,IM1,1,,SD,,,0,,0,0,0,0,0,,,,,,0,0,0,0,0,0,0,0,0,0,0,0,0,0,0,0,0,0,0,0,0,,,SD,False
2026-07-14,,IM1,2,,SD,,,0,,0,0,0,0,0,,,,,,0,0,0,0,0,0,0,0,0,0,0,0,0,0,0,0,0,0,0,0,0,,,SD,False
2026-07-14,,IM10,3,11:30PM,L42L-M RCL REF B,1095855,,M03837,200,50,2,36,2.292666666666667,5.707333333333333,,,34.39,1215a,240,235,235,5,5,0.020833333333333332,1.0468159348647863,1.0468159348647863,251.2358243675487,0.3439,0.3525,0.3525,400,480,470,1.2,1.1749999999999998,791.95,16.85,162.24,PC007-GY,0,,,ON,False
2026-07-14,,IM10,1,8:30AM,T90A BUL HSG,1095057,,MO5785,650,92.85714285714286,6.861111111111111,38,7.007916666666666,0.9920833333333343,,,36.3,6a,695,690,690,5,5,0.007194244604316547,1.0468319559228652,1.0468319559228652,727.5482093663912,0.9366350160256409,0.9734455128205128,0.9734455128205128,1300,1390,1380,1.0692307692307692,1.0615384615384615,1443.48,10.46,525.42,ASA01-BK,0,,,ON,False
2026-07-14,,IM10,2,,T90A BUL HSG,,,MO5785,700,100,7.388888888888889,38,4.3358333333333325,3.6641666666666675,,pause no pack.,36.3,ongoing,430,430,430,0,0,0,1.0468319559228652,1.0468319559228652,450.137741046832,0.3329300595238095,0.3485218253968254,0.3485218253968254,1400,860,860,0.6142857142857143,0.6142857142857143,899.5600000000001,0,325.08,ASA01-BK,0,,,ON,False
2026-07-14,,IM11,3,11:40PM,311 D Bezel Plug,1087511,,0,700,0,6.805555555555555,35,4.747222222222222,0,,,34.18,1230a,500,1990,1990,10,10,0.005,1.023990637799883,1.023990637799883,511.99531889994154,0.4238591269841269,0.43185763888888884,0.43185763888888884,5600,4000,3980,0.7142857142857143,0.7107142857142857,0,0,160,ABS07-BK,0,,,ON,False
2026-07-14,,IM11,1,,311 D Bezel Plug,,,0,800,0,7.777777777777778,35,7.994322222222221,0,,,34.18,ongoing,842,3368,3368,0,0,0,1.023990637799883,1.023990637799883,862.2001170275015,1.051753017361111,1.0769852430555555,1.0769852430555555,6400,6736,6736,1.0525,1.0525,0,0,269.44,ABS07-BK,0,,,ON,False
2026-07-14,,IM11,2,,311 D Bezel Plug,,,0,800,0,7.777777777777778,35,8.3741,0,,,34.18,,882,3528,3528,0,0,0,1.023990637799883,1.023990637799883,903.1597425394968,1.1540556562500002,1.1817421875000003,1.1817421875000003,6400,7056,7056,1.1025,1.1025,0,0,282.24,ABS07-BK,0,,,ON,False
2026-07-14,,IM12,3,,SD,,,0,,0,0,0,0,0,,,,,,0,0,0,0,0,0,0,0,0,0,0,0,0,0,0,0,0,0,0,0,0,,,SD,False
2026-07-14,,IM12,1,,SD,,,0,,0,0,0,0,0,,,,,,0,0,0,0,0,0,0,0,0,0,0,0,0,0,0,0,0,0,0,0,0,,,SD,False
2026-07-14,,IM12,2,,SD,,,0,,0,0,0,0,0,,,,,,0,0,0,0,0,0,0,0,0,0,0,0,0,0,0,0,0,0,0,0,0,,,SD,False
2026-07-14,,IM14,3,12:30AM,L42P(2) HL  Inner Lens B,1095929,,7698,450,0,6,48,5.2926666666666655,2.7073333333333345,,,37.36,1130p,510,505,505,5,5,0.00980392156862745,1.284796573875803,1.284796573875803,655.2462526766595,0.7497944444444442,0.9538888888888886,0.9538888888888886,900,1020,1010,1.1333333333333333,1.1222222222222222,0,0,222.28503,PC030-NC,0,,,ON,False
2026-07-14,,IM14,1,,L42P(2) HL  Inner Lens B,,,7698,600,0,8,48,8.36448888888889,-0.3644888888888893,,,37.36,ongoing,806,806,806,0,0,0,1.284796573875803,1.284796573875803,1035.546038543897,1.4045370925925929,1.8045444444444447,1.8045444444444447,1200,1612,1612,1.3433333333333333,1.3433333333333333,0,0,351.29751799999997,PC030-NC,0,,,ON,False
2026-07-14,,IM14,2,,L42P(2) HL  Inner Lens B,,,7698,600,0,8,48,8.042777777777777,-0.04277777777777736,,,37.36,,775,775,775,0,0,0,1.284796573875803,1.284796573875803,995.7173447537473,1.2985734953703703,1.6684027777777775,1.6684027777777775,1200,1550,1550,1.2916666666666667,1.2916666666666667,0,0,337.786075,PC030-NC,0,,,ON,False
2026-07-14,,IM15,3,12:40AM,T90A CHL REFLEX REFLECTOR,1084746,RH,MO6510,700,25.454545454545453,5.638888888888889,29,1.0421666666666665,6.957833333333333,,No mold maintenance here supposed to run 1 hand also mark on that hand.,28.86,1230a,130,0,125,5,5,0.07407407407407407,1.0048510048510049,1.0048510048510049,130.63063063063063,0.024193154761904756,0.02250973691945914,0.02250973691945914,700,135,125,0.18571428571428572,0.17195767195767198,45.875,3.67,8.37,PC026-AMB,0,,,ON,False
2026-07-14,,IM15,1,,T90A CHL REFLEX REFLECTOR,,RH,MO6510,900,32.72727272727273,7.25,29,8.497666666666666,-0.4976666666666656,,,28.86,530a,1060,0,1050,0,10,0.009433962264150943,1.0048510048510049,1.0048510048510049,1065.1420651420651,1.2510453703703701,1.2452546296296294,1.2452546296296294,900,1060,1050,1.1777777777777778,1.1666666666666667,385.34999999999997,3.67,65.72,PC026-AMB,0,,,ON,False
2026-07-14,,IM15,2,3:30PM,U625 REFLEX REFLECTOR,1095757,,MO8085,700,0,6.416666666666667,33,6.4991666666666665,1.5008333333333335,,,33,330p,709,705,705,4,4,0.005641748942172073,1,1,709,0.8228409226190475,0.8181986607142856,0.8181986607142856,1400,1418,1410,1.012857142857143,1.0071428571428571,544.26,3.088,109.25689999999999,PMMA01-AM,0,,,ON,False
2026-07-14,,IM16,3,ONGOING,GM PIN,1089506,,2717,800,4.266666666666667,7.777777777777778,35,7.593541666666667,0.40645833333333314,,,26.67,,1025,8200,0,0,0,0,1.3123359580052492,1.3123359580052492,1345.1443569553803,1.2161531575520834,1.596001519097222,1.596001519097222,6400,8200,8200,1.28125,1.28125,820,0,147.108,PP024-BK,0,,,ON,False
2026-07-14,,IM16,1,,GM PIN,,,2717,800,4.266666666666667,7.777777777777778,35,7.593541666666667,0.40645833333333314,,Dropping parts in belly Robot posture moved having to reset posture position.,26.67,,1025,8155,0,45,45,0.010915706488781079,1.3123359580052492,1.3123359580052492,1345.1443569553803,1.2161531575520834,1.5785800349591081,1.5785800349591081,6400,8245,8155,1.28125,1.2672642510612493,815.5,9,147.9153,PP024-BK,0,,,ON,False
2026-07-14,,IM16,2,,GM PIN,,,2717,800,4.266666666666667,7.777777777777778,35,7.593541666666667,0.40645833333333314,,,26.67,,1025,8200,0,0,0,0,1.3123359580052492,1.3123359580052492,1345.1443569553803,1.2161531575520834,1.596001519097222,1.596001519097222,6400,8200,8200,1.28125,1.28125,820,0,147.108,PP024-BK,0,,,ON,False
2026-07-14,,IM17,3,,SD,,,0,,0,0,0,0,0,,,,,,0,0,0,0,0,0,0,0,0,0,0,0,0,0,0,0,0,0,0,0,0,,,SD,False
2026-07-14,,IM17,1,,SD,,,0,,0,0,0,0,0,,,,,,0,0,0,0,0,0,0,0,0,0,0,0,0,0,0,0,0,0,0,0,0,,,SD,False
2026-07-14,,IM17,2,,SD,,,0,,0,0,0,0,0,,,,,,0,0,0,0,0,0,0,0,0,0,0,0,0,0,0,0,0,0,0,0,0,,,SD,False
2026-07-14,,IM18,3,,SD,,,0,,0,0,0,0,0,,,,,,0,0,0,0,0,0,0,0,0,0,0,0,0,0,0,0,0,0,0,0,0,,,SD,False
2026-07-14,,IM18,1,,SD,,,0,,0,0,0,0,0,,,,,,0,0,0,0,0,0,0,0,0,0,0,0,0,0,0,0,0,0,0,0,0,,,SD,False
2026-07-14,,IM18,2,,SD,,,0,,0,0,0,0,0,,,,,,0,0,0,0,0,0,0,0,0,0,0,0,0,0,0,0,0,0,0,0,0,,,SD,False
2026-07-14,,IM19,3,ONGOING,T1XL FASCIA BRACKET 2,1085656,,729,650,0,7.763888888888889,43,6.687722222222222,1.312277777777778,,Press down no maintenance here no grease in canisters.,40.6,ongoing,593,593,593,0,0,0,1.0591133004926108,1.0591133004926108,628.0541871921182,0.7626575534188034,0.8077407585470084,0.8077407585470084,1300,1186,1186,0.9123076923076923,0.9123076923076923,1030.634,0,294.721,PP028-BK,0,,,ON,False
2026-07-14,,IM19,1,,T1XL FASCIA BRACKET 2,,,729,650,0,7.763888888888889,43,7.883166666666667,0.11683333333333312,,,40.6,ongoing,699,699,699,0,0,0,1.0591133004926108,1.0591133004926108,740.3201970443349,1.059679519230769,1.1223206730769228,1.1223206730769228,1300,1398,1398,1.0753846153846154,1.0753846153846154,1214.862,0,347.403,PP028-BK,0,,,ON,False
2026-07-14,,IM19,2,,T1XL FASCIA BRACKET 2,,,729,650,0,7.763888888888889,43,8.672611111111111,-0.6726111111111113,,,40.6,,769,769,769,0,0,0,1.0591133004926108,1.0591133004926108,814.4581280788177,1.2825457585470086,1.3583612713675213,1.3583612713675213,1300,1538,1538,1.1830769230769231,1.1830769230769231,1336.522,0,382.193,PP028-BK,0,,,ON,False
2026-07-14,,IM2,3,ONGOING,T90A CHL BRACKET G,1089954,,MO8384,800,40,7.388888888888889,33.25,7.398980555555554,0.6010194444444457,,,34.91,,763,763,763,0,0,0,0.9524491549699228,0.9524491549699228,726.7187052420511,0.8820972131076387,0.8401527452256944,0.8401527452256944,1600,1526,1526,0.95375,0.95375,857.6120000000001,0,193.802,ABS06-BK,0,,,ON,False
2026-07-14,,IM2,1,,T90A CHL BRACKET G,,,MO8384,,0,0,33.25,8.326083333333333,-0.32608333333333306,,,34.1,,879,879,879,0,0,0,0.9750733137829911,0.9750733137829911,857.0894428152492,0,0,0,0,1758,1758,879,879,987.9960000000001,0,223.266,ABS06-BK,0,,,ON,False
2026-07-14,,IM2,2,,T90A CHL BRACKET G,,,MO8384,,0,0,33.25,1.2692777777777777,6.730722222222222,,,34.1,,134,134,134,0,0,0,0.9750733137829911,0.9750733137829911,130.65982404692082,0,0,0,0,268,268,134,134,150.616,0,34.036,ABS06-BK,0,,,ON,False
2026-07-14,,IM3,3,,SD,,,0,,0,0,0,0,0,,,,,,0,0,0,0,0,0,0,0,0,0,0,0,0,0,0,0,0,0,0,0,0,,,SD,False
2026-07-14,,IM3,1,7:00AM,T90A RCL INNER LENS B,1095416,,MO5778,800,66.66666666666667,7.333333333333333,33,3.3948305555555556,4.605169444444444,,Water to thermolater dead headed.,26.17,10a,467,442,442,25,25,0.05353319057815846,1.260985861673672,1.260985861673672,588.8803974016048,0.24771654210069446,0.2956450520833333,0.2956450520833333,1600,934,884,0.58375,0.5525,381.888,21.6,107.41000000000001,PC011-NC,0,,,ON,False
2026-07-14,,IM3,2,,T90A RCL INNER LENS B,,,MO5778,800,66.66666666666667,7.333333333333333,33,5.646944444444444,2.3530555555555557,,EOAT crashed ,29,,701,681,681,20,20,0.028530670470756064,1.1379310344827587,1.1379310344827587,797.6896551724138,0.6185168836805556,0.683748828125,0.683748828125,1600,1402,1362,0.87625,0.85125,588.384,17.28,161.23000000000002,PC011-NC,0,,,ON,False
2026-07-14,,IM4,3,12:00AM,L42P(2) HL Base A (Carrier Plate),1095865,,70637,600,0,6.716666666666667,40.3,1.1388888888888888,2.0604666666666662,,L42P (2) base started at 315am paused for op giving breaks.,41,315a,100,96,96,4,4,0.04,0.9829268292682927,0.9829268292682927,98.29268292682927,0.6818089305555556,0.6433615586666667,0.6433615586666667,1200,200,192,0.16666666666666666,0.15999999999999998,0,0,65.455,PC001-GY,0,,,ON,True
2026-07-14,,IM4,3,,T90A RCL RIM (COVER A),,,MO5773,,0,0,42,4.800644444444445,-4.934338888888891,,,38.32,ongoing,451,451,451,0,0,0,1.0960334029227556,1.0960334029227556,494.3110647181628,2.5822483710317465,2.8302304692936677,2.8302304692936677,0,902,902,451,451,587.202,0,197.538,PP025-BK,0,,,ON,True
2026-07-14,,IM4,1,,L42P(2) HL Base A (Carrier Plate),,,70637,700,0,7.83611111111111,40.3,8.133694444444446,-0.1336944444444459,,,43.9,,667,667,667,0,0,0,0.9179954441913439,0.9179954441913439,612.3029612756264,0.9687811061507938,0.8893366418650795,0.8893366418650795,1400,1334,1334,0.9528571428571428,0.9528571428571428,0,0,436.58484999999996,PC001-GY,0,,,ON,False
2026-07-14,,IM4,2,,L42P(2) HL Base A (Carrier Plate),,,70637,700,0,7.83611111111111,40.3,8.292222222222223,-0.2922222222222235,,,43.9,,680,680,680,0,0,0,0.9179954441913439,0.9179954441913439,624.2369020501138,1.0069126984126986,0.92434126984127,0.92434126984127,1400,1360,1360,0.9714285714285714,0.9714285714285714,0,0,445.094,PC001-GY,0,,,ON,False
2026-07-14,,IM5,3,,SD,,,0,,0,0,0,0,0,,,,,,0,0,0,0,0,0,0,0,0,0,0,0,0,0,0,0,0,0,0,0,0,,,SD,False
2026-07-14,,IM5,1,,SD,,,0,,0,0,0,0,0,,,,,,0,0,0,0,0,0,0,0,0,0,0,0,0,0,0,0,0,0,0,0,0,,,SD,False
2026-07-14,,IM5,2,,SD,,,0,,0,0,0,0,0,,,,,,0,0,0,0,0,0,0,0,0,0,0,0,0,0,0,0,0,0,0,0,0,,,SD,False
2026-07-14,,IM6,3,,SD,,,0,,0,0,0,0,0,,,,,,0,0,0,0,0,0,0,0,0,0,0,0,0,0,0,0,0,0,0,0,0,,,SD,False
2026-07-14,,IM6,1,,SD,,,0,,0,0,0,0,0,,,,,,0,0,0,0,0,0,0,0,0,0,0,0,0,0,0,0,0,0,0,0,0,,,SD,False
2026-07-14,,IM6,2,,SD,,,0,,0,0,0,0,0,,,,,,0,0,0,0,0,0,0,0,0,0,0,0,0,0,0,0,0,0,0,0,0,,,SD,False
2026-07-14,,IM7,3,11:00PM,T90A RCL Extension A,1095343,,MO5772,700,93.33333333333333,7.583333333333333,39,4.4875,3.5125,,,35.9,1230a,450,444,444,6,6,0.013333333333333334,1.0863509749303621,1.0863509749303621,488.857938718663,0.3606026785714286,0.3865178571428572,0.3865178571428572,1400,900,888,0.6428571428571429,0.6342857142857143,635.808,8.591999999999999,243.00000000000003,PC003-BK,0,,,ON,False
2026-07-14,,IM7,1,,T90A RCL Extension A,,,MO5772,700,93.33333333333333,7.583333333333333,39,7.838166666666666,0.16183333333333394,,Paused at 740am for gate cut machine back up by 8am,35.9,ongoing,786,786,786,0,0,0,1.0863509749303621,1.0863509749303621,853.8718662952647,1.1001426785714283,1.1951410714285713,1.1951410714285713,1400,1572,1572,1.1228571428571428,1.1228571428571428,1125.552,0,424.44000000000005,PC003-BK,0,,,ON,False
2026-07-14,,IM7,2,,T90A RCL Extension A,,,MO5772,700,93.33333333333333,7.583333333333333,39,1.844861111111111,6.155138888888889,,No pack.,35.9,,185,185,185,0,0,0,1.0863509749303621,1.0863509749303621,200.974930362117,0.06094630456349206,0.06620907738095237,0.06620907738095237,1400,370,370,0.2642857142857143,0.2642857142857143,264.92,0,99.9,PC003-BK,0,,,ON,False
2026-07-14,,IM8,3,ONGOING,31CC Reflector Turn,1088798,,TNL 620,700,70,7.777777777777778,40,4.394277777777777,3.605722222222223,,,34.39,ongoing,460,460,460,0,0,0,1.163128816516429,1.163128816516429,535.0392555975574,0.3609585317460317,0.41984126984126974,0.41984126984126974,1400,920,920,0.6571428571428571,0.6571428571428571,747.9599999999999,0,135.23999999999998,PBT05-BK,0,,,ON,False
2026-07-14,,IM8,1,8:00AM,31CC Bezel (Trim Ring),1096209,,TNL 625,600,0,7,42,7.304000000000001,0.6959999999999988,,,35.2,630a,747,737,737,10,10,0.013386880856760375,1.1931818181818181,1.1931818181818181,891.3068181818181,1.1366850000000002,1.3381156250000004,1.3381156250000004,1200,1494,1474,1.245,1.2283333333333333,1497.584,20.32,164.48940000000002,PC013-BK,0,,,ON,False
2026-07-14,,IM8,2,,31CC Bezel (Trim Ring),,,TNL 625,650,0,7.583333333333333,42,8.135111111111112,-0.13511111111111163,,,35.2,ongoing,832,832,832,0,0,0,1.1931818181818181,1.1931818181818181,992.7272727272726,1.301617777777778,1.5530666666666668,1.5530666666666668,1300,1664,1664,1.28,1.28,1690.624,0,183.2064,PC013-BK,0,,,ON,False
2026-07-14,,IM9,3,ONGOING,T90A RCL Reflector A,1066982,,MO5774,600,150,6.666666666666667,40,7.827716666666666,0.17228333333333357,,,41.38,ongoing,681,676,676,5,5,0.007342143906020558,0.9666505558240696,0.9666505558240696,658.2890285161914,1.1105573020833333,1.0656388888888888,1.0656388888888888,1200,1362,1352,1.135,1.1266666666666667,1441.232,10.66,441.288,PC001-GY,0,,,ON,False
2026-07-14,,IM9,1,7:30AM,NX4OB RCO Stop Ref,1096198,,902,600,0,6.666666666666667,40,2.89,1.3813333333333326,,Working on going to one hand,36,615a,289,284,284,5,5,0.01730103806228374,1.1111111111111112,1.1111111111111112,321.11111111111114,0.9169611111111112,1.0012185911401599,1.0012185911401599,1200,578,568,0.4816666666666667,0.47333333333333333,439.7054004732969,7.741292261853818,161.26200000000003,PBT02-DGY,0,,,ON,True
2026-07-14,,IM9,1,,NX4OB RCO Stop Ref,,LH,902,,0,0,40,3.7286666666666672,-5.367666666666668,,,35.7,930a,376,376,0,0,0,0,1.1204481792717087,1.1204481792717087,421.28851540616245,3.2177883333333335,3.6053650793650798,3.6053650793650798,0,376,376,376,376,291.0725890457036,0,104.90400000000001,PBT02-DGY,0,,,ON,True
2026-07-14,,IM9,2,,NX4OB RCO Stop Ref,,LH,902,700,0,7.777777777777778,40,9.639000000000001,-1.6390000000000011,,,35.7,ongoing,972,972,0,0,0,0,1.1204481792717087,1.1204481792717087,1089.0756302521008,1.6730550000000004,1.874571428571429,1.874571428571429,700,972,972,1.3885714285714286,1.3885714285714286,752.4536078521911,0,271.18800000000005,PBT02-DGY,0,,,ON,False
2026-07-15,,IM1,3,,SD,,,0,,0,0,0,0,0,,,,,,0,0,0,0,0,0,0,0,0,0,0,0,0,0,0,0,0,0,0,0,0,,,SD,False
2026-07-15,,IM1,1,,SD,,,0,,0,0,0,0,0,,,,,,0,0,0,0,0,0,0,0,0,0,0,0,0,0,0,0,0,0,0,0,0,,,SD,False
2026-07-15,,IM1,2,,SD,,,0,,0,0,0,0,0,,,,,,0,0,0,0,0,0,0,0,0,0,0,0,0,0,0,0,0,0,0,0,0,,,SD,False
2026-07-15,,IM10,3,ONGOING,T90A BUL HSG,1095057,,MO5785,700,100,7.388888888888889,38,1.6036916666666667,6.396308333333334,,out of packaging.,36.31,ongoing,159,159,159,0,0,0,1.0465436518865325,1.0465436518865325,166.40044064995868,0.045533388392857144,0.04765267857142857,0.04765267857142857,1400,318,318,0.22714285714285715,0.22714285714285715,332.628,0,120.20400000000001,ASA01-BK,0,,,ON,False
2026-07-15,,IM10,1,8:00AM,31CC DRL Inner Lens,1098017,,TNL 621,200,28.571428571428573,2.2777777777777777,41,2.552333333333334,5.447666666666667,,Paused for wip. Also having to polish tool.,37.2,830a,247,227,227,20,20,0.08097165991902834,1.1021505376344085,1.1021505376344085,272.2311827956989,0.39401645833333343,0.3991022569444445,0.3991022569444445,400,494,454,1.235,1.135,473.976,41.760000000000005,138.531432,PC020-NC,0,,,ON,False
2026-07-15,,IM10,2,,31CC DRL Inner Lens,,,TNL 621,300,42.857142857142854,3.4166666666666665,41,1.86,6.14,,Paused for wip.,37.2,345p,180,178,178,2,2,0.011111111111111112,1.1021505376344085,1.1021505376344085,198.38709677419354,0.1395,0.15204166666666666,0.15204166666666666,600,360,356,0.6,0.5933333333333334,371.664,4.176,100.95408,PC020-NC,0,,,ON,False
2026-07-15,,IM11,3,ONGOING,311 D Bezel Plug,1087511,,0,800,0,7.777777777777778,35,0.5316888888888889,0,,Ejectors stuck having to pull back half to shop.,34.18,,56,224,224,0,0,0,1.023990637799883,1.023990637799883,57.34347571679345,0.004652277777777778,0.0047638888888888896,0.0047638888888888896,6400,448,448,0.07,0.07,0,0,17.92,ABS07-BK,0,,,ON,False
2026-07-15,,IM11,1,,311 D Bezel Plug,,,0,800,0,7.777777777777778,35,6.75055,0,,,34.18,645a,711,2840,2840,4,4,0.0014064697609001407,1.023990637799883,1.023990637799883,728.0573434757168,0.7499439140624999,0.76685546875,0.76685546875,6400,5688,5680,0.88875,0.8875000000000001,0,0,227.52,ABS07-BK,0,,,ON,False
2026-07-15,,IM11,2,,311 D Bezel Plug,,,0,800,0,7.777777777777778,35,7.756961111111111,0,,,34.18,ongoing,817,3268,3268,0,0,0,1.023990637799883,1.023990637799883,836.6003510825045,0.9902245668402777,1.013980685763889,1.013980685763889,6400,6536,6536,1.02125,1.02125,0,0,261.44,ABS07-BK,0,,,ON,False
2026-07-15,,IM12,3,11:10PM,J34A BG BRACKET A,1085979,,5764,700,0,6.708333333333333,34.5,6.680555555555555,1.3194444444444446,,,32.5,1145p,740,735,735,5,5,0.006756756756756757,1.0615384615384615,1.0615384615384615,785.5384615384615,0.8827876984126984,0.93078125,0.93078125,1400,1480,1470,1.0571428571428572,1.05,0,0,332.63,PAM01-BK,0,,,ON,False
2026-07-15,,IM12,1,,J34A BG BRACKET A,,,5764,800,0,7.666666666666667,34.5,5.172916666666667,2.8270833333333334,,Out of pack.,32.5,,573,573,573,0,0,0,1.0615384615384615,1.0615384615384615,608.2615384615384,0.46313769531250004,0.49163847656250004,0.49163847656250004,1600,1146,1146,0.71625,0.71625,0,0,257.56350000000003,PAM01-BK,0,,,ON,False
2026-07-15,,IM12,2,,SD,,,0,,0,0,0,0,0,,,,,,0,0,0,0,0,0,0,0,0,0,0,0,0,0,0,0,0,0,0,0,0,,,SD,False
2026-07-15,,IM14,3,ONGOING,L42P(2) HL  Inner Lens B,1095929,,7698,600,0,8,48,6.11251111111111,1.8874888888888899,,,37.36,ongoing,589,589,589,0,0,0,1.284796573875803,1.284796573875803,756.745182012848,0.7500560509259258,0.9636694444444441,0.9636694444444441,1200,1178,1178,0.9816666666666667,0.9816666666666667,0,0,256.717417,PC030-NC,0,,,ON,False
2026-07-15,,IM14,1,8:30AM,T90A CHL EXTENSION B,1097037,,MO6519,600,40,5.666666666666667,34,7.531513888888889,0.46848611111111094,,,35.35,6a,767,762,762,5,5,0.00651890482398957,0.9618104667609618,0.9618104667609618,737.7086280056577,1.2034731568287038,1.1499673611111112,1.1499673611111112,1200,1534,1524,1.2783333333333333,1.27,661.4159999999999,4.34,227.03199999999998,PC003-BK,0,,,ON,False
2026-07-15,,IM14,2,,T90A CHL EXTENSION B,,,MO6519,800,53.333333333333336,7.555555555555555,34,3.6626527777777778,4.337347222222222,,Out of pack.,35.35,,373,373,373,0,0,0,0.9618104667609618,0.9618104667609618,358.75530410183876,0.21346398220486112,0.20531189236111114,0.20531189236111114,1600,746,746,0.46625,0.46625,323.764,0,110.408,PC003-BK,0,,,ON,False
2026-07-15,,IM15,3,ONGOING,U625 REFLEX REFLECTOR,1095757,,MO8085,800,0,7.333333333333333,33,7.026716666666667,0.9732833333333328,,,31.98,ongoing,791,791,791,0,0,0,1.0318949343339587,1.0318949343339587,816.2288930581614,0.8684582630208334,0.8961576822916667,0.8961576822916667,1600,1582,1582,0.98875,0.98875,610.652,0,121.89309999999999,PMMA01-AM,0,,,ON,False
2026-07-15,,IM15,1,,U625 REFLEX REFLECTOR,,,MO8085,800,0,7.333333333333333,33,3.1081944444444445,-0.44017222222222285,,,31.97,ongoing,350,350,345,0,5,0.007142857142857143,1.0322177040975915,1.0322177040975915,361.27619643415704,1.258113171875,1.2893706419836957,1.2893706419836957,1600,700,695,0.4375,0.434375,268.27,1.9300000000000002,53.934999999999995,PMMA01-AM,0,,,ON,True
2026-07-15,,IM15,1,,U625 REFLEX REFLECTOR,,RH,MO8085,,0,0,33,5.331977777777778,-4.561927777777779,,,31.78,815a,604,0,604,0,0,0,1.038388923851479,1.038388923851479,627.1869100062933,0,0,0,0,604,604,604,604,233.144,0,46.538199999999996,PMMA01-AM,0,,,ON,True
2026-07-15,,IM15,2,,U625 REFLEX REFLECTOR,,RH,MO8085,,0,0,33,7.2299500000000005,0.7700499999999995,,,31.78,ongoing,819,0,819,0,0,0,1.038388923851479,1.038388923851479,850.4405286343613,0,0,0,0,819,819,819,819,316.134,0,63.10395,PMMA01-AM,0,,,ON,False
2026-07-15,,IM16,3,ONGOING,GM PIN,1089506,,2717,800,4.266666666666667,7.777777777777778,35,7.593541666666667,0.40645833333333314,,,26.67,,1025,8200,0,0,0,0,1.3123359580052492,1.3123359580052492,1345.1443569553803,1.2161531575520834,1.596001519097222,1.596001519097222,6400,8200,8200,1.28125,1.28125,820,0,147.108,PP024-BK,0,,,ON,False
2026-07-15,,IM16,1,,GM PIN,,,2717,800,4.266666666666667,7.777777777777778,35,7.593541666666667,0.40645833333333314,,,26.67,,1025,8200,0,0,0,0,1.3123359580052492,1.3123359580052492,1345.1443569553803,1.2161531575520834,1.596001519097222,1.596001519097222,6400,8200,8200,1.28125,1.28125,820,0,147.108,PP024-BK,0,,,ON,False
2026-07-15,,IM16,2,,GM PIN,,,2717,800,4.266666666666667,7.777777777777778,35,7.593541666666667,0.40645833333333314,,,26.67,,1025,8200,0,0,0,0,1.3123359580052492,1.3123359580052492,1345.1443569553803,1.2161531575520834,1.596001519097222,1.596001519097222,6400,8200,8200,1.28125,1.28125,820,0,147.108,PP024-BK,0,,,ON,False
2026-07-15,,IM17,3,,SD,,,0,,0,0,0,0,0,,,,,,0,0,0,0,0,0,0,0,0,0,0,0,0,0,0,0,0,0,0,0,0,,,SD,False
2026-07-15,,IM17,1,,SD,,,0,,0,0,0,0,0,,,,,,0,0,0,0,0,0,0,0,0,0,0,0,0,0,0,0,0,0,0,0,0,,,SD,False
2026-07-15,,IM17,2,,SD,,,0,,0,0,0,0,0,,,,,,0,0,0,0,0,0,0,0,0,0,0,0,0,0,0,0,0,0,0,0,0,,,SD,False
2026-07-15,,IM18,3,,SD,,,0,,0,0,0,0,0,,,,,,0,0,0,0,0,0,0,0,0,0,0,0,0,0,0,0,0,0,0,0,0,,,SD,False
2026-07-15,,IM18,1,,SD,,,0,,0,0,0,0,0,,,,,,0,0,0,0,0,0,0,0,0,0,0,0,0,0,0,0,0,0,0,0,0,,,SD,False
2026-07-15,,IM18,2,,SD,,,0,,0,0,0,0,0,,,,,,0,0,0,0,0,0,0,0,0,0,0,0,0,0,0,0,0,0,0,0,0,,,SD,False
2026-07-15,,IM19,3,,T1XL FASCIA BRACKET 2,,,729,,0,0,43,4.001647222222222,3.998352777777778,,,40.81,ongoing,353,353,353,0,0,0,1.0536633178142611,1.0536633178142611,371.9431511884342,0,0,0,0,706,706,353,353,613.514,0,175.441,PP028-BK,0,,,ON,False
2026-07-15,,IM19,1,,SD,,,0,,0,0,0,0,0,,,,,,0,0,0,0,0,0,0,0,0,0,0,0,0,0,0,0,0,0,0,0,0,,,SD,False
2026-07-15,,IM19,2,,SD,,,0,,0,0,0,0,0,,,,,,0,0,0,0,0,0,0,0,0,0,0,0,0,0,0,0,0,0,0,0,0,,,SD,False
2026-07-15,,IM2,3,,SD,,,0,,0,0,0,0,0,,,,,,0,0,0,0,0,0,0,0,0,0,0,0,0,0,0,0,0,0,0,0,0,,,SD,False
2026-07-15,,IM2,1,,SD,,,0,,0,0,0,0,0,,,,,,0,0,0,0,0,0,0,0,0,0,0,0,0,0,0,0,0,0,0,0,0,,,SD,False
2026-07-15,,IM2,2,,SD,,,0,,0,0,0,0,0,,,,,,0,0,0,0,0,0,0,0,0,0,0,0,0,0,0,0,0,0,0,0,0,,,SD,False
2026-07-15,,IM3,3,ONGOING,T90A RCL INNER LENS B,1095416,,MO5778,700,58.333333333333336,6.416666666666667,33,4.330291666666667,3.6697083333333333,,,30.27,12a,515,515,515,0,0,0,1.0901883052527255,1.0901883052527255,561.4469772051536,0.3982321800595238,0.4341480654761905,0.4341480654761905,1400,1030,1030,0.7357142857142858,0.7357142857142858,444.96,0,118.45,PC011-NC,0,,,ON,False
2026-07-15,,IM3,1,7:00AM,T90A RCL REFLECTOR C,1097381,,MO5776,800,76.19047619047619,7.333333333333333,33,10.09291111111111,-2.0929111111111105,,,30.38,430a,1196,1192,1192,4,4,0.0033444816053511705,1.0862409479921,1.0862409479921,1299.1441737985517,1.8861127638888888,2.041920833333333,2.041920833333333,1600,2392,2384,1.495,1.4900000000000002,1325.5040000000001,4.448,409.03200000000004,PC014-WT,0,,,ON,False
2026-07-15,,IM3,2,,T90A RCL REFLECTOR C,,,MO5776,800,76.19047619047619,7.333333333333333,33,0,8,,No pack.,,,,0,0,0,0,0,0,0,0,0,0,0,1600,0,0,0,0,0,0,0,PC014-WT,0,,,ON,False
2026-07-15,,IM4,3,12:00AM,L42P(2) HL Reflector A (REV ---),1097689,,4385,650,0,6.861111111111111,38,0,1.1981000000000002,,Still running L42P(2) base car plate.,,,,0,0,0,0,0,0,0,0,0.7233559038461538,0,0,1300,0,0,0,0,0,0,0,PC003-BK,0,,,ON,True
2026-07-15,,IM4,3,,L42P(2) HL Base A (Carrier Plate),,,70637,,0,0,40.3,6.8019,-7.619233333333332,,,44.28,ongoing,553,553,553,0,0,0,0.9101174345076783,0.9101174345076783,503.29494128274615,3.8183447202380947,3.4751421008490335,3.4751421008490335,0,1106,1106,553,553,0,0,361.96614999999997,PC001-GY,0,,,ON,True
2026-07-15,,IM4,1,,L42P(2) HL Reflector A (REV ---),,,4385,700,0,7.388888888888889,38,8.817333333333332,-0.8173333333333321,,,38.9,415a,816,811,811,5,5,0.006127450980392157,0.9768637532133676,0.9768637532133676,797.120822622108,1.2848114285714283,1.2473952380952378,1.2473952380952378,1400,1632,1622,1.1657142857142857,1.1585714285714286,0,0,606.5328,PC003-BK,0,,,ON,False
2026-07-15,,IM4,2,,L42P(2) HL Reflector A (REV ---),,,4385,700,0,7.388888888888889,38,7.963694444444443,0.0363055555555567,,,38.9,,737,737,737,0,0,0,0.9768637532133676,0.9768637532133676,719.9485861182519,1.0480790724206348,1.0238304563492062,1.0238304563492062,1400,1474,1474,1.052857142857143,1.052857142857143,0,0,547.8121,PC003-BK,0,,,ON,False
2026-07-15,,IM5,3,,SD,,,0,,0,0,0,0,0,,,,,,0,0,0,0,0,0,0,0,0,0,0,0,0,0,0,0,0,0,0,0,0,,,SD,False
2026-07-15,,IM5,1,,SD,,,0,,0,0,0,0,0,,,,,,0,0,0,0,0,0,0,0,0,0,0,0,0,0,0,0,0,0,0,0,0,,,SD,False
2026-07-15,,IM5,2,,SD,,,0,,0,0,0,0,0,,,,,,0,0,0,0,0,0,0,0,0,0,0,0,0,0,0,0,0,0,0,0,0,,,SD,False
2026-07-15,,IM6,3,,SD,,,0,,0,0,0,0,0,,,,,,0,0,0,0,0,0,0,0,0,0,0,0,0,0,0,0,0,0,0,0,0,,,SD,False
2026-07-15,,IM6,1,,SD,,,0,,0,0,0,0,0,,,,,,0,0,0,0,0,0,0,0,0,0,0,0,0,0,0,0,0,0,0,0,0,,,SD,False
2026-07-15,,IM6,2,,SD,,,0,,0,0,0,0,0,,,,,,0,0,0,0,0,0,0,0,0,0,0,0,0,0,0,0,0,0,0,0,0,,,SD,False
2026-07-15,,IM7,3,,T90A RCL Extension A,,,MO5772,,0,0,39,2.314552777777778,5.685447222222222,,Down for pack. Down again for pack.,39.49,,211,211,211,0,0,0,0.9875917953912382,0.9875917953912382,208.38186882755127,0,0,0,0,422,422,211,211,302.152,0,113.94000000000001,PC003-BK,0,,,ON,False
2026-07-15,,IM7,1,,SD,,,0,,0,0,0,0,0,,,,,,0,0,0,0,0,0,0,0,0,0,0,0,0,0,0,0,0,0,0,0,0,,,SD,False
2026-07-15,,IM7,2,,SD,,,0,,0,0,0,0,0,,,,,,0,0,0,0,0,0,0,0,0,0,0,0,0,0,0,0,0,0,0,0,0,,,SD,False
2026-07-15,,IM8,3,ONGOING,31CC Bezel (Trim Ring),1096209,,TNL 625,650,0,7.583333333333333,42,2.7011833333333333,5.298816666666667,,,35.49,ongoing,274,274,274,0,0,0,1.1834319526627217,1.1834319526627217,324.26035502958575,0.14233158333333334,0.1684397435897436,0.1684397435897436,1300,548,548,0.42153846153846153,0.42153846153846153,556.768,0,60.3348,PC013-BK,0,,,ON,False
2026-07-15,,IM8,1,,SD,,,0,,0,0,0,0,0,,,,,,0,0,0,0,0,0,0,0,0,0,0,0,0,0,0,0,0,0,0,0,0,,,SD,False
2026-07-15,,IM8,2,,SD,,,0,,0,0,0,0,0,,,,,,0,0,0,0,0,0,0,0,0,0,0,0,0,0,0,0,0,0,0,0,0,,,SD,False
2026-07-15,,IM9,3,,T90A RCL Reflector A,,,MO5774,,0,0,40,2.305555555555556,5.694444444444445,,,41.5,230a,200,200,200,0,0,0,0.963855421686747,0.963855421686747,192.7710843373494,0,0,0,0,400,400,200,200,426.40000000000003,0,129.6,PC001-GY,0,,,ON,False
2026-07-15,,IM9,1,7:30AM,T90A RCL Reflector A,1097938,,MO5774,600,150,6.666666666666667,40,8.35763888888889,-0.3576388888888893,,,41.5,ongoing,725,720,720,5,5,0.006896551724137931,0.963855421686747,0.963855421686747,698.7951807228916,1.2623517071759258,1.2083333333333333,1.2083333333333333,1200,1450,1440,1.2083333333333333,1.2,1535.0400000000002,10.66,469.8,PC001-GY,0,,,ON,False
2026-07-15,,IM9,2,,T90A RCL Reflector A,,,MO5774,700,175,7.777777777777778,40,4.784027777777778,3.215972222222222,,Paused for wip.,41.5,,415,415,415,0,0,0,0.963855421686747,0.963855421686747,400,0.35453062996031753,0.3417162698412699,0.3417162698412699,1400,830,830,0.5928571428571429,0.5928571428571429,884.7800000000001,0,268.92,PC001-GY,0,,,ON,False
2026-07-16,,IM1,3,11:30PM,T6ZA LPL Housing,1099655,,3802,900,0,7,28,4.56375,3.4362500000000002,,,24.34,1230a,675,671,671,4,4,0.005925925925925926,1.1503697617091209,1.1503697617091209,776.4995891536565,0.4278515625,0.48927083333333343,0.48927083333333343,1800,1350,1342,0.75,0.7455555555555555,0,0,90.99000000000001,ASA01-BK,0,,,ON,False
2026-07-16,,IM1,1,,T6ZA LPL Housing,,,3802,1000,0,7.777777777777778,28,7.896977777777778,0.10302222222222213,,,24.34,,1168,1168,1168,0,0,0,1.1503697617091209,1.1503697617091209,1343.6318816762532,1.1529587555555556,1.3263288888888891,1.3263288888888891,2000,2336,2336,1.168,1.168,0,0,157.4464,ASA01-BK,0,,,ON,False
2026-07-16,,IM1,2,,T6ZA LPL Housing,,,3802,1000,0,7.777777777777778,28,6.849005555555555,1.1509944444444447,,,24.34,,1013,1013,1013,0,0,0,1.1503697617091209,1.1503697617091209,1165.3245686113394,0.8672553284722222,0.9976643055555556,0.9976643055555556,2000,2026,2026,1.013,1.013,0,0,136.5524,ASA01-BK,0,,,ON,False
2026-07-16,,IM10,3,ONGOING,31CC DRL Inner Lens,1098017,,TNL 621,300,42.857142857142854,3.4166666666666665,41,0,8,,,,,400,400,400,0,0,0,0,0,0,0,0,0,600,800,800,1.3333333333333333,1.3333333333333333,835.2,0,224.3424,PC020-NC,0,,,ON,False
2026-07-16,,IM10,1,,SD,,,0,,0,0,0,0,0,,,,,,0,0,0,0,0,0,0,0,0,0,0,0,0,0,0,0,0,0,0,0,0,,,SD,False
2026-07-16,,IM10,2,,SD,,,0,,0,0,0,0,0,,,,,,0,0,0,0,0,0,0,0,0,0,0,0,0,0,0,0,0,0,0,0,0,,,SD,False
2026-07-16,,IM11,3,ONGOING,311 D Bezel Plug,1087511,,0,800,0,7.777777777777778,35,7.506399999999999,0,,,34.12,ongoing,792,3168,3168,0,0,0,1.0257913247362251,1.0257913247362251,812.4267291910903,0.9289169999999999,0.9528749999999999,0.9528749999999999,6400,6336,6336,0.99,0.99,0,0,253.44,ABS07-BK,0,,,ON,False
2026-07-16,,IM11,1,,311 D Bezel Plug,,,0,800,0,7.777777777777778,35,8.027677777777777,0,,,34.12,,847,3388,3388,0,0,0,1.0257913247362251,1.0257913247362251,868.8452520515827,1.0624129809027776,1.089814019097222,1.089814019097222,6400,6776,6776,1.05875,1.05875,0,0,271.04,ABS07-BK,0,,,ON,False
2026-07-16,,IM11,2,,311 D Bezel Plug,,,0,800,0,7.777777777777778,35,8.330966666666665,0,,,34.12,,879,3516,3516,0,0,0,1.0257913247362251,1.0257913247362251,901.6705744431418,1.1442062031249998,1.1737167968749997,1.1737167968749997,6400,7032,7032,1.09875,1.09875,0,0,281.28000000000003,ABS07-BK,0,,,ON,False
2026-07-16,,IM12,3,,SD,,,0,,0,0,0,0,0,,,,,,0,0,0,0,0,0,0,0,0,0,0,0,0,0,0,0,0,0,0,0,0,,,SD,False
2026-07-16,,IM12,1,,SD,,,0,,0,0,0,0,0,,,,,,0,0,0,0,0,0,0,0,0,0,0,0,0,0,0,0,0,0,0,0,0,,,SD,False
2026-07-16,,IM12,2,,SD,,,0,,0,0,0,0,0,,,,,,0,0,0,0,0,0,0,0,0,0,0,0,0,0,0,0,0,0,0,0,0,,,SD,False
2026-07-16,,IM14,3,12:00AM,T90A RCL RIM (COVER A),1099263,,MO5773,600,80,7,42,5.694444444444445,2.3055555555555554,,,41,1115p,500,494,494,6,6,0.012,1.024390243902439,1.024390243902439,512.1951219512196,0.5931712962962963,0.6003472222222221,0.6003472222222221,1200,1000,988,0.8333333333333334,0.8233333333333334,643.188,7.812,219,PP025-BK,0,,,ON,False
2026-07-16,,IM14,1,,T90A RCL RIM (COVER A),,,MO5773,650,86.66666666666667,7.583333333333333,42,7.946,0.05400000000000027,,,41.1,ongoing,696,696,696,0,0,0,1.021897810218978,1.021897810218978,711.2408759124087,1.0635415384615385,1.0868307692307693,1.0868307692307693,1300,1392,1392,1.0707692307692307,1.0707692307692307,906.192,0,304.848,PP025-BK,0,,,ON,False
2026-07-16,,IM14,2,,T90A RCL RIM (COVER A),,,MO5773,650,86.66666666666667,7.583333333333333,42,8.299916666666666,-0.2999166666666664,,,41.1,,727,727,727,0,0,0,1.021897810218978,1.021897810218978,742.919708029197,1.1603921955128205,1.1858022435897433,1.1858022435897433,1300,1454,1454,1.1184615384615384,1.1184615384615384,946.5540000000001,0,318.426,PP025-BK,0,,,ON,False
2026-07-16,,IM15,3,ONGOING ,U625 REFLEX REFLECTOR,1095757,RH,MO8085,800,0,7.333333333333333,33,4.790466666666666,3.209533333333334,,,31.76,,543,0,543,0,0,0,1.0390428211586902,1.0390428211586902,564.2002518891687,0.40644115625,0.422309765625,0.422309765625,800,543,543,0.67875,0.67875,209.598,0,41.83815,PMMA01-AM,0,,,ON,False
2026-07-16,,IM15,1,,U625 REFLEX REFLECTOR,,,MO8085,,0,0,33,2.173,5.827,,Start back up totes came in,31.8,11a,246,246,246,0,0,0,1.0377358490566038,1.0377358490566038,255.28301886792454,0,0,0,0,492,492,246,246,189.912,0,37.9086,PMMA01-AM,0,,,ON,False
2026-07-16,,IM15,2,,U625 REFLEX REFLECTOR,,,MO8085,,0,0,33,8.206166666666666,-0.2061666666666664,,,31.8,,929,929,929,0,0,0,1.0377358490566038,1.0377358490566038,964.0566037735849,0,0,0,0,1858,1858,929,929,717.188,0,143.1589,PMMA01-AM,0,,,ON,False
2026-07-16,,IM16,3,ONGOING,GM PIN,1098321,,2717,800,4.266666666666667,7.777777777777778,35,7.513819444444445,0.4861805555555554,,,26.39,ongoing,1025,8200,0,0,0,0,1.3262599469496021,1.3262599469496021,1359.4164456233423,1.2033851453993056,1.5960015190972223,1.5960015190972223,6400,8200,8200,1.28125,1.28125,820,0,147.108,PP024-BK,0,,,ON,False
2026-07-16,,IM16,1,,Electrical Timer Box,,,1018,,0,0,180,0,8,,,,,216,216,0,0,0,0,0,0,0,0,0,0,0,216,216,216,216,0,0,108,PP026-GY,0,,,ON,False
2026-07-16,,IM16,2,,SD,,,0,,0,0,0,0,0,,,,,,0,0,0,0,0,0,0,0,0,0,0,0,0,0,0,0,0,0,0,0,0,,,SD,False
2026-07-16,,IM17,3,,SD,,,0,,0,0,0,0,0,,,,,,0,0,0,0,0,0,0,0,0,0,0,0,0,0,0,0,0,0,0,0,0,,,SD,False
2026-07-16,,IM17,1,,SD,,,0,,0,0,0,0,0,,,,,,0,0,0,0,0,0,0,0,0,0,0,0,0,0,0,0,0,0,0,0,0,,,SD,False
2026-07-16,,IM17,2,,SD,,,0,,0,0,0,0,0,,,,,,0,0,0,0,0,0,0,0,0,0,0,0,0,0,0,0,0,0,0,0,0,,,SD,False
2026-07-16,,IM18,3,,SD,,,0,,0,0,0,0,0,,,,,,0,0,0,0,0,0,0,0,0,0,0,0,0,0,0,0,0,0,0,0,0,,,SD,False
2026-07-16,,IM18,1,,SD,,,0,,0,0,0,0,0,,,,,,0,0,0,0,0,0,0,0,0,0,0,0,0,0,0,0,0,0,0,0,0,,,SD,False
2026-07-16,,IM18,2,,SD,,,0,,0,0,0,0,0,,,,,,0,0,0,0,0,0,0,0,0,0,0,0,0,0,0,0,0,0,0,0,0,,,SD,False
2026-07-16,,IM19,3,,SD,,,0,,0,0,0,0,0,,,,,,0,0,0,0,0,0,0,0,0,0,0,0,0,0,0,0,0,0,0,0,0,,,SD,False
2026-07-16,,IM19,1,,SD,,,0,,0,0,0,0,0,,,,,,0,0,0,0,0,0,0,0,0,0,0,0,0,0,0,0,0,0,0,0,0,,,SD,False
2026-07-16,,IM19,2,,SD,,,0,,0,0,0,0,0,,,,,,0,0,0,0,0,0,0,0,0,0,0,0,0,0,0,0,0,0,0,0,0,,,SD,False
2026-07-16,,IM2,3,,SD,,,0,,0,0,0,0,0,,,,,,0,0,0,0,0,0,0,0,0,0,0,0,0,0,0,0,0,0,0,0,0,,,SD,False
2026-07-16,,IM2,1,,SD,,,0,,0,0,0,0,0,,,,,,0,0,0,0,0,0,0,0,0,0,0,0,0,0,0,0,0,0,0,0,0,,,SD,False
2026-07-16,,IM2,2,,SD,,,0,,0,0,0,0,0,,,,,,0,0,0,0,0,0,0,0,0,0,0,0,0,0,0,0,0,0,0,0,0,,,SD,False
2026-07-16,,IM3,3,,SD,,,0,,0,0,0,0,0,,,,,,0,0,0,0,0,0,0,0,0,0,0,0,0,0,0,0,0,0,0,0,0,,,SD,False
2026-07-16,,IM3,1,7:30AM,L42P RCL Shade,1099602,,M04373,1000,40,6.666666666666667,24,6.5389333333333335,1.4610666666666665,,,23.73,630a,992,988,988,4,4,0.004032258064516129,1.011378002528445,1.011378002528445,1003.2869785082173,0.8108277333333332,0.8167466666666665,0.8167466666666665,2000,1984,1976,0.992,0.988,1936.48,7.84,291.64799999999997,PC006-GY,0,,,ON,False
2026-07-16,,IM3,2,,L42P RCL Shade,,,M04373,1200,48,8,24,7.474950000000001,0.5250499999999994,,,23.73,,1134,1134,1134,0,0,0,1.011378002528445,1.011378002528445,1146.9026548672566,0.8829784687500001,0.893025,0.893025,2400,2268,2268,0.945,0.945,2222.64,0,333.39599999999996,PC006-GY,0,,,ON,False
2026-07-16,,IM4,3,12:30AM,L42P RCL Rim/ Cuff,1098457,,MO4375,700,66.66666666666667,5.444444444444445,28,1.30375,1.4818055555555558,,,26.82,330a,175,175,175,0,0,0,1.0439970171513795,1.0439970171513795,182.6994780014914,0.7786914434523808,0.8129515442455877,0.8129515442455877,1400,350,350,0.25,0.25,146.65,0,34.65,PP025-BK,0,,,ON,True
2026-07-16,,IM4,3,,L42P(2) HL Reflector A,,,4385,,0,0,38,5.214444444444444,-5.185944444444445,,,38,ongoing,494,494,494,0,0,0,1,1,494,2.577852138888889,2.577852138888889,2.577852138888889,0,988,988,494,494,0,0,367.1902,PC001-GY,0,,,ON,True
2026-07-16,,IM4,1,,L42P RCL Rim/ Cuff,,,MO4375,1000,95.23809523809524,7.777777777777778,28,7.971500000000001,0.028499999999999304,,Barrel temps to hot causing defects on parts.,26.82,ongoing,1070,1070,1070,0,0,0,1.0439970171513795,1.0439970171513795,1117.076808351976,1.066188125,1.1130972222222222,1.1130972222222222,2000,2140,2140,1.07,1.07,896.66,0,211.86,PP025-BK,0,,,ON,False
2026-07-16,,IM4,2,,L42P RCL Rim/ Cuff,,,MO4375,1000,95.23809523809524,7.777777777777778,28,7.30845,0.6915500000000003,,,26.82,,981,981,981,0,0,0,1.0439970171513795,1.0439970171513795,1024.1610738255033,0.8961986812499999,0.9356287499999998,0.9356287499999998,2000,1962,1962,0.981,0.981,822.078,0,194.238,PP025-BK,0,,,ON,False
2026-07-16,,IM5,3,11:20PM,Pusher Plate,1099828,,8003,90,0,7.5,300,3.894444444444444,4.105555555555556,,Keeps freezing off.,280.4,1a,50,50,0,0,5,0.09090909090909091,1.0699001426533525,1.0699001426533525,53.495007132667624,0.2704475308641975,0.26304713804713803,0.26304713804713803,90,55,50,0.5555555555555556,0.5050505050505051,0,0,42.9,PP027-GRAY,0,,,ON,False
2026-07-16,,IM5,1,,Pusher Plate,,,8003,90,0,7.5,300,7.788888888888888,0.21111111111111214,,Working on Splay and hooks.,280.4,,100,100,0,0,15,0.13043478260869565,1.0699001426533525,1.0699001426533525,106.99001426533525,1.08179012345679,1.0064412238325282,1.0064412238325282,90,115,100,1.1111111111111112,0.966183574879227,0,0,89.7,PP027-GRAY,0,,,ON,False
2026-07-16,,IM5,2,,Pusher Plate,,,8003,90,0,7.5,300,7.788888888888888,0.21111111111111214,,,280.4,,100,100,0,0,0,0,1.0699001426533525,1.0699001426533525,106.99001426533525,1.08179012345679,1.1574074074074074,1.1574074074074074,90,100,100,1.1111111111111112,1.1111111111111112,0,0,78,PP027-GRAY,0,,,ON,False
2026-07-16,,IM6,3,,SD,,,0,,0,0,0,0,0,,,,,,0,0,0,0,0,0,0,0,0,0,0,0,0,0,0,0,0,0,0,0,0,,,SD,False
2026-07-16,,IM6,1,7:00AM,31CG Fascia Bracket,1098104,,M635,900,9,7.5,30,6.804333333333334,1.195666666666666,,,29.8,6a,822,817,817,5,5,0.006082725060827251,1.006711409395973,1.006711409395973,827.5167785234898,0.7768280555555556,0.7772847222222221,0.7772847222222221,1800,1644,1634,0.9133333333333333,0.9077777777777777,839.876,5.140000000000001,106.86,PP028-BK,0,,,ON,False
2026-07-16,,IM6,2,,31CG Fascia Bracket,,,M635,900,9,7.5,30,8.120500000000002,-0.1205000000000016,,,29.8,,981,981,981,0,0,0,1.006711409395973,1.006711409395973,987.5838926174496,1.1064181250000003,1.11384375,1.11384375,1800,1962,1962,1.09,1.09,1008.4680000000001,0,127.53,PP028-BK,0,,,ON,False
2026-07-16,,IM7,3,11:10PM,T90A RCL Extension A,1095343,,MO5772,650,86.66666666666667,7.041666666666667,39,4.986111111111111,3.0138888888888893,,Pause pack.,35.9,12a,500,495,495,5,5,0.01,1.0863509749303621,1.0863509749303621,543.175487465181,0.4794337606837606,0.5156249999999999,0.5156249999999999,1300,1000,990,0.7692307692307693,0.7615384615384616,708.8399999999999,7.16,270,PC003-BK,0,,,ON,False
2026-07-16,,IM7,1,,T90A RCL Extension A,,,MO5772,700,93.33333333333333,7.583333333333333,39,4.916305555555555,3.083694444444445,,Pause pack.,35.9,,493,493,493,0,0,0,1.0863509749303621,1.0863509749303621,535.5710306406685,0.43281047123015864,0.4701840773809523,0.4701840773809523,1400,986,986,0.7042857142857143,0.7042857142857143,705.976,0,266.22,PC003-BK,0,,,ON,False
2026-07-16,,IM7,2,,T90A RCL Extension A,,,MO5772,700,93.33333333333333,7.583333333333333,39,0,8,,,,,,0,0,0,0,0,0,0,0,0,0,0,1400,0,0,0,0,0,0,0,PC003-BK,0,,,ON,False
2026-07-16,,IM8,3,11:00PM,P33A FCL Base C,1099623,,5549,600,0,7.833333333333333,47,9.694444444444445,-1.6944444444444446,,,34.9,9p,1000,2000,2000,0,0,0,1.346704871060172,1.346704871060172,1346.7048710601719,2.019675925925926,2.7199074074074074,2.7199074074074074,2400,4000,4000,1.6666666666666667,1.6666666666666667,0,0,684.3000000000001,PC017-WT,0,,,ON,False
2026-07-16,,IM8,1,,P33A FCL Base C,,,5549,600,0,7.833333333333333,47,8.434166666666666,-0.43416666666666615,,Paused for pack.,34.9,,870,1740,1740,0,0,0,1.346704871060172,1.346704871060172,1171.6332378223497,1.5286927083333333,2.0586979166666666,2.0586979166666666,2400,3480,3480,1.45,1.45,0,0,595.341,PC017-WT,0,,,ON,False
2026-07-16,,IM8,2,,P33A FCL Base C,,,5549,600,0,7.833333333333333,47,0,8,,,,,,-15,-15,15,15,0,0,0,0,0,0,0,2400,0,-30,0,0,0,0,0,PC017-WT,0,,,ON,False
2026-07-16,,IM9,3,ONGOING,T90A RCL Reflector A,1097938,,MO5774,700,175,7.777777777777778,40,0,8,,,,,327,327,327,0,0,0,0,0,0,0,0,0,1400,654,654,0.46714285714285714,0.46714285714285714,697.164,0,211.89600000000002,PC001-GY,0,,,ON,False
2026-07-16,,IM9,1,8:00AM,890B CHL-LED Cover HG,1098289,,5417,700,0,7,36,5.789444444444444,2.2105555555555556,,,34,,613,613,613,0,0,0,1.0588235294117647,1.0588235294117647,649.0588235294118,0.6337374007936508,0.6710160714285714,0.6710160714285714,1400,1226,1226,0.8757142857142857,0.8757142857142857,0,0,201.67700000000002,PP018-BK,0,,,ON,False
2026-07-16,,IM9,2,,890B CHL-LED Cover HG,,,5417,800,0,8,36,8.320555555555556,-0.3205555555555559,,,34,,881,881,881,0,0,0,1.0588235294117647,1.0588235294117647,932.8235294117648,1.1453764756944445,1.2127515625,1.2127515625,1600,1762,1762,1.10125,1.10125,0,0,289.849,PP018-BK,0,,,ON,False
2026-07-17,,IM1,3,11:40PM,BF4 Ext. B,1101274,,M03433,200,22.22222222222222,2,36,2.806888888888889,5.1931111111111115,,,37.15,1130p,272,268,268,4,4,0.014705882352941176,0.9690444145356663,0.9690444145356663,263.5800807537012,0.47717111111111116,0.4556000000000001,0.4556000000000001,400,544,536,1.36,1.34,724.136,10.808,81.6,PEI01-GY,0,,,ON,False
2026-07-17,,IM1,1,,SD,,,0,,0,0,0,0,0,,,,,,0,0,0,0,0,0,0,0,0,0,0,0,0,0,0,0,0,0,0,0,0,,,SD,False
2026-07-17,,IM1,2,,SD,,,0,,0,0,0,0,0,,,,,,0,0,0,0,0,0,0,0,0,0,0,0,0,0,0,0,0,0,0,0,0,,,SD,False
2026-07-17,,IM10,3,11:10PM,T90A BUL HSG,1100507,,MO5785,700,100,7.388888888888889,38,7.463722222222222,0.5362777777777783,,,36.31,1015p,740,735,735,5,5,0.006756756756756757,1.0465436518865325,1.0465436518865325,774.442302396034,0.9862775793650793,1.025208333333333,1.025208333333333,1400,1480,1470,1.0571428571428572,1.05,1537.6200000000001,10.46,559.44,ASA01-BK,0,,,ON,False
2026-07-17,,IM10,1,,T90A BUL HSG,,,MO5785,700,100,7.388888888888889,38,7.491916666666667,0.5080833333333334,,Out of pack.,36.3,ongoing,743,743,743,0,0,0,1.0468319559228652,1.0468319559228652,777.7961432506888,0.994016800595238,1.0405685515873015,1.0405685515873015,1400,1486,1486,1.0614285714285714,1.0614285714285714,1554.356,0,561.708,ASA01-BK,0,,,ON,False
2026-07-17,,IM10,2,,T90A BUL HSG,,,MO5785,700,100,7.388888888888889,38,0,8,,Out of pack.,,,,0,0,0,0,0,0,0,0,0,0,0,1400,0,0,0,0,0,0,0,ASA01-BK,0,,,ON,False
2026-07-17,,IM11,3,ONGOING,311 D Bezel Plug,1087511,,0,700,0,6.805555555555555,35,6.059666666666667,0,,Paused at 330a no OP.,34.3,ongoing,636,2544,2544,0,0,0,1.0204081632653061,1.0204081632653061,648.9795918367347,0.688205,0.7022499999999999,0.7022499999999999,5600,5088,5088,0.9085714285714286,0.9085714285714286,0,0,203.52,ABS07-BK,0,,,ON,False
2026-07-17,,IM11,1,,311 D Bezel Plug,,,0,,0,0,35,5.716666666666666,0,,,34.3,730a,600,2400,2400,0,0,0,1.0204081632653061,1.0204081632653061,612.2448979591837,0,0,0,0,4800,4800,600,600,0,0,192,ABS07-BK,0,,,ON,False
2026-07-17,,IM11,2,,311 D Bezel Plug,,,0,,0,0,35,6.012027777777777,0,,,34.3,ongoing,631,2524,2524,0,0,0,1.0204081632653061,1.0204081632653061,643.8775510204082,0,0,0,0,5048,5048,631,631,0,0,201.92000000000002,ABS07-BK,0,,,ON,False
2026-07-17,,IM12,3,,SD,,,0,,0,0,0,0,0,,,,,,0,0,0,0,0,0,0,0,0,0,0,0,0,0,0,0,0,0,0,0,0,,,SD,False
2026-07-17,,IM12,1,,SD,,,0,,0,0,0,0,0,,,,,,0,0,0,0,0,0,0,0,0,0,0,0,0,0,0,0,0,0,0,0,0,,,SD,False
2026-07-17,,IM12,2,,SD,,,0,,0,0,0,0,0,,,,,,0,0,0,0,0,0,0,0,0,0,0,0,0,0,0,0,0,0,0,0,0,,,SD,False
2026-07-17,,IM14,3,,SD,,,0,,0,0,0,0,0,,,,,,0,0,0,0,0,0,0,0,0,0,0,0,0,0,0,0,0,0,0,0,0,,,SD,False
2026-07-17,,IM14,1,7:00AM,T90A RCL REFLECTOR C,1101002,,MO5776,800,76.19047619047619,7.333333333333333,33,7.826,0.17400000000000038,,,33.54,545a,840,840,840,0,0,0,0.9838998211091234,0.9838998211091234,826.4758497316637,1.0271625,1.0106249999999999,1.0106249999999999,1600,1680,1680,1.05,1.05,934.08,0,287.28000000000003,PC014-WT,0,,,ON,False
2026-07-17,,IM14,2,,T90A RCL REFLECTOR C,,,MO5776,800,76.19047619047619,7.333333333333333,33,3.254166666666667,4.745833333333334,,Out of pack.,33,ongoing,355,355,355,0,0,0,1,1,355,0.18050455729166667,0.18050455729166667,0.18050455729166667,1600,710,710,0.44375,0.44375,394.76000000000005,0,121.41000000000001,PC014-WT,0,,,ON,False
2026-07-17,,IM15,3,11:00PM,U625 REFLEX REFLECTOR,1095757,,MO8085,800,0,7.333333333333333,33,6.40013888888889,1.5998611111111103,,No op. Out of pack.,31.78,,725,725,725,0,0,0,1.038388923851479,1.038388923851479,752.8319697923223,0.7250157335069446,0.7528483072916669,0.7528483072916669,1600,1450,1450,0.90625,0.90625,559.7,0,111.7225,PMMA01-AM,0,,,ON,False
2026-07-17,,IM15,1,,U625 REFLEX REFLECTOR,,,MO8085,800,0,7.333333333333333,33,5.296666666666667,2.703333333333333,,Out of pack.,31.78,,600,600,600,0,0,0,1.038388923851479,1.038388923851479,623.0333543108874,0.4965625,0.515625,0.515625,1600,1200,1200,0.75,0.75,463.2,0,92.46,PMMA01-AM,0,,,ON,False
2026-07-17,,IM15,2,,U625 REFLEX REFLECTOR,,,MO8085,800,0,7.333333333333333,33,0,8,,Out of pack.,,,,0,0,0,0,0,0,0,0,0,0,0,1600,0,0,0,0,0,0,0,PMMA01-AM,0,,,ON,False
2026-07-17,,IM16,3,,SD,,,0,,0,0,0,0,0,,,,,,0,0,0,0,0,0,0,0,0,0,0,0,0,0,0,0,0,0,0,0,0,,,SD,False
2026-07-17,,IM16,1,,SD,,,0,,0,0,0,0,0,,,,,,0,0,0,0,0,0,0,0,0,0,0,0,0,0,0,0,0,0,0,0,0,,,SD,False
2026-07-17,,IM16,2,,SD,,,0,,0,0,0,0,0,,,,,,0,0,0,0,0,0,0,0,0,0,0,0,0,0,0,0,0,0,0,0,0,,,SD,False
2026-07-17,,IM17,3,,SD,,,0,,0,0,0,0,0,,,,,,0,0,0,0,0,0,0,0,0,0,0,0,0,0,0,0,0,0,0,0,0,,,SD,False
2026-07-17,,IM17,1,,SD,,,0,,0,0,0,0,0,,,,,,0,0,0,0,0,0,0,0,0,0,0,0,0,0,0,0,0,0,0,0,0,,,SD,False
2026-07-17,,IM17,2,,SD,,,0,,0,0,0,0,0,,,,,,0,0,0,0,0,0,0,0,0,0,0,0,0,0,0,0,0,0,0,0,0,,,SD,False
2026-07-17,,IM18,3,,SD,,,0,,0,0,0,0,0,,,,,,0,0,0,0,0,0,0,0,0,0,0,0,0,0,0,0,0,0,0,0,0,,,SD,False
2026-07-17,,IM18,1,,SD,,,0,,0,0,0,0,0,,,,,,0,0,0,0,0,0,0,0,0,0,0,0,0,0,0,0,0,0,0,0,0,,,SD,False
2026-07-17,,IM18,2,,SD,,,0,,0,0,0,0,0,,,,,,0,0,0,0,0,0,0,0,0,0,0,0,0,0,0,0,0,0,0,0,0,,,SD,False
2026-07-17,,IM19,3,,SD,,,0,,0,0,0,0,0,,,,,,0,0,0,0,0,0,0,0,0,0,0,0,0,0,0,0,0,0,0,0,0,,,SD,False
2026-07-17,,IM19,1,,SD,,,0,,0,0,0,0,0,,,,,,0,0,0,0,0,0,0,0,0,0,0,0,0,0,0,0,0,0,0,0,0,,,SD,False
2026-07-17,,IM19,2,,SD,,,0,,0,0,0,0,0,,,,,,0,0,0,0,0,0,0,0,0,0,0,0,0,0,0,0,0,0,0,0,0,,,SD,False
2026-07-17,,IM2,3,11:30PM,T90A CHL BRACKET G,1100587,,MO8384,800,40,7.388888888888889,33.25,6.6402777777777775,1.3597222222222225,,,34.15,11p,700,696,696,4,4,0.005714285714285714,0.9736456808199122,0.9736456808199122,681.5519765739385,0.7262803819444444,0.7030989583333335,0.7030989583333335,1600,1400,1392,0.875,0.87,782.3040000000001,4.496,177.8,ABS06-BK,0,,,ON,False
2026-07-17,,IM2,1,,T90A CHL BRACKET G,,,MO8384,800,40,7.388888888888889,33.25,8.29,-0.28999999999999915,,,33.16,,900,900,900,0,0,0,1.0027141133896262,1.0027141133896262,902.4427020506636,1.1657812499999998,1.1689453125,1.1689453125,1600,1800,1800,1.125,1.125,1011.6000000000001,0,228.6,ABS06-BK,0,,,ON,False
2026-07-17,,IM2,2,,T90A CHL BRACKET G,,,MO8384,800,40,7.388888888888889,33.25,1.3263999999999998,6.6736,,Out of pack.,33.16,,144,144,144,0,0,0,1.0027141133896262,1.0027141133896262,144.39083232810617,0.029843999999999996,0.029925,0.029925,1600,288,288,0.18,0.18,161.85600000000002,0,36.576,ABS06-BK,0,,,ON,False
2026-07-17,,IM3,3,ONGOING,L42P RCL Shade,1099602,,M04373,1000,40,6.666666666666667,24,7.098611111111111,0.9013888888888886,,,23.75,ongoing,1076,1076,1076,0,0,0,1.0105263157894737,1.0105263157894737,1087.3263157894737,0.9547631944444445,0.9648133333333334,0.9648133333333334,2000,2152,2152,1.076,1.076,2108.96,0,316.344,PC006-GY,0,,,ON,False
2026-07-17,,IM3,1,8:30AM,L42P BUL Refl,1101393,RH,M04264,700,116.66666666666667,6.222222222222222,32,7.875555555555556,0.12444444444444436,,,32,545a,886,0,881,0,5,0.0056433408577878106,1,1,886,1.2460253968253967,1.2389936507936505,1.2389936507936505,700,886,881,1.2657142857142858,1.2585714285714287,663.393,3.765,236.562,PC001-GY,0,,,ON,False
2026-07-17,,IM3,2,,L42P BUL Refl,,RH,M04264,800,133.33333333333334,7.111111111111111,32,5.635555555555555,2.3644444444444446,,,32,,634,0,634,0,0,0,1,1,634,0.5582722222222222,0.5582722222222222,0.5582722222222222,800,634,634,0.7925,0.7925,477.402,0,169.27800000000002,PC001-GY,0,,,ON,False
2026-07-17,,IM4,3,12:00AM,GC7 CHL Base A,1100128,,M05786,800,133.33333333333334,6.222222222222222,28,2.3033333333333337,2.0712222222222207,,Having to replace cutter body on EOAT.,27.64,130a,300,295,295,5,5,0.016666666666666666,1.0130246020260492,1.0130246020260492,303.90738060781473,0.7290543923611112,0.7262408684156751,0.7262408684156751,1600,600,590,0.375,0.36874999999999997,415.35999999999996,7.039999999999999,120.24,PP019-BK,0,,,ON,True
2026-07-17,,IM4,3,,L42P RCL Rim/ Cuff,,,MO4375,,0,0,28,3.625444444444445,-3.8070694444444455,,,26.8,ongoing,487,487,487,0,0,0,1.044776119402985,1.044776119402985,508.8059701492537,2.302378541666667,2.4054701181592044,2.4054701181592044,0,974,974,487,487,408.106,0,96.426,PP025-BK,0,,,ON,True
2026-07-17,,IM4,1,,GC7 CHL Base A,,,M05786,1000,166.66666666666666,7.777777777777778,28,8.181625,-0.18162500000000037,,,27.45,ongoing,1073,1073,1073,0,0,0,1.0200364298724955,1.0200364298724955,1094.4990892531878,1.097360453125,1.119347638888889,1.119347638888889,2000,2146,2146,1.073,1.073,1510.7839999999999,0,430.0584,PP019-BK,0,,,ON,False
2026-07-17,,IM4,2,,GC7 CHL Base A,,,M05786,1000,166.66666666666666,7.777777777777778,28,5.970375,2.0296250000000002,,,27.45,,783,783,783,0,0,0,1.0200364298724955,1.0200364298724955,798.688524590164,0.5843504531249999,0.59605875,0.59605875,2000,1566,1566,0.783,0.783,1102.464,0,313.8264,PP019-BK,0,,,ON,False
2026-07-17,,IM5,3,ONGOING,Pusher Plate,1099828,,8003,90,0,7.5,300,6.854222222222221,1.145777777777779,,,280.4,ongoing,88,78,0,10,10,0.20408163265306123,1.0699001426533525,1.0699001426533525,94.15121255349503,0.8377382716049381,0.7133786848072562,0.7133786848072562,90,98,78,0.9777777777777777,0.7782312925170067,0,0,76.44,PP027-GRAY,0,,,ON,False
2026-07-17,,IM5,1,,Pusher Plate,,,8003,90,0,7.5,300,8.567777777777776,-0.5677777777777759,,Replaced Nozzle. To match sprew Opening.,280.4,ongoing,110,110,0,0,0,0,1.0699001426533525,1.0699001426533525,117.68901569186878,1.3089660493827158,1.4004629629629628,1.4004629629629628,90,110,110,1.2222222222222223,1.2222222222222223,0,0,85.8,PP027-GRAY,0,,,ON,False
2026-07-17,,IM5,2,,Pusher Plate,,,8003,90,0,7.5,300,6.075333333333333,1.924666666666667,,,280.4,,78,78,0,0,0,0,1.0699001426533525,1.0699001426533525,83.4522111269615,0.6581611111111111,0.7041666666666667,0.7041666666666667,90,78,78,0.8666666666666667,0.8666666666666667,0,0,60.84,PP027-GRAY,0,,,ON,False
2026-07-17,,IM6,3,ONGOING,31CG Fascia Bracket,1098104,,M635,900,9,7.5,30,7.615555555555557,0.38444444444444326,,,29.8,ongoing,920,920,920,0,0,0,1.006711409395973,1.006711409395973,926.1744966442952,0.9730987654320989,0.9796296296296297,0.9796296296296297,1800,1840,1840,1.0222222222222221,1.0222222222222221,945.76,0,119.60000000000001,PP028-BK,0,,,ON,False
2026-07-17,,IM6,1,8:00AM,T90A CHL REFLEX REFLECTOR,1100742,,MO6510,800,29.09090909090909,6.444444444444445,29,4.515000000000001,3.4849999999999994,,Contamination and water valves off.,30.1,845a,540,525,525,15,15,0.027777777777777776,0.9634551495016611,0.9634551495016611,520.265780730897,0.38095312500000006,0.35683593750000003,0.35683593750000003,1600,1080,1050,0.675,0.65625,385.34999999999997,11.01,66.96,PC026-AMB,0,,,ON,False
2026-07-17,,IM6,2,,T90A CHL REFLEX REFLECTOR,,,MO6510,900,32.72727272727273,7.25,29,5.333333333333333,2.666666666666667,,,30,ongoing,640,640,640,0,0,0,0.9666666666666667,0.9666666666666667,618.6666666666666,0.47407407407407404,0.45827160493827157,0.45827160493827157,1800,1280,1280,0.7111111111111111,0.7111111111111111,469.76,0,79.36,PC026-AMB,0,,,ON,False
2026-07-17,,IM7,3,,SD,,,0,,0,0,0,0,0,,,,,,0,0,0,0,0,0,0,0,0,0,0,0,0,0,0,0,0,0,0,0,0,,,SD,False
2026-07-17,,IM7,1,,SD,,,0,,0,0,0,0,0,,,,,,0,0,0,0,0,0,0,0,0,0,0,0,0,0,0,0,0,0,0,0,0,,,SD,False
2026-07-17,,IM7,2,,SD,,,0,,0,0,0,0,0,,,,,,0,0,0,0,0,0,0,0,0,0,0,0,0,0,0,0,0,0,0,0,0,,,SD,False
2026-07-17,,IM8,3,,SD,,,0,,0,0,0,0,0,,,,,,0,0,0,0,0,0,0,0,0,0,0,0,0,0,0,0,0,0,0,0,0,,,SD,False
2026-07-17,,IM8,1,,SD,,,0,,0,0,0,0,0,,,,,,0,0,0,0,0,0,0,0,0,0,0,0,0,0,0,0,0,0,0,0,0,,,SD,False
2026-07-17,,IM8,2,,SD,,,0,,0,0,0,0,0,,,,,,0,0,0,0,0,0,0,0,0,0,0,0,0,0,0,0,0,0,0,0,0,,,SD,False
2026-07-17,,IM9,3,ONGOING,890B CHL-LED Cover HG,1098289,,5417,700,0,7,36,3.2363999999999993,4.7636,,,33.48,ongoing,348,348,348,0,0,0,1.0752688172043012,1.0752688172043012,374.1935483870968,0.20111914285714283,0.21625714285714287,0.21625714285714287,1400,696,696,0.49714285714285716,0.49714285714285716,0,0,114.492,PP018-BK,0,,,ON,False
2026-07-17,,IM9,1,7:30AM,TZ5A BUL-LED Refl A,1101620,,M03060,300,75,2.75,33,3.2083333333333335,4.791666666666666,,,33,730a,350,335,335,15,15,0.04285714285714286,1,1,350,0.4678819444444445,0.44782986111111117,0.44782986111111117,600,700,670,1.1666666666666667,1.1166666666666667,460.29,20.610000000000003,128.1,PC003-BK,0,,,ON,False
2026-07-17,,IM9,2,,SD,,,0,,0,0,0,0,0,,,,,,0,0,0,0,0,0,0,0,0,0,0,0,0,0,0,0,0,0,0,0,0,,,SD,False
2026-07-18,,IM1,3,,SD,,,0,,0,0,0,0,0,,,,,,0,0,0,0,0,0,0,0,0,0,0,0,0,0,0,0,0,0,0,0,0,,,SD,False
2026-07-18,,IM1,1,,SD,,,0,,0,0,0,0,0,,,,,,0,0,0,0,0,0,0,0,0,0,0,0,0,0,0,0,0,0,0,0,0,,,SD,False
2026-07-18,,IM1,2,,SD,,,0,,0,0,0,0,0,,,,,,0,0,0,0,0,0,0,0,0,0,0,0,0,0,0,0,0,0,0,0,0,,,SD,False
2026-07-18,,IM10,3,,SD,,,0,,0,0,0,0,0,,,,,,0,0,0,0,0,0,0,0,0,0,0,0,0,0,0,0,0,0,0,0,0,,,SD,False
2026-07-18,,IM10,1,,SD,,,0,,0,0,0,0,0,,,,,,0,0,0,0,0,0,0,0,0,0,0,0,0,0,0,0,0,0,0,0,0,,,SD,False
2026-07-18,,IM10,2,,SD,,,0,,0,0,0,0,0,,,,,,0,0,0,0,0,0,0,0,0,0,0,0,0,0,0,0,0,0,0,0,0,,,SD,False
2026-07-18,,IM11,3,,SD,,,0,,0,0,0,0,0,,,,,,0,0,0,0,0,0,0,0,0,0,0,0,0,0,0,0,0,0,0,0,0,,,SD,False
2026-07-18,,IM11,1,,SD,,,0,,0,0,0,0,0,,,,,,0,0,0,0,0,0,0,0,0,0,0,0,0,0,0,0,0,0,0,0,0,,,SD,False
2026-07-18,,IM11,2,,SD,,,0,,0,0,0,0,0,,,,,,0,0,0,0,0,0,0,0,0,0,0,0,0,0,0,0,0,0,0,0,0,,,SD,False
2026-07-18,,IM12,3,,SD,,,0,,0,0,0,0,0,,,,,,0,0,0,0,0,0,0,0,0,0,0,0,0,0,0,0,0,0,0,0,0,,,SD,False
2026-07-18,,IM12,1,,SD,,,0,,0,0,0,0,0,,,,,,0,0,0,0,0,0,0,0,0,0,0,0,0,0,0,0,0,0,0,0,0,,,SD,False
2026-07-18,,IM12,2,,SD,,,0,,0,0,0,0,0,,,,,,0,0,0,0,0,0,0,0,0,0,0,0,0,0,0,0,0,0,0,0,0,,,SD,False
2026-07-18,,IM14,3,,SD,,,0,,0,0,0,0,0,,,,,,0,0,0,0,0,0,0,0,0,0,0,0,0,0,0,0,0,0,0,0,0,,,SD,False
2026-07-18,,IM14,1,,SD,,,0,,0,0,0,0,0,,,,,,0,0,0,0,0,0,0,0,0,0,0,0,0,0,0,0,0,0,0,0,0,,,SD,False
2026-07-18,,IM14,2,,SD,,,0,,0,0,0,0,0,,,,,,0,0,0,0,0,0,0,0,0,0,0,0,0,0,0,0,0,0,0,0,0,,,SD,False
2026-07-18,,IM15,3,,SD,,,0,,0,0,0,0,0,,,,,,0,0,0,0,0,0,0,0,0,0,0,0,0,0,0,0,0,0,0,0,0,,,SD,False
2026-07-18,,IM15,1,,SD,,,0,,0,0,0,0,0,,,,,,0,0,0,0,0,0,0,0,0,0,0,0,0,0,0,0,0,0,0,0,0,,,SD,False
2026-07-18,,IM15,2,,SD,,,0,,0,0,0,0,0,,,,,,0,0,0,0,0,0,0,0,0,0,0,0,0,0,0,0,0,0,0,0,0,,,SD,False
2026-07-18,,IM16,3,,SD,,,0,,0,0,0,0,0,,,,,,0,0,0,0,0,0,0,0,0,0,0,0,0,0,0,0,0,0,0,0,0,,,SD,False
2026-07-18,,IM16,1,,SD,,,0,,0,0,0,0,0,,,,,,0,0,0,0,0,0,0,0,0,0,0,0,0,0,0,0,0,0,0,0,0,,,SD,False
2026-07-18,,IM16,2,,SD,,,0,,0,0,0,0,0,,,,,,0,0,0,0,0,0,0,0,0,0,0,0,0,0,0,0,0,0,0,0,0,,,SD,False
2026-07-18,,IM17,3,,SD,,,0,,0,0,0,0,0,,,,,,0,0,0,0,0,0,0,0,0,0,0,0,0,0,0,0,0,0,0,0,0,,,SD,False
2026-07-18,,IM17,1,,SD,,,0,,0,0,0,0,0,,,,,,0,0,0,0,0,0,0,0,0,0,0,0,0,0,0,0,0,0,0,0,0,,,SD,False
2026-07-18,,IM17,2,,SD,,,0,,0,0,0,0,0,,,,,,0,0,0,0,0,0,0,0,0,0,0,0,0,0,0,0,0,0,0,0,0,,,SD,False
2026-07-18,,IM18,3,,SD,,,0,,0,0,0,0,0,,,,,,0,0,0,0,0,0,0,0,0,0,0,0,0,0,0,0,0,0,0,0,0,,,SD,False
2026-07-18,,IM18,1,,SD,,,0,,0,0,0,0,0,,,,,,0,0,0,0,0,0,0,0,0,0,0,0,0,0,0,0,0,0,0,0,0,,,SD,False
2026-07-18,,IM18,2,,SD,,,0,,0,0,0,0,0,,,,,,0,0,0,0,0,0,0,0,0,0,0,0,0,0,0,0,0,0,0,0,0,,,SD,False
2026-07-18,,IM19,3,,SD,,,0,,0,0,0,0,0,,,,,,0,0,0,0,0,0,0,0,0,0,0,0,0,0,0,0,0,0,0,0,0,,,SD,False
2026-07-18,,IM19,1,,SD,,,0,,0,0,0,0,0,,,,,,0,0,0,0,0,0,0,0,0,0,0,0,0,0,0,0,0,0,0,0,0,,,SD,False
2026-07-18,,IM19,2,,SD,,,0,,0,0,0,0,0,,,,,,0,0,0,0,0,0,0,0,0,0,0,0,0,0,0,0,0,0,0,0,0,,,SD,False
2026-07-18,,IM2,3,,SD,,,0,,0,0,0,0,0,,,,,,0,0,0,0,0,0,0,0,0,0,0,0,0,0,0,0,0,0,0,0,0,,,SD,False
2026-07-18,,IM2,1,,SD,,,0,,0,0,0,0,0,,,,,,0,0,0,0,0,0,0,0,0,0,0,0,0,0,0,0,0,0,0,0,0,,,SD,False
2026-07-18,,IM2,2,,SD,,,0,,0,0,0,0,0,,,,,,0,0,0,0,0,0,0,0,0,0,0,0,0,0,0,0,0,0,0,0,0,,,SD,False
2026-07-18,,IM3,3,,SD,,,0,,0,0,0,0,0,,,,,,0,0,0,0,0,0,0,0,0,0,0,0,0,0,0,0,0,0,0,0,0,,,SD,False
2026-07-18,,IM3,1,,SD,,,0,,0,0,0,0,0,,,,,,0,0,0,0,0,0,0,0,0,0,0,0,0,0,0,0,0,0,0,0,0,,,SD,False
2026-07-18,,IM3,2,,SD,,,0,,0,0,0,0,0,,,,,,0,0,0,0,0,0,0,0,0,0,0,0,0,0,0,0,0,0,0,0,0,,,SD,False
2026-07-18,,IM4,3,,SD,,,0,,0,0,0,0,0,,,,,,0,0,0,0,0,0,0,0,0,0,0,0,0,0,0,0,0,0,0,0,0,,,SD,False
2026-07-18,,IM4,1,,SD,,,0,,0,0,0,0,0,,,,,,0,0,0,0,0,0,0,0,0,0,0,0,0,0,0,0,0,0,0,0,0,,,SD,False
2026-07-18,,IM4,2,,SD,,,0,,0,0,0,0,0,,,,,,0,0,0,0,0,0,0,0,0,0,0,0,0,0,0,0,0,0,0,0,0,,,SD,False
2026-07-18,,IM5,3,,SD,,,0,,0,0,0,0,0,,,,,,0,0,0,0,0,0,0,0,0,0,0,0,0,0,0,0,0,0,0,0,0,,,SD,False
2026-07-18,,IM5,1,,SD,,,0,,0,0,0,0,0,,,,,,0,0,0,0,0,0,0,0,0,0,0,0,0,0,0,0,0,0,0,0,0,,,SD,False
2026-07-18,,IM5,2,,SD,,,0,,0,0,0,0,0,,,,,,0,0,0,0,0,0,0,0,0,0,0,0,0,0,0,0,0,0,0,0,0,,,SD,False
2026-07-18,,IM6,3,,SD,,,0,,0,0,0,0,0,,,,,,0,0,0,0,0,0,0,0,0,0,0,0,0,0,0,0,0,0,0,0,0,,,SD,False
2026-07-18,,IM6,1,,SD,,,0,,0,0,0,0,0,,,,,,0,0,0,0,0,0,0,0,0,0,0,0,0,0,0,0,0,0,0,0,0,,,SD,False
2026-07-18,,IM6,2,,SD,,,0,,0,0,0,0,0,,,,,,0,0,0,0,0,0,0,0,0,0,0,0,0,0,0,0,0,0,0,0,0,,,SD,False
2026-07-18,,IM7,3,,SD,,,0,,0,0,0,0,0,,,,,,0,0,0,0,0,0,0,0,0,0,0,0,0,0,0,0,0,0,0,0,0,,,SD,False
2026-07-18,,IM7,1,,SD,,,0,,0,0,0,0,0,,,,,,0,0,0,0,0,0,0,0,0,0,0,0,0,0,0,0,0,0,0,0,0,,,SD,False
2026-07-18,,IM7,2,,SD,,,0,,0,0,0,0,0,,,,,,0,0,0,0,0,0,0,0,0,0,0,0,0,0,0,0,0,0,0,0,0,,,SD,False
2026-07-18,,IM8,3,,SD,,,0,,0,0,0,0,0,,,,,,0,0,0,0,0,0,0,0,0,0,0,0,0,0,0,0,0,0,0,0,0,,,SD,False
2026-07-18,,IM8,1,,SD,,,0,,0,0,0,0,0,,,,,,0,0,0,0,0,0,0,0,0,0,0,0,0,0,0,0,0,0,0,0,0,,,SD,False
2026-07-18,,IM8,2,,SD,,,0,,0,0,0,0,0,,,,,,0,0,0,0,0,0,0,0,0,0,0,0,0,0,0,0,0,0,0,0,0,,,SD,False
2026-07-18,,IM9,3,,SD,,,0,,0,0,0,0,0,,,,,,0,0,0,0,0,0,0,0,0,0,0,0,0,0,0,0,0,0,0,0,0,,,SD,False
2026-07-18,,IM9,1,,SD,,,0,,0,0,0,0,0,,,,,,0,0,0,0,0,0,0,0,0,0,0,0,0,0,0,0,0,0,0,0,0,,,SD,False
2026-07-18,,IM9,2,,SD,,,0,,0,0,0,0,0,,,,,,0,0,0,0,0,0,0,0,0,0,0,0,0,0,0,0,0,0,0,0,0,,,SD,False
2026-07-19,,IM1,3,,SD,,,0,,0,0,0,0,0,,,,,,0,0,0,0,0,0,0,0,0,0,0,0,0,0,0,0,0,0,0,0,0,,,SD,False
2026-07-19,,IM1,1,,SD,,,0,,0,0,0,0,0,,,,,,0,0,0,0,0,0,0,0,0,0,0,0,0,0,0,0,0,0,0,0,0,,,SD,False
2026-07-19,,IM1,2,,SD,,,0,,0,0,0,0,0,,,,,,0,0,0,0,0,0,0,0,0,0,0,0,0,0,0,0,0,0,0,0,0,,,SD,False
2026-07-19,,IM10,3,,SD,,,0,,0,0,0,0,0,,,,,,0,0,0,0,0,0,0,0,0,0,0,0,0,0,0,0,0,0,0,0,0,,,SD,False
2026-07-19,,IM10,1,,SD,,,0,,0,0,0,0,0,,,,,,0,0,0,0,0,0,0,0,0,0,0,0,0,0,0,0,0,0,0,0,0,,,SD,False
2026-07-19,,IM10,2,,SD,,,0,,0,0,0,0,0,,,,,,0,0,0,0,0,0,0,0,0,0,0,0,0,0,0,0,0,0,0,0,0,,,SD,False
2026-07-19,,IM11,3,,SD,,,0,,0,0,0,0,0,,,,,,0,0,0,0,0,0,0,0,0,0,0,0,0,0,0,0,0,0,0,0,0,,,SD,False
2026-07-19,,IM11,1,,SD,,,0,,0,0,0,0,0,,,,,,0,0,0,0,0,0,0,0,0,0,0,0,0,0,0,0,0,0,0,0,0,,,SD,False
2026-07-19,,IM11,2,,SD,,,0,,0,0,0,0,0,,,,,,0,0,0,0,0,0,0,0,0,0,0,0,0,0,0,0,0,0,0,0,0,,,SD,False
2026-07-19,,IM12,3,,SD,,,0,,0,0,0,0,0,,,,,,0,0,0,0,0,0,0,0,0,0,0,0,0,0,0,0,0,0,0,0,0,,,SD,False
2026-07-19,,IM12,1,,SD,,,0,,0,0,0,0,0,,,,,,0,0,0,0,0,0,0,0,0,0,0,0,0,0,0,0,0,0,0,0,0,,,SD,False
2026-07-19,,IM12,2,,SD,,,0,,0,0,0,0,0,,,,,,0,0,0,0,0,0,0,0,0,0,0,0,0,0,0,0,0,0,0,0,0,,,SD,False
2026-07-19,,IM14,3,,SD,,,0,,0,0,0,0,0,,,,,,0,0,0,0,0,0,0,0,0,0,0,0,0,0,0,0,0,0,0,0,0,,,SD,False
2026-07-19,,IM14,1,,SD,,,0,,0,0,0,0,0,,,,,,0,0,0,0,0,0,0,0,0,0,0,0,0,0,0,0,0,0,0,0,0,,,SD,False
2026-07-19,,IM14,2,,SD,,,0,,0,0,0,0,0,,,,,,0,0,0,0,0,0,0,0,0,0,0,0,0,0,0,0,0,0,0,0,0,,,SD,False
2026-07-19,,IM15,3,,SD,,,0,,0,0,0,0,0,,,,,,0,0,0,0,0,0,0,0,0,0,0,0,0,0,0,0,0,0,0,0,0,,,SD,False
2026-07-19,,IM15,1,,SD,,,0,,0,0,0,0,0,,,,,,0,0,0,0,0,0,0,0,0,0,0,0,0,0,0,0,0,0,0,0,0,,,SD,False
2026-07-19,,IM15,2,,SD,,,0,,0,0,0,0,0,,,,,,0,0,0,0,0,0,0,0,0,0,0,0,0,0,0,0,0,0,0,0,0,,,SD,False
2026-07-19,,IM16,3,,SD,,,0,,0,0,0,0,0,,,,,,0,0,0,0,0,0,0,0,0,0,0,0,0,0,0,0,0,0,0,0,0,,,SD,False
2026-07-19,,IM16,1,,SD,,,0,,0,0,0,0,0,,,,,,0,0,0,0,0,0,0,0,0,0,0,0,0,0,0,0,0,0,0,0,0,,,SD,False
2026-07-19,,IM16,2,,SD,,,0,,0,0,0,0,0,,,,,,0,0,0,0,0,0,0,0,0,0,0,0,0,0,0,0,0,0,0,0,0,,,SD,False
2026-07-19,,IM17,3,,SD,,,0,,0,0,0,0,0,,,,,,0,0,0,0,0,0,0,0,0,0,0,0,0,0,0,0,0,0,0,0,0,,,SD,False
2026-07-19,,IM17,1,,SD,,,0,,0,0,0,0,0,,,,,,0,0,0,0,0,0,0,0,0,0,0,0,0,0,0,0,0,0,0,0,0,,,SD,False
2026-07-19,,IM17,2,,SD,,,0,,0,0,0,0,0,,,,,,0,0,0,0,0,0,0,0,0,0,0,0,0,0,0,0,0,0,0,0,0,,,SD,False
2026-07-19,,IM18,3,,SD,,,0,,0,0,0,0,0,,,,,,0,0,0,0,0,0,0,0,0,0,0,0,0,0,0,0,0,0,0,0,0,,,SD,False
2026-07-19,,IM18,1,,SD,,,0,,0,0,0,0,0,,,,,,0,0,0,0,0,0,0,0,0,0,0,0,0,0,0,0,0,0,0,0,0,,,SD,False
2026-07-19,,IM18,2,,SD,,,0,,0,0,0,0,0,,,,,,0,0,0,0,0,0,0,0,0,0,0,0,0,0,0,0,0,0,0,0,0,,,SD,False
2026-07-19,,IM19,3,,SD,,,0,,0,0,0,0,0,,,,,,0,0,0,0,0,0,0,0,0,0,0,0,0,0,0,0,0,0,0,0,0,,,SD,False
2026-07-19,,IM19,1,,SD,,,0,,0,0,0,0,0,,,,,,0,0,0,0,0,0,0,0,0,0,0,0,0,0,0,0,0,0,0,0,0,,,SD,False
2026-07-19,,IM19,2,,SD,,,0,,0,0,0,0,0,,,,,,0,0,0,0,0,0,0,0,0,0,0,0,0,0,0,0,0,0,0,0,0,,,SD,False
2026-07-19,,IM2,3,,SD,,,0,,0,0,0,0,0,,,,,,0,0,0,0,0,0,0,0,0,0,0,0,0,0,0,0,0,0,0,0,0,,,SD,False
2026-07-19,,IM2,1,,SD,,,0,,0,0,0,0,0,,,,,,0,0,0,0,0,0,0,0,0,0,0,0,0,0,0,0,0,0,0,0,0,,,SD,False
2026-07-19,,IM2,2,,SD,,,0,,0,0,0,0,0,,,,,,0,0,0,0,0,0,0,0,0,0,0,0,0,0,0,0,0,0,0,0,0,,,SD,False
2026-07-19,,IM3,3,,SD,,,0,,0,0,0,0,0,,,,,,0,0,0,0,0,0,0,0,0,0,0,0,0,0,0,0,0,0,0,0,0,,,SD,False
2026-07-19,,IM3,1,,SD,,,0,,0,0,0,0,0,,,,,,0,0,0,0,0,0,0,0,0,0,0,0,0,0,0,0,0,0,0,0,0,,,SD,False
2026-07-19,,IM3,2,,SD,,,0,,0,0,0,0,0,,,,,,0,0,0,0,0,0,0,0,0,0,0,0,0,0,0,0,0,0,0,0,0,,,SD,False
2026-07-19,,IM4,3,,SD,,,0,,0,0,0,0,0,,,,,,0,0,0,0,0,0,0,0,0,0,0,0,0,0,0,0,0,0,0,0,0,,,SD,False
2026-07-19,,IM4,1,,SD,,,0,,0,0,0,0,0,,,,,,0,0,0,0,0,0,0,0,0,0,0,0,0,0,0,0,0,0,0,0,0,,,SD,False
2026-07-19,,IM4,2,,SD,,,0,,0,0,0,0,0,,,,,,0,0,0,0,0,0,0,0,0,0,0,0,0,0,0,0,0,0,0,0,0,,,SD,False
2026-07-19,,IM5,3,,SD,,,0,,0,0,0,0,0,,,,,,0,0,0,0,0,0,0,0,0,0,0,0,0,0,0,0,0,0,0,0,0,,,SD,False
2026-07-19,,IM5,1,,SD,,,0,,0,0,0,0,0,,,,,,0,0,0,0,0,0,0,0,0,0,0,0,0,0,0,0,0,0,0,0,0,,,SD,False
2026-07-19,,IM5,2,,SD,,,0,,0,0,0,0,0,,,,,,0,0,0,0,0,0,0,0,0,0,0,0,0,0,0,0,0,0,0,0,0,,,SD,False
2026-07-19,,IM6,3,,SD,,,0,,0,0,0,0,0,,,,,,0,0,0,0,0,0,0,0,0,0,0,0,0,0,0,0,0,0,0,0,0,,,SD,False
2026-07-19,,IM6,1,,SD,,,0,,0,0,0,0,0,,,,,,0,0,0,0,0,0,0,0,0,0,0,0,0,0,0,0,0,0,0,0,0,,,SD,False
2026-07-19,,IM6,2,,SD,,,0,,0,0,0,0,0,,,,,,0,0,0,0,0,0,0,0,0,0,0,0,0,0,0,0,0,0,0,0,0,,,SD,False
2026-07-19,,IM7,3,,SD,,,0,,0,0,0,0,0,,,,,,0,0,0,0,0,0,0,0,0,0,0,0,0,0,0,0,0,0,0,0,0,,,SD,False
2026-07-19,,IM7,1,,SD,,,0,,0,0,0,0,0,,,,,,0,0,0,0,0,0,0,0,0,0,0,0,0,0,0,0,0,0,0,0,0,,,SD,False
2026-07-19,,IM7,2,,SD,,,0,,0,0,0,0,0,,,,,,0,0,0,0,0,0,0,0,0,0,0,0,0,0,0,0,0,0,0,0,0,,,SD,False
2026-07-19,,IM8,3,,SD,,,0,,0,0,0,0,0,,,,,,0,0,0,0,0,0,0,0,0,0,0,0,0,0,0,0,0,0,0,0,0,,,SD,False
2026-07-19,,IM8,1,,SD,,,0,,0,0,0,0,0,,,,,,0,0,0,0,0,0,0,0,0,0,0,0,0,0,0,0,0,0,0,0,0,,,SD,False
2026-07-19,,IM8,2,,SD,,,0,,0,0,0,0,0,,,,,,0,0,0,0,0,0,0,0,0,0,0,0,0,0,0,0,0,0,0,0,0,,,SD,False
2026-07-19,,IM9,3,,SD,,,0,,0,0,0,0,0,,,,,,0,0,0,0,0,0,0,0,0,0,0,0,0,0,0,0,0,0,0,0,0,,,SD,False
2026-07-19,,IM9,1,,SD,,,0,,0,0,0,0,0,,,,,,0,0,0,0,0,0,0,0,0,0,0,0,0,0,0,0,0,0,0,0,0,,,SD,False
2026-07-19,,IM9,2,,SD,,,0,,0,0,0,0,0,,,,,,0,0,0,0,0,0,0,0,0,0,0,0,0,0,0,0,0,0,0,0,0,,,SD,False
2026-07-20,,IM1,3,11:00PM,NQ5A Bumper Brkt O/B,1103462,,1024,650,0,7.8036111111111115,43.22,5.294791666666667,2.705208333333333,,,33.15,1130p,575,569,569,6,6,0.010434782608695653,1.3037707390648567,1.3037707390648567,749.6681749622926,0.5854817708333334,0.7553687767094018,0.7553687767094018,1300,1150,1138,0.8846153846153846,0.8753846153846153,0,0,63.365,PAM02-BK,0,,,ON,False
2026-07-20,,IM1,1,,NQ5A Bumper Brkt O/B,,,1024,650,0,7.8036111111111115,43.22,8.188677777777777,-0.1886777777777766,,,33.16,,889,889,889,0,0,0,1.3033775633293125,1.3033775633293125,1158.7026537997588,1.3999489508547007,1.8246620523504273,1.8246620523504273,1300,1778,1778,1.3676923076923078,1.3676923076923078,0,0,97.96780000000001,PAM02-BK,0,,,ON,False
2026-07-20,,IM1,2,,NQ5A Bumper Brkt O/B,,,1024,650,0,7.8036111111111115,43.22,8.078144444444444,-0.0781444444444439,,,33.16,,877,877,877,0,0,0,1.3033775633293125,1.3033775633293125,1143.0621230398071,1.3624101303418803,1.775734795940171,1.775734795940171,1300,1754,1754,1.3492307692307692,1.3492307692307692,0,0,96.64540000000001,PAM02-BK,0,,,ON,False
2026-07-20,,IM10,3,11:50PM,31CC DRL Inner Lens,1098017,,TNL 621,200,28.571428571428573,2.2777777777777777,41,3.2868833333333334,4.713116666666666,,Pause wip.,37.21,1130p,318,308,308,10,10,0.031446540880503145,1.1018543402311207,1.1018543402311207,350.3896801934964,0.6532680625,0.6971708333333334,0.6971708333333334,400,636,616,1.59,1.54,643.104,20.880000000000003,178.35220800000002,PC020-NC,0,,,ON,False
2026-07-20,,IM10,1,,31CC DRL Inner Lens,,,TNL 621,300,42.857142857142854,3.4166666666666665,41,2.8573666666666666,5.142633333333333,,Pause wip.,37.27,,276,276,276,0,0,0,1.1000804936946604,1.1000804936946604,303.62221625972626,0.32859716666666666,0.36148333333333327,0.36148333333333327,600,552,552,0.92,0.92,576.288,0,154.796256,PC020-NC,0,,,ON,False
2026-07-20,,IM10,2,,31CC DRL Inner Lens,,,TNL 621,300,42.857142857142854,3.4166666666666665,41,1.9049111111111112,6.095088888888888,,Pause wip.,37.27,,184,181,181,3,3,0.016304347826086956,1.1000804936946604,1.1000804936946604,202.4148108398175,0.1460431851851852,0.15803981481481483,0.15803981481481483,600,368,362,0.6133333333333333,0.6033333333333333,377.928,6.264,103.19750400000001,PC020-NC,0,,,ON,False
2026-07-20,,IM11,3,12:10AM,311 D Bezel Plug,1087511,,0,700,0,6.805555555555555,35,4.775000000000001,0,,,34.38,1215a,500,1980,1980,20,20,0.01,1.0180337405468294,1.0180337405468294,509.01687027341467,0.4263392857142858,0.4296875,0.4296875,5600,4000,3960,0.7142857142857143,0.7071428571428572,0,0,160,ABS07-BK,0,,,ON,False
2026-07-20,,IM11,1,,311 D Bezel Plug,,,0,800,0,7.777777777777778,35,8.289166666666667,0,,,34.3,,870,3480,3480,0,0,0,1.0204081632653061,1.0204081632653061,887.7551020408164,1.1268085937499999,1.1498046874999999,1.1498046874999999,6400,6960,6960,1.0875,1.0875,0,0,278.40000000000003,ABS07-BK,0,,,ON,False
2026-07-20,,IM11,2,,311 D Bezel Plug,,,0,800,0,7.777777777777778,35,3.2108611111111105,0,,No OP per Lead.,34.3,,337,1348,1348,0,0,0,1.0204081632653061,1.0204081632653061,343.8775510204082,0.16907190538194442,0.17252235243055553,0.17252235243055553,6400,2696,2696,0.42125,0.42125,0,0,107.84,ABS07-BK,0,,,ON,False
2026-07-20,,IM12,3,,SD,,,0,,0,0,0,0,0,,,,,,0,0,0,0,0,0,0,0,0,0,0,0,0,0,0,0,0,0,0,0,0,,,SD,False
2026-07-20,,IM12,1,,SD,,,0,,0,0,0,0,0,,,,,,0,0,0,0,0,0,0,0,0,0,0,0,0,0,0,0,0,0,0,0,0,,,SD,False
2026-07-20,,IM12,2,,SD,,,0,,0,0,0,0,0,,,,,,0,0,0,0,0,0,0,0,0,0,0,0,0,0,0,0,0,0,0,0,0,,,SD,False
2026-07-20,,IM14,3,12:20AM,T90A RCL REFLECTOR C,1101002,,MO5776,600,57.142857142857146,5.5,33,2.2393333333333336,5.760666666666666,,Out of pack 3am.,33.59,1215a,240,235,235,5,5,0.020833333333333332,0.9824352485858886,0.9824352485858886,235.78445966061327,0.11196666666666667,0.10770833333333334,0.10770833333333334,1200,480,470,0.4,0.39166666666666666,261.32000000000005,5.5600000000000005,82.08000000000001,PC014-WT,0,,,ON,False
2026-07-20,,IM14,1,8:30AM,T90A CHL EXTENSION B,1102454,,MO6519,600,40,5.666666666666667,34,7.215858333333333,0.7841416666666667,,,34.59,6a,751,746,751,5,0,0.003328894806924101,0.9829430471234459,0.9829430471234459,738.1902283897078,1.1289811684027777,1.106030034722222,1.106030034722222,1200,1502,1497,1.2516666666666667,1.2475,649.698,2.17,222.296,PC003-BK,0,,,ON,False
2026-07-20,,IM14,2,,T90A CHL EXTENSION B,,,MO6519,800,53.333333333333336,7.555555555555555,34,7.100558333333335,0.8994416666666654,,No OP per Lead.,34.59,,739,739,739,0,0,0,0.9829430471234459,0.9829430471234459,726.3949118242266,0.8198925950520836,0.8059077256944446,0.8059077256944446,1600,1478,1478,0.92375,0.92375,641.452,0,218.744,PC003-BK,0,,,ON,False
2026-07-20,,IM15,3,,SD,,,0,,0,0,0,0,0,,,,,,0,0,0,0,0,0,0,0,0,0,0,0,0,0,0,0,0,0,0,0,0,,,SD,False
2026-07-20,,IM15,1,,SD,,,0,,0,0,0,0,0,,,,,,0,0,0,0,0,0,0,0,0,0,0,0,0,0,0,0,0,0,0,0,0,,,SD,False
2026-07-20,,IM15,2,,SD,,,0,,0,0,0,0,0,,,,,,0,0,0,0,0,0,0,0,0,0,0,0,0,0,0,0,0,0,0,0,0,,,SD,False
2026-07-20,,IM16,3,,SD,,,0,,0,0,0,0,0,,,,,,0,0,0,0,0,0,0,0,0,0,0,0,0,0,0,0,0,0,0,0,0,,,SD,False
2026-07-20,,IM16,1,,SD,,,0,,0,0,0,0,0,,,,,,0,0,0,0,0,0,0,0,0,0,0,0,0,0,0,0,0,0,0,0,0,,,SD,False
2026-07-20,,IM16,2,,SD,,,0,,0,0,0,0,0,,,,,,0,0,0,0,0,0,0,0,0,0,0,0,0,0,0,0,0,0,0,0,0,,,SD,False
2026-07-20,,IM17,3,,SD,,,0,,0,0,0,0,0,,,,,,0,0,0,0,0,0,0,0,0,0,0,0,0,0,0,0,0,0,0,0,0,,,SD,False
2026-07-20,,IM17,1,,SD,,,0,,0,0,0,0,0,,,,,,0,0,0,0,0,0,0,0,0,0,0,0,0,0,0,0,0,0,0,0,0,,,SD,False
2026-07-20,,IM17,2,,SD,,,0,,0,0,0,0,0,,,,,,0,0,0,0,0,0,0,0,0,0,0,0,0,0,0,0,0,0,0,0,0,,,SD,False
2026-07-20,,IM18,3,,SD,,,0,,0,0,0,0,0,,,,,,0,0,0,0,0,0,0,0,0,0,0,0,0,0,0,0,0,0,0,0,0,,,SD,False
2026-07-20,,IM18,1,,SD,,,0,,0,0,0,0,0,,,,,,0,0,0,0,0,0,0,0,0,0,0,0,0,0,0,0,0,0,0,0,0,,,SD,False
2026-07-20,,IM18,2,,SD,,,0,,0,0,0,0,0,,,,,,0,0,0,0,0,0,0,0,0,0,0,0,0,0,0,0,0,0,0,0,0,,,SD,False
2026-07-20,,IM19,3,,SD,,,0,,0,0,0,0,0,,,,,,0,0,0,0,0,0,0,0,0,0,0,0,0,0,0,0,0,0,0,0,0,,,SD,False
2026-07-20,,IM19,1,,SD,,,0,,0,0,0,0,0,,,,,,0,0,0,0,0,0,0,0,0,0,0,0,0,0,0,0,0,0,0,0,0,,,SD,False
2026-07-20,,IM19,2,,SD,,,0,,0,0,0,0,0,,,,,,0,0,0,0,0,0,0,0,0,0,0,0,0,0,0,0,0,0,0,0,0,,,SD,False
2026-07-20,,IM2,3,,SD,,,0,,0,0,0,0,0,,,,,,0,0,0,0,0,0,0,0,0,0,0,0,0,0,0,0,0,0,0,0,0,,,SD,False
2026-07-20,,IM2,1,7:00AM,THRA/TGSX Outer Lens Mold Only,1103391,,NEEDED,600,0,7.5,45,6.491716666666666,1.5082833333333339,,,44.43,645a,526,1047,0,5,5,0.00946073793755913,1.012829169480081,1.012829169480081,532.7481431465227,0.7113839513888888,0.7136938564333017,0.7136938564333017,1200,1057,1047,0.8766666666666667,0.8683727530747399,0,0,169.12,PMMA03-RED,0,,,ON,False
2026-07-20,,IM2,2,,THRA/TGSX Outer Lens Mold Only,,,NEEDED,600,0,7.5,45,8.283122222222222,-0.2831222222222216,,,44.44,,671,1342,0,0,0,0,1.0126012601260126,1.0126012601260126,679.4554455445544,1.157911460648148,1.1725026041666664,1.1725026041666664,1200,1342,1342,1.1183333333333334,1.1183333333333334,0,0,214.72,PMMA03-RED,0,,,ON,False
2026-07-20,,IM3,3,11:10PM,L42P BUL Refl,1101393,,M04264,800,133.33333333333334,7.111111111111111,32,5.111111111111112,2.8888888888888884,,,32,11p,575,571,571,4,4,0.006956521739130435,1,1,575,0.45920138888888895,0.4560069444444445,0.4560069444444445,1600,1150,1142,0.71875,0.71375,859.926,6.024,307.05,PC001-GY,0,,,ON,False
2026-07-20,,IM3,1,,L42P BUL Refl,,,M04264,700,116.66666666666667,6.222222222222222,32,8.222222222222221,-0.22222222222222143,,,32,,925,925,925,0,0,0,1,1,925,1.3581349206349205,1.3581349206349205,1.3581349206349205,1400,1850,1850,1.3214285714285714,1.3214285714285714,1393.05,0,493.95000000000005,PC001-GY,0,,,ON,False
2026-07-20,,IM3,2,4:00PM,T90A RCL INNER LENS B,1102679,RH,MO5778,700,58.333333333333336,6.416666666666667,33,6.066638888888888,1.933361111111112,,,24.65,330p,886,0,866,20,20,0.04415011037527594,1.3387423935091278,1.3387423935091278,1186.1257606490872,0.9598289384920633,1.2282324017134445,1.2282324017134445,700,906,866,1.2657142857142858,1.2098328602964366,374.112,17.28,104.19,PC011-NC,0,,,ON,False
2026-07-20,,IM4,3,12:00AM,31CG Inner Lens,1101740,,M643,700,23.333333333333332,6.805555555555555,35,4.581111111111111,3.4188888888888886,,,34.72,1230a,475,471,471,4,4,0.008421052631578947,1.0080645161290323,1.0080645161290323,478.8306451612903,0.3885763888888889,0.38841145833333335,0.38841145833333335,1400,950,942,0.6785714285714286,0.6728571428571428,779.034,6.616,148.2,PC028-RED,0,,,ON,False
2026-07-20,,IM4,1,,31CG Inner Lens,,,M643,800,26.666666666666668,7.777777777777778,35,7.963541666666667,0.03645833333333304,,Having issues with short shots and contamination.,34.75,,825,805,805,20,20,0.024242424242424242,1.0071942446043165,1.0071942446043165,830.9352517985611,1.02655029296875,1.0088704427083333,1.0088704427083333,1600,1650,1610,1.03125,1.0062499999999999,1331.47,33.08,257.4,PC028-RED,0,,,ON,False
2026-07-20,,IM4,2,,31CG Inner Lens,,,M643,800,26.666666666666668,7.777777777777778,35,7.461597222222222,0.5384027777777778,,Having issues with contamination.,34.75,,773,773,773,0,0,0,1.0071942446043165,1.0071942446043165,778.5611510791366,0.9012210394965279,0.9077046440972223,0.9077046440972223,1600,1546,1546,0.96625,0.96625,1278.542,0,241.176,PC028-RED,0,,,ON,False
2026-07-20,,IM5,3,11:20PM,Pusher Plate,1099828,,8003,90,0,7.5,300,5.055555555555556,2.9444444444444438,,,280,12a,65,60,0,5,5,0.14285714285714285,1.0714285714285714,1.0714285714285714,69.64285714285714,0.4564043209876544,0.41914682539682546,0.41914682539682546,90,70,60,0.7222222222222222,0.619047619047619,0,0,54.6,PP027-GRAY,0,,,ON,False
2026-07-20,,IM5,1,9:00AM,Drain Pan,1103463,,8001,800,0,20.444444444444443,92,3.8594999999999997,2.429388888888889,,No process or EOAT programs having to make them. Also no set up sheet in the system for this part.,89.64,930a,155,145,0,10,10,0.12121212121212122,1.0263275323516288,1.0263275323516288,159.08076751450247,0.15406221354166666,0.13895243794341225,0.13895243794341225,800,165,145,0.19375,0.1702651515151515,0,0,89.10000000000001,PP027-GRAY,0,,,ON,True
2026-07-20,,IM5,1,,Pusher Plate,,,8003,,0,0,300,1.7111111111111112,-2.3763111111111117,,,280,,22,22,0,0,0,0,1.0714285714285714,1.0714285714285714,23.57142857142857,0.4362767171717172,0.46743933982683983,0.46743933982683983,0,22,22,22,22,0,0,17.16,PP027-GRAY,0,,,ON,True
2026-07-20,,IM5,2,,Drain Pan,,,8001,1100,0,28.11111111111111,92,8.6652,-0.6652000000000005,,,89.64,,348,348,0,0,0,0,1.0263275323516288,1.0263275323516288,357.16198125836684,0.34266927272727277,0.35169090909090917,0.35169090909090917,1100,348,348,0.31636363636363635,0.31636363636363635,0,0,187.92000000000002,PP027-GRAY,0,,,ON,False
2026-07-20,,IM6,3,,SD,,,0,,0,0,0,0,0,,,,,,0,0,0,0,0,0,0,0,0,0,0,0,0,0,0,0,0,0,0,0,0,,,SD,False
2026-07-20,,IM6,1,,SD,,,0,,0,0,0,0,0,,,,,,0,0,0,0,0,0,0,0,0,0,0,0,0,0,0,0,0,0,0,0,0,,,SD,False
2026-07-20,,IM6,2,,SD,,,0,,0,0,0,0,0,,,,,,0,0,0,0,0,0,0,0,0,0,0,0,0,0,0,0,0,0,0,0,0,,,SD,False
2026-07-20,,IM7,3,11:30PM,T90A RCL Extension A,1095343,,MO5772,650,86.66666666666667,7.041666666666667,39,5.206250000000001,2.7937499999999993,,,35.7,1145p,525,520,520,5,5,0.009523809523809525,1.0924369747899159,1.0924369747899159,573.5294117647059,0.5256310096153847,0.56875,0.56875,1300,1050,1040,0.8076923076923077,0.8,744.64,7.16,283.5,PC003-BK,0,,,ON,False
2026-07-20,,IM7,1,,T90A RCL Extension A,,,MO5772,700,93.33333333333333,7.583333333333333,39,6.673916666666668,1.3260833333333322,,Paused at 12pm no pack.,35.7,,673,673,673,0,0,0,1.0924369747899159,1.0924369747899159,735.2100840336134,0.8020617708333335,0.8762019345238097,0.8762019345238097,1400,1346,1346,0.9614285714285714,0.9614285714285714,963.736,0,363.42,PC003-BK,0,,,ON,False
2026-07-20,,IM7,2,,SD,,,0,,0,0,0,0,0,,,,,,0,0,0,0,0,0,0,0,0,0,0,0,0,0,0,0,0,0,0,0,0,,,SD,False
2026-07-20,,IM8,3,11:40PM,P33A FCL Base C,1099623,,5549,500,0,6.527777777777778,47,4.763888888888889,3.2361111111111107,,,35,1a,490,976,976,4,4,0.004081632653061225,1.3428571428571427,1.3428571428571427,658,0.583576388888889,0.780461111111111,0.780461111111111,2000,1960,1952,0.98,0.976,0,0,335.307,PC017-WT,0,,,ON,False
2026-07-20,,IM8,1,8:00AM,31CC Bezel (Trim Ring),1096209,,TNL 625,600,0,7,42,5.270833333333333,2.729166666666667,,,34.5,815a,550,530,530,20,20,0.03636363636363636,1.2173913043478262,1.2173913043478262,669.5652173913044,0.6039496527777777,0.7085069444444444,0.7085069444444444,1200,1100,1060,0.9166666666666666,0.8833333333333333,1076.96,40.64,121.11,PC013-BK,0,,,ON,False
2026-07-20,,IM8,2,,31CC Bezel (Trim Ring),,,TNL 625,650,0,7.583333333333333,42,6.804166666666666,1.1958333333333337,,,34.5,,710,710,710,0,0,0,1.2173913043478262,1.2173913043478262,864.3478260869566,0.9290304487179487,1.1309935897435899,1.1309935897435899,1300,1420,1420,1.0923076923076922,1.0923076923076922,1442.72,0,156.342,PC013-BK,0,,,ON,False
2026-07-20,,IM9,3,,SD,,,0,,0,0,0,0,0,,,,,,0,0,0,0,0,0,0,0,0,0,0,0,0,0,0,0,0,0,0,0,0,,,SD,False
2026-07-20,,IM9,1,7:30AM,T90A RCL Reflector A,1103317,,MO5774,600,150,6.666666666666667,40,5.167816666666666,2.832183333333334,,,41.62,745a,447,442,442,5,5,0.011185682326621925,0.9610764055742432,0.9610764055742432,429.6011532916867,0.4812529270833333,0.45734722222222224,0.45734722222222224,1200,894,884,0.745,0.7366666666666667,942.344,10.66,289.656,PC001-GY,0,,,ON,False
2026-07-20,,IM9,2,,T90A RCL Reflector A,,,MO5774,700,175,7.777777777777778,40,8.844249999999999,-0.8442499999999988,,,41.62,,765,765,765,0,0,0,0.9610764055742432,0.9610764055742432,735.223450264296,1.2081877232142855,1.161160714285714,1.161160714285714,1400,1530,1530,1.0928571428571427,1.0928571428571427,1630.98,0,495.72,PC001-GY,0,,,ON,False
2026-07-21,,IM1,3,23:00:00,T6ZA LPL Housing,1108501,,3802,950,0,7.388888888888889,28,4.828055555555555,2.8127111111111116,,,24.83,1230a,700,695,695,5,5,0.007142857142857143,1.1276681433749498,1.1276681433749498,789.3677003624649,0.5043955906432748,0.5647280475184471,0.5647280475184471,1900,1400,1390,0.7368421052631579,0.731578947368421,0,0,94.36,ASA01-BK,0,,,ON,True
2026-07-21,,IM1,3,,NQ5A Bumper Brkt O/B,,,1024,,0,0,43.22,0.3592333333333333,-1.0980138888888888,,,33.16,ongoing,39,39,39,0,0,0,1.3033775633293125,1.3033775633293125,50.83172496984319,1.563421860380117,2.037728974838018,2.037728974838018,0,78,78,39,39,0,0,4.2978000000000005,PAM02-BK,0,,,ON,True
2026-07-21,,IM1,1,,T6ZA LPL Housing,,,3802,950,0,7.388888888888889,28,8.738780555555556,-0.7387805555555556,,,24.83,,1267,1267,1267,0,0,0,1.1276681433749498,1.1276681433749498,1428.7555376560615,1.4568467057748538,1.642839619883041,1.642839619883041,1900,2534,2534,1.3336842105263158,1.3336842105263158,0,0,170.79160000000002,ASA01-BK,0,,,ON,False
2026-07-21,,IM1,2,,SD,,,0,,0,0,0,0,0,,,,,,0,0,0,0,0,0,0,0,0,0,0,0,0,0,0,0,0,0,0,0,0,,,SD,False
2026-07-21,,IM10,3,,SD,,,0,,0,0,0,0,0,,,,,,0,0,0,0,0,0,0,0,0,0,0,0,0,0,0,0,0,0,0,0,0,,,SD,False
2026-07-21,,IM10,1,07:30:00,T90A BUL HSG,1107545,,MO5785,500,71.42857142857143,5.277777777777778,38,6.133333333333332,1.866666666666668,,,36.8,7a,600,595,595,5,5,0.008333333333333333,1.032608695652174,1.032608695652174,619.5652173913045,0.9199999999999998,0.9420833333333333,0.9420833333333333,1000,1200,1190,1.2,1.19,1244.74,10.46,453.6,ASA01-BK,0,,,ON,False
2026-07-21,,IM10,2,,T90A BUL HSG,,,MO5785,700,100,7.388888888888889,38,4.354666666666666,3.645333333333334,,No pack.,36.8,,426,426,426,0,0,0,1.032608695652174,1.032608695652174,439.8913043478261,0.3312657142857142,0.34206785714285715,0.34206785714285715,1400,852,852,0.6085714285714285,0.6085714285714285,891.192,0,322.056,ASA01-BK,0,,,ON,False
2026-07-21,,IM11,3,00:30:00,NQ5A Bumper Brkt I/B #1,1083862,,1022,500,0,6.075,43.74,5.337199999999999,2.6628000000000007,,,36.39,1130p,528,523,523,5,5,0.00946969696969697,1.2019785655399835,1.2019785655399835,634.6446826051113,0.7045103999999999,0.8387873999999998,0.8387873999999998,1000,1056,1046,1.056,1.046,0,0,102.53760000000001,PAM02-BK,0,,,ON,False
2026-07-21,,IM11,1,,NQ5A Bumper Brkt I/B #1,,,1022,600,0,7.29,43.74,8.147316666666667,-0.14731666666666676,,,36.39,,806,806,806,0,0,0,1.2019785655399835,1.2019785655399835,968.7947238252267,1.3680702569444445,1.644391125,1.644391125,1200,1612,1612,1.3433333333333333,1.3433333333333333,0,0,156.5252,PAM02-BK,0,,,ON,False
2026-07-21,,IM11,2,,NQ5A Bumper Brkt I/B #1,,,1022,600,0,7.29,43.74,7.9689000000000005,0.03109999999999946,,,36.36,,789,789,789,0,0,0,1.2029702970297032,1.2029702970297032,949.1435643564358,1.3098879375,1.5757562812500003,1.5757562812500003,1200,1578,1578,1.315,1.315,0,0,153.2238,PAM02-BK,0,,,ON,False
2026-07-21,,IM12,3,01:30:00,150B CHL BG Shade A,1106895,,M05175,700,28,4.666666666666667,24,0,8,,,24..90,1230a,644,639,639,5,5,0.007763975155279503,0,0,0,0,0,0,1400,1288,1278,0.92,0.9128571428571429,415.35,3.25,96.6,PP025-BK,0,,,ON,False
2026-07-21,,IM12,1,,150B CHL BG Shade A,,,M05175,1100,44,7.333333333333333,24,8.11111111111111,-0.11111111111111072,,,25,,1168,1168,1168,0,0,0,0.96,0.96,1121.28,1.0765656565656565,1.0335030303030301,1.0335030303030301,2200,2336,2336,1.0618181818181818,1.0618181818181818,759.2,0,175.2,PP025-BK,0,,,ON,False
2026-07-21,,IM12,2,,150B CHL BG Shade A,,,M05175,1000,40,6.666666666666667,24,6.732611111111111,1.2673888888888891,,,25.3,,958,958,958,0,0,0,0.9486166007905138,0.9486166007905138,908.7747035573123,0.8062301805555555,0.7648033333333333,0.7648033333333333,2000,1916,1916,0.958,0.958,622.7,0,143.7,PP025-BK,0,,,ON,False
2026-07-21,,IM14,3,Ongoing,T90A CHL EXTENSION B,1102454,,MO6519,800,53.333333333333336,7.555555555555555,34,7.1795,0.8205,,No pack,34.6,,747,747,747,0,0,0,0.9826589595375722,0.9826589595375722,734.0462427745664,0.837982265625,0.8234507812499999,0.8234507812499999,1600,1494,1494,0.93375,0.93375,648.396,0,221.112,PC003-BK,0,,,ON,False
2026-07-21,,IM14,1,,T90A CHL EXTENSION B,,,MO6519,800,53.333333333333336,7.555555555555555,34,1.4224444444444444,6.577555555555556,,,34.6,,148,148,148,0,0,0,0.9826589595375722,0.9826589595375722,145.43352601156067,0.03289402777777778,0.03232361111111111,0.03232361111111111,1600,296,296,0.185,0.185,128.464,0,43.808,PC003-BK,0,,,ON,False
2026-07-21,,IM14,2,,T90A CHL EXTENSION B,,,MO6519,,0,0,34,2.0471666666666666,5.952833333333333,,No pack,34.6,,213,211,211,2,2,0.009389671361502348,0.9826589595375722,0.9826589595375722,209.3063583815029,0,0,0,0,426,422,213,211,183.148,1.736,63.047999999999995,PC003-BK,0,,,ON,False
2026-07-21,,IM15,3,02:00:00,U625 REFLEX REFLECTOR,1095757,,MO8085,400,0,3.6666666666666665,33,3.5399388888888894,4.460061111111111,,,31.78,130a,401,393,393,8,8,0.0199501246882793,1.038388923851479,1.038388923851479,416.3939584644431,0.44359859201388896,0.45143828125000013,0.45143828125000013,800,802,786,1.0025,0.9824999999999999,303.396,6.176,61.79409999999999,PMMA01-AM,0,,,ON,False
2026-07-21,,IM15,1,,U625 REFLEX REFLECTOR,,,MO8085,800,0,7.333333333333333,33,8.236316666666667,-0.23631666666666717,,,31.78,,933,933,933,0,0,0,1.038388923851479,1.038388923851479,968.8168659534299,1.2007005390625,1.246794140625,1.246794140625,1600,1866,1866,1.16625,1.16625,720.2760000000001,0,143.7753,PMMA01-AM,0,,,ON,False
2026-07-21,,IM15,2,,U625 REFLEX REFLECTOR,,,MO8085,800,0,7.333333333333333,33,9.49868888888889,-1.4986888888888892,,,31.78,,1076,1076,1076,0,0,0,1.038388923851479,1.038388923851479,1117.3064820641914,1.5969670694444447,1.658272916666667,1.658272916666667,1600,2152,2152,1.345,1.345,830.672,0,165.8116,PMMA01-AM,0,,,ON,False
2026-07-21,,IM16,3,,SD,,,0,,0,0,0,0,0,,,,,,0,0,0,0,0,0,0,0,0,0,0,0,0,0,0,0,0,0,0,0,0,,,SD,False
2026-07-21,,IM16,1,,SD,,,0,,0,0,0,0,0,,,,,,0,0,0,0,0,0,0,0,0,0,0,0,0,0,0,0,0,0,0,0,0,,,SD,False
2026-07-21,,IM16,2,,SD,,,0,,0,0,0,0,0,,,,,,0,0,0,0,0,0,0,0,0,0,0,0,0,0,0,0,0,0,0,0,0,,,SD,False
2026-07-21,,IM17,3,,SD,,,0,,0,0,0,0,0,,,,,,0,0,0,0,0,0,0,0,0,0,0,0,0,0,0,0,0,0,0,0,0,,,SD,False
2026-07-21,,IM17,1,,SD,,,0,,0,0,0,0,0,,,,,,0,0,0,0,0,0,0,0,0,0,0,0,0,0,0,0,0,0,0,0,0,,,SD,False
2026-07-21,,IM17,2,,SD,,,0,,0,0,0,0,0,,,,,,0,0,0,0,0,0,0,0,0,0,0,0,0,0,0,0,0,0,0,0,0,,,SD,False
2026-07-21,,IM18,3,,SD,,,0,,0,0,0,0,0,,,,,,0,0,0,0,0,0,0,0,0,0,0,0,0,0,0,0,0,0,0,0,0,,,SD,False
2026-07-21,,IM18,1,,SD,,,0,,0,0,0,0,0,,,,,,0,0,0,0,0,0,0,0,0,0,0,0,0,0,0,0,0,0,0,0,0,,,SD,False
2026-07-21,,IM18,2,,SD,,,0,,0,0,0,0,0,,,,,,0,0,0,0,0,0,0,0,0,0,0,0,0,0,0,0,0,0,0,0,0,,,SD,False
2026-07-21,,IM19,3,,SD,,,0,,0,0,0,0,0,,,,,,0,0,0,0,0,0,0,0,0,0,0,0,0,0,0,0,0,0,0,0,0,,,SD,False
2026-07-21,,IM19,1,,SD,,,0,,0,0,0,0,0,,,,,,0,0,0,0,0,0,0,0,0,0,0,0,0,0,0,0,0,0,0,0,0,,,SD,False
2026-07-21,,IM19,2,,SD,,,0,,0,0,0,0,0,,,,,,0,0,0,0,0,0,0,0,0,0,0,0,0,0,0,0,0,0,0,0,0,,,SD,False
2026-07-21,,IM2,3,23:30:00,L42N-M CHL Cover A & B,1107263,,MO5058,700,7.466666666666667,5.833333333333333,30,4.166666666666667,1.2415833333333337,,,30,130a,500,995,995,5,5,0.005,1,1,500,0.8568706845238097,0.8525863311011906,0.8525863311011906,2800,2000,1990,0.7142857142857143,0.7107142857142857,245.765,1.2349999999999999,34,PP018-Bk,0,,,ON,True
2026-07-21,,IM2,3,,THRA/TGSX Outer Lens Mold Only,,,NEEDED,,0,0,45,2.5917499999999998,0.21773055555555532,,,44.43,ongoing,210,420,0,0,0,0,1.012829169480081,1.012829169480081,212.694125590817,1.0603342118055556,1.0739374191143374,1.0739374191143374,0,420,420,210,210,0,0,67.2,PMMA03-RED,0,,,ON,True
2026-07-21,,IM2,1,06:00:00,T90A CHL BRACKET G,1107664,,MO8384,700,35,6.465277777777778,33.25,5.190519444444445,2.809480555555555,,,33.79,8a,553,548,548,5,5,0.009041591320072333,0.9840189405149453,0.9840189405149453,544.1624741047648,0.512563795138889,0.4998121527777779,0.4998121527777779,1400,1106,1096,0.79,0.7828571428571429,615.9520000000001,5.620000000000001,140.462,ABS06-BK,0,,,ON,False
2026-07-21,,IM2,2,,T90A CHL BRACKET G,,,MO8384,700,35,6.465277777777778,33.25,7.386869444444444,0.6131305555555562,,,33.79,,787,787,787,0,0,0,0.9840189405149453,0.9840189405149453,774.4229061852619,1.0381189737103174,1.0215287326388889,1.0215287326388889,1400,1574,1574,1.1242857142857143,1.1242857142857143,884.5880000000001,0,199.898,ABS06-BK,0,,,ON,False
2026-07-21,,IM3,3,Ongoing,T90A RCL INNER LENS B,1102679,,MO5778,700,58.333333333333336,6.416666666666667,33,6.954350000000001,1.0456499999999993,,,24.69,ongoing,1014,1014,1014,0,0,0,1.3365735115431348,1.3365735115431348,1355.2855407047387,1.2592340892857146,1.6830589285714288,1.6830589285714288,1400,2028,2028,1.4485714285714286,1.4485714285714286,876.096,0,233.22,PC011-NC,0,,,ON,False
2026-07-21,,IM3,1,,T90A RCL INNER LENS B,,,MO5778,700,58.333333333333336,6.416666666666667,33,6.1725,1.8274999999999997,,No pack,24.69,,900,900,900,0,0,0,1.3365735115431348,1.3365735115431348,1202.9161603888213,0.9920089285714285,1.325892857142857,1.325892857142857,1400,1800,1800,1.2857142857142858,1.2857142857142858,777.6,0,207,PC011-NC,0,,,ON,False
2026-07-21,,IM3,2,,T90A RCL INNER LENS B,,,MO5778,700,58.333333333333336,6.416666666666667,33,0,8,,No pack,,,,0,0,0,0,0,0,0,0,0,0,0,1400,0,0,0,0,0,0,0,PC011-NC,0,,,ON,False
2026-07-21,,IM4,3,02:30:00,L42P(2) HL Base A (Carrier Plate),1108331,,70637,300,0,3.3583333333333334,40.3,3.048611111111111,4.022430555555555,,,43.9,2a,250,240,240,10,10,0.04,0.9179954441913439,0.9179954441913439,229.498861047836,0.5651463252314816,0.4980496817894204,0.4980496817894204,600,500,480,0.8333333333333334,0.8,0,0,163.6375,PC001-GY,0,,,ON,True
2026-07-21,,IM4,3,,31CG Inner Lens,,,M643,,0,0,35,0.9289583333333333,-0.6846250000000007,,,36.75,ongoing,91,91,91,0,0,0,0.9523809523809523,0.9523809523809523,86.66666666666666,1.1274504241071428,1.0737623086734693,1.0737623086734693,0,182,182,91,91,150.51399999999998,0,28.392,PC028-RED,0,,,ON,True
2026-07-21,,IM4,1,,L42P(2) HL Base A (Carrier Plate),,,70637,700,0,7.83611111111111,40.3,7.755666666666667,0.24433333333333263,,,43.9,,636,636,636,0,0,0,0.9179954441913439,0.9179954441913439,583.8451025056947,0.8808221428571429,0.8085907142857143,0.8085907142857143,1400,1272,1272,0.9085714285714286,0.9085714285714286,0,0,416.2938,PC001-GY,0,,,ON,False
2026-07-21,,IM4,2,,L42P(2) HL Base A (Carrier Plate),,,70637,,0,0,40.3,12.974505555555554,-4.974505555555554,,,43.94,,1063,1063,1063,0,0,0,0.9171597633136095,0.9171597633136095,974.9408284023668,0,0,0,0,2126,2126,1063,1063,0,0,695.78665,PC001-GY,0,,,ON,False
2026-07-21,,IM5,3,,Drain Pan,,,8001,,0,0,92,7.395300000000001,0.6046999999999993,,,89.64,,297,297,0,0,0,0,1.0263275323516288,1.0263275323516288,304.81927710843377,0,0,0,0,297,297,297,297,0,0,160.38000000000002,PP027-GRAY,0,,,ON,False
2026-07-21,,IM5,1,06:30:00,Drain Pan,1103463,,8001,300,0,7.666666666666667,92,7.919083333333334,0.08091666666666608,,,89.65,,318,318,0,0,0,0,1.026213050752928,1.026213050752928,326.33575013943107,1.0492785416666668,1.0767833333333332,1.0767833333333332,300,318,318,1.06,1.06,0,0,171.72,PP027-GRAY,0,,,ON,False
2026-07-21,,IM5,2,,Drain Pan,,,8001,200,0,5.111111111111111,92,7.7447638888888894,0.25523611111111055,,,89.65,,311,311,0,0,0,0,1.026213050752928,1.026213050752928,319.15225878416055,1.5053884809027778,1.5448493055555552,1.5448493055555552,200,311,311,1.555,1.555,0,0,167.94,PP027-GRAY,0,,,ON,False
2026-07-21,,IM6,3,MIDNIGHT,T90A CHL REFLEX REFLECTOR,1100742,,MO6510,800,29.09090909090909,6.444444444444445,29,4.2740833333333335,3.7259166666666665,,,30.17,1a,510,505,505,5,5,0.00980392156862745,0.961219754723235,0.961219754723235,490.22207490884983,0.34059101562500005,0.3241731770833334,0.3241731770833334,1600,1020,1010,0.6375,0.63125,370.67,3.67,63.24,PC026-AMB,0,,,ON,False
2026-07-21,,IM6,1,,T90A CHL REFLEX REFLECTOR,,,MO6510,900,32.72727272727273,7.25,29,7.819058333333333,0.18094166666666656,,,30.17,,933,933,933,0,0,0,0.961219754723235,0.961219754723235,896.8180311567783,1.013219642361111,0.973926736111111,0.973926736111111,1800,1866,1866,1.0366666666666666,1.0366666666666666,684.822,0,115.692,PC026-AMB,0,,,ON,False
2026-07-21,,IM6,2,,T90A CHL REFLEX REFLECTOR,,,MO6510,800,29.09090909090909,6.444444444444445,29,8.137519444444445,-0.13751944444444497,,,30.17,,971,971,971,0,0,0,0.961219754723235,0.961219754723235,933.3443818362612,1.2346142782118057,1.1867356336805557,1.1867356336805557,1600,1942,1942,1.21375,1.21375,712.7139999999999,0,120.404,PC026-AMB,0,,,ON,False
2026-07-21,,IM7,3,,SD,,,0,,0,0,0,0,0,,,,,,0,0,0,0,0,0,0,0,0,0,0,0,0,0,0,0,0,0,0,0,0,,,SD,False
2026-07-21,,IM7,1,07:00:00,150B SPL Housing,1106928,,M05201,600,120,7.5,45,0.6891305555555556,7.310869444444444,,,40.67,,61,61,61,0,0,0,1.1064666830587657,1.1064666830587657,67.49446766658471,0.008757700810185187,0.009690104166666668,0.009690104166666668,1200,122,122,0.10166666666666667,0.10166666666666667,136.274,0,48.190000000000005,PC001-GY,0,,,ON,False
2026-07-21,,IM7,2,,150B SPL Housing,,,M05201,600,120,7.5,45,1.5590166666666667,6.4409833333333335,,Out of Pack.,40.67,,138,138,138,0,0,0,1.1064666830587657,1.1064666830587657,152.69240226210968,0.04482172916666667,0.049593750000000006,0.049593750000000006,1200,276,276,0.23,0.23,308.292,0,109.02000000000001,PC001-GY,0,,,ON,False
2026-07-21,,IM8,3,01:00:00,31CC Reflector Turn,1108665,,TNL 620,500,50,5.555555555555555,40,5.379777777777778,2.620222222222222,,,34.4,12a,563,559,559,4,4,0.007104795737122558,1.1627906976744187,1.1627906976744187,654.6511627906978,0.7572037222222223,0.8742138888888891,0.8742138888888891,1000,1126,1118,1.126,1.1179999999999999,908.934,6.504,165.522,PBT05-BK,0,,,ON,False
2026-07-21,,IM8,1,,31CC Reflector Turn,,,TNL 620,700,70,7.777777777777778,40,8.114730555555557,-0.11473055555555689,,,34.49,,847,847,847,0,0,0,1.1597564511452594,1.1597564511452594,982.3137141200347,1.2273529965277779,1.4234305555555555,1.4234305555555555,1400,1694,1694,1.21,1.21,1377.222,0,249.01799999999997,PBT05-BK,0,,,ON,False
2026-07-21,,IM8,2,,31CC Reflector Turn,,,TNL 620,600,60,6.666666666666667,40,4.052575,3.947425,,,34.49,,423,423,423,0,0,0,1.1597564511452594,1.1597564511452594,490.57697883444473,0.357133171875,0.41418749999999993,0.41418749999999993,1200,846,846,0.705,0.705,687.798,0,124.362,PBT05-BK,0,,,ON,False
2026-07-21,,IM9,3,Ongoing,T90A RCL Reflector A,1103317,,MO5774,700,175,7.777777777777778,40,4.486788888888889,3.5132111111111106,,Paused Wip,41.63,,388,388,388,0,0,0,0.9608455440787893,0.9608455440787893,372.80807110257024,0.31087037301587306,0.29869841269841274,0.29869841269841274,1400,776,776,0.5542857142857143,0.5542857142857143,827.216,0,251.424,PC001-GY,0,,,ON,False
2026-07-21,,IM9,1,,T90A RCL Reflector A,,,MO5774,600,150,6.666666666666667,40,5.781944444444445,2.218055555555555,,Paused wip,41.63,,500,500,500,0,0,0,0.9608455440787893,0.9608455440787893,480.42277203939466,0.6022858796296298,0.5787037037037038,0.5787037037037038,1200,1000,1000,0.8333333333333334,0.8333333333333334,1066,0,324,PC001-GY,0,,,ON,False
2026-07-21,,IM9,2,,T90A RCL Reflector A,,,MO5774,,0,0,40,1.3384222222222222,6.661577777777778,,Paused wip.,42.64,,113,113,113,0,0,0,0.9380863039399625,0.9380863039399625,106.00375234521576,0,0,0,0,226,226,113,113,240.91600000000003,0,73.224,PC001-GY,0,,,ON,False
2026-07-22,,IM1,3,11:20PM,760A Ref C,1110034,,M03764,200,33.333333333333336,1.6666666666666667,30,1.6862222222222225,6.313777777777777,,,27.1,115a,224,220,220,4,4,0.017857142857142856,1.107011070110701,1.107011070110701,247.97047970479701,0.23607111111111118,0.2566666666666667,0.2566666666666667,400,448,440,1.12,1.1,336.16,6.112,32.704,PEI01-GY,0,,,ON,False
2026-07-22,,IM1,1,7:00AM,NQ5A Bumper Brkt O/B,1110416,,1024,650,0,7.8036111111111115,43.22,7.251200000000001,0.7487999999999992,,,32.96,6a,792,787,787,5,5,0.006313131313131313,1.3112864077669901,1.3112864077669901,1038.5388349514562,1.1044135384615386,1.4390597692307692,1.4390597692307692,1300,1584,1574,1.2184615384615385,1.2107692307692308,0,0,87.2784,PAM02-BK,0,,,ON,False
2026-07-22,,IM1,2,,NQ5A Bumper Brkt O/B,,,1024,650,0,7.8036111111111115,43.22,8.091055555555558,-0.09105555555555789,,,32.95,,884,884,884,0,0,0,1.3116843702579664,1.3116843702579664,1159.5289833080424,1.3754794444444447,1.8041948888888888,1.8041948888888888,1300,1768,1768,1.36,1.36,0,0,97.41680000000001,PAM02-BK,0,,,ON,False
2026-07-22,,IM10,3,,SD,,,0,,0,0,0,0,0,,,,,,0,0,0,0,0,0,0,0,0,0,0,0,0,0,0,0,0,0,0,0,0,,,SD,False
2026-07-22,,IM10,1,,SD,,,0,,0,0,0,0,0,,,,,,0,0,0,0,0,0,0,0,0,0,0,0,0,0,0,0,0,0,0,0,0,,,SD,False
2026-07-22,,IM10,2,,SD,,,0,,0,0,0,0,0,,,,,,0,0,0,0,0,0,0,0,0,0,0,0,0,0,0,0,0,0,0,0,0,,,SD,False
2026-07-22,,IM11,3,ONGOING,NQ5A Bumper Brkt I/B #1,1083862,,1022,650,0,7.8975,43.74,7.9808,0.019199999999999662,,,37.12,ongoing,774,774,774,0,0,0,1.1783405172413794,1.1783405172413794,912.0355603448277,1.1879113846153848,1.3997641153846159,1.3997641153846159,1300,1548,1548,1.1907692307692308,1.1907692307692308,0,0,150.3108,PAM02-BK,0,,,ON,False
2026-07-22,,IM11,1,,NQ5A Bumper Brkt I/B #1,,,1022,650,0,7.8975,43.74,8.068055555555555,-0.06805555555555465,,,37,,785,785,785,0,0,0,1.1821621621621623,1.1821621621621623,927.9972972972975,1.217966079059829,1.4398334134615385,1.4398334134615385,1300,1570,1570,1.2076923076923076,1.2076923076923076,0,0,152.447,PAM02-BK,0,,,ON,False
2026-07-22,,IM11,2,,NQ5A Bumper Brkt I/B #1,,,1022,650,0,7.8975,43.74,9.631355555555555,-1.6313555555555546,,,36.08,,961,961,961,0,0,0,1.2123059866962307,1.2123059866962307,1165.0260532150776,1.7799485940170938,2.1578423365384616,2.1578423365384616,1300,1922,1922,1.4784615384615385,1.4784615384615385,0,0,186.6262,PAM02-BK,0,,,ON,False
2026-07-22,,IM12,3,,SD,,,0,,0,0,0,0,0,,,,,,0,0,0,0,0,0,0,0,0,0,0,0,0,0,0,0,0,0,0,0,0,,,SD,False
2026-07-22,,IM12,1,,SD,,,0,,0,0,0,0,0,,,,,,0,0,0,0,0,0,0,0,0,0,0,0,0,0,0,0,0,0,0,0,0,,,SD,False
2026-07-22,,IM12,2,,SD,,,0,,0,0,0,0,0,,,,,,0,0,0,0,0,0,0,0,0,0,0,0,0,0,0,0,0,0,0,0,0,,,SD,False
2026-07-22,,IM14,3,11:00PM,T90A RCL RIM (COVER A),1109861,,MO5773,650,86.66666666666667,7.583333333333333,42,2.3063333333333333,5.693666666666667,,,40.7,3a,204,198,198,6,6,0.029411764705882353,1.0319410319410318,1.0319410319410318,210.51597051597048,0.09047923076923077,0.09062307692307692,0.09062307692307692,1300,408,396,0.31384615384615383,0.3046153846153846,257.796,7.812,89.352,PP025-BK,0,,,ON,False
2026-07-22,,IM14,1,,T90A RCL RIM (COVER A),,,MO5773,650,86.66666666666667,7.583333333333333,42,8.151305555555556,-0.15130555555555603,,,40.7,,721,721,721,0,0,0,1.0319410319410318,1.0319410319410318,744.0294840294839,1.1302098664529914,1.1663099358974356,1.1663099358974356,1300,1442,1442,1.1092307692307692,1.1092307692307692,938.7420000000001,0,315.798,PP025-BK,0,,,ON,False
2026-07-22,,IM14,2,,T90A RCL RIM (COVER A),,,MO5773,650,86.66666666666667,7.583333333333333,42,7.472972222222222,0.5270277777777777,,,40.7,,661,661,661,0,0,0,1.0319410319410318,1.0319410319410318,682.113022113022,0.9499297382478632,0.9802714743589742,0.9802714743589742,1300,1322,1322,1.0169230769230768,1.0169230769230768,860.6220000000001,0,289.518,PP025-BK,0,,,ON,False
2026-07-22,,IM15,3,,SD,,,0,,0,0,0,0,0,,,,,,0,0,0,0,0,0,0,0,0,0,0,0,0,0,0,0,0,0,0,0,0,,,SD,False
2026-07-22,,IM15,1,,SD,,,0,,0,0,0,0,0,,,,,,0,0,0,0,0,0,0,0,0,0,0,0,0,0,0,0,0,0,0,0,0,,,SD,False
2026-07-22,,IM15,2,,SD,,,0,,0,0,0,0,0,,,,,,0,0,0,0,0,0,0,0,0,0,0,0,0,0,0,0,0,0,0,0,0,,,SD,False
2026-07-22,,IM16,3,,SD,,,0,,0,0,0,0,0,,,,,,0,0,0,0,0,0,0,0,0,0,0,0,0,0,0,0,0,0,0,0,0,,,SD,False
2026-07-22,,IM16,1,,SD,,,0,,0,0,0,0,0,,,,,,0,0,0,0,0,0,0,0,0,0,0,0,0,0,0,0,0,0,0,0,0,,,SD,False
2026-07-22,,IM16,2,,SD,,,0,,0,0,0,0,0,,,,,,0,0,0,0,0,0,0,0,0,0,0,0,0,0,0,0,0,0,0,0,0,,,SD,False
2026-07-22,,IM17,3,,SD,,,0,,0,0,0,0,0,,,,,,0,0,0,0,0,0,0,0,0,0,0,0,0,0,0,0,0,0,0,0,0,,,SD,False
2026-07-22,,IM17,1,,SD,,,0,,0,0,0,0,0,,,,,,0,0,0,0,0,0,0,0,0,0,0,0,0,0,0,0,0,0,0,0,0,,,SD,False
2026-07-22,,IM17,2,,SD,,,0,,0,0,0,0,0,,,,,,0,0,0,0,0,0,0,0,0,0,0,0,0,0,0,0,0,0,0,0,0,,,SD,False
2026-07-22,,IM18,3,,SD,,,0,,0,0,0,0,0,,,,,,0,0,0,0,0,0,0,0,0,0,0,0,0,0,0,0,0,0,0,0,0,,,SD,False
2026-07-22,,IM18,1,,SD,,,0,,0,0,0,0,0,,,,,,0,0,0,0,0,0,0,0,0,0,0,0,0,0,0,0,0,0,0,0,0,,,SD,False
2026-07-22,,IM18,2,,SD,,,0,,0,0,0,0,0,,,,,,0,0,0,0,0,0,0,0,0,0,0,0,0,0,0,0,0,0,0,0,0,,,SD,False
2026-07-22,,IM19,3,,SD,,,0,,0,0,0,0,0,,,,,,0,0,0,0,0,0,0,0,0,0,0,0,0,0,0,0,0,0,0,0,0,,,SD,False
2026-07-22,,IM19,1,,SD,,,0,,0,0,0,0,0,,,,,,0,0,0,0,0,0,0,0,0,0,0,0,0,0,0,0,0,0,0,0,0,,,SD,False
2026-07-22,,IM19,2,,SD,,,0,,0,0,0,0,0,,,,,,0,0,0,0,0,0,0,0,0,0,0,0,0,0,0,0,0,0,0,0,0,,,SD,False
2026-07-22,,IM2,3,11:10PM,760A Ref A,1110029,,M03750,200,33.333333333333336,1.7222222222222223,31,1.7416666666666667,4.540675,,,30,1a,209,204,204,5,5,0.023923444976076555,1.0333333333333334,1.0333333333333334,215.9666666666667,0.847534625,0.8548339662679427,0.8548339662679427,400,418,408,1.045,1.02,550.8000000000001,13.5,61.864,PEI01-GY,0,,,ON,True
2026-07-22,,IM2,3,,T90A CHL BRACKET G,,,MO8384,,0,0,33.25,1.7176583333333333,6.2823416666666665,,,33.79,ongoing,183,183,183,0,0,0,0.9840189405149453,0.9840189405149453,180.07546611423498,0,0,0,0,366,366,183,183,205.692,0,46.482,ABS06-BK,0,,,ON,True
2026-07-22,,IM2,1,,SD,,,0,,0,0,0,0,0,,,,,,0,0,0,0,0,0,0,0,0,0,0,0,0,0,0,0,0,0,0,0,0,,,SD,False
2026-07-22,,IM2,2,,SD,,,0,,0,0,0,0,0,,,,,,0,0,0,0,0,0,0,0,0,0,0,0,0,0,0,0,0,0,0,0,0,,,SD,False
2026-07-22,,IM3,3,1:00AM,T90A RCL REFLECTOR C,1109785,,MO5776,,0,0,33,5.4,2.5999999999999996,,,32.4,1130p,600,600,600,0,0,0,1.0185185185185186,1.0185185185185186,611.1111111111112,0,0,0,0,1200,1200,600,600,667.2,0,205.20000000000002,PC014-WT,0,,,ON,False
2026-07-22,,IM3,1,,T90A RCL REFLECTOR C,,,MO5776,,0,0,33,7.4879999999999995,0.5120000000000005,,Charge alarm working on other presses OP never informed us.,32.4,,832,832,832,0,0,0,1.0185185185185186,1.0185185185185186,847.4074074074075,0,0,0,0,1664,1664,832,832,925.1840000000001,0,284.54400000000004,PC014-WT,0,,,ON,False
2026-07-22,,IM3,2,,T90A RCL REFLECTOR C,,,MO5776,,0,0,33,0.9179999999999999,7.082,,Paused no pack.,32.4,,102,102,102,0,0,0,1.0185185185185186,1.0185185185185186,103.8888888888889,0,0,0,0,204,204,102,102,113.424,0,34.884,PC014-WT,0,,,ON,False
2026-07-22,,IM4,3,ONGOING,L42P(2) HL Base A (Carrier Plate),1108331,,70637,600,0,6.716666666666667,40.3,0,8,,Down no pack.,,,,0,0,0,0,0,0,0,0,0,0,0,1200,0,0,0,0,0,0,0,PC001-GY,0,,,ON,False
2026-07-22,,IM4,1,,SD,,,0,,0,0,0,0,0,,,,,,0,0,0,0,0,0,0,0,0,0,0,0,0,0,0,0,0,0,0,0,0,,,SD,False
2026-07-22,,IM4,2,,SD,,,0,,0,0,0,0,0,,,,,,0,0,0,0,0,0,0,0,0,0,0,0,0,0,0,0,0,0,0,0,0,,,SD,False
2026-07-22,,IM5,3,ONGOING,Drain Pan,1103463,,8001,300,0,7.666666666666667,92,6.9719999999999995,1.0280000000000005,,,89.64,ongoing,280,280,0,0,0,0,1.0263275323516288,1.0263275323516288,287.3717090584561,0.8133999999999999,0.8348148148148148,0.8348148148148148,300,280,280,0.9333333333333333,0.9333333333333333,0,0,151.20000000000002,PP027-GRAY,0,,,ON,False
2026-07-22,,IM5,1,8:00AM,NQ5A Bumper Brkt I/B #2,1110417,,1023,550,0,6.642777777777778,43.48,6.739144444444445,1.2608555555555547,,,37.21,615a,652,652,652,0,0,0,1.1685030905670517,1.1685030905670517,761.8640150497178,0.9986186767676769,1.16688901010101,1.16688901010101,1100,1304,1304,1.1854545454545455,1.1854545454545455,0,0,101.3208,PAM02-BK,0,,,ON,False
2026-07-22,,IM5,2,,NQ5A Bumper Brkt I/B #2,,,1023,600,0,7.246666666666665,43.48,8.320569444444445,-0.3205694444444447,,,37.21,,805,805,805,0,0,0,1.1685030905670517,1.1685030905670517,940.6449879064767,1.395428833912037,1.6305629050925925,1.6305629050925925,1200,1610,1610,1.3416666666666666,1.3416666666666666,0,0,125.09700000000001,PAM02-BK,0,,,ON,False
2026-07-22,,IM6,3,12:30AM,TX4W Ref B,1110379,,M03713,100,6.25,0.5833333333333334,21,1.3931694444444445,5.626305555555556,,,19.07,1245a,263,263,263,0,0,0,1.1012060828526482,1.1012060828526482,289.6171997902465,1.127504861111111,1.2416152115014856,1.2416152115014856,200,526,526,2.63,2.63,143.072,0,31.56,PC001-GY,0,,,ON,True
2026-07-22,,IM6,3,,T90A CHL REFLEX REFLECTOR,,,MO6510,,0,0,29,0.9805250000000001,7.019475,,,30.17,ongoing,117,117,117,0,0,0,0.961219754723235,0.961219754723235,112.46271130261849,0,0,0,0,234,234,117,117,85.878,0,14.508,PC026-AMB,0,,,ON,True
2026-07-22,,IM6,1,,SD,,,0,,0,0,0,0,0,,,,,,0,0,0,0,0,0,0,0,0,0,0,0,0,0,0,0,0,0,0,0,0,,,SD,False
2026-07-22,,IM6,2,,SD,,,0,,0,0,0,0,0,,,,,,0,0,0,0,0,0,0,0,0,0,0,0,0,0,0,0,0,0,0,0,0,,,SD,False
2026-07-22,,IM7,3,11:30PM,T90A RCL Extension A,1095343,,MO5772,600,80,6.5,39,4.986111111111111,3.0138888888888893,,,35.9,12a,500,495,495,5,5,0.01,1.0863509749303621,1.0863509749303621,543.175487465181,0.519386574074074,0.5585937499999999,0.5585937499999999,1200,1000,990,0.8333333333333334,0.8250000000000001,708.8399999999999,7.16,270,PC003-BK,0,,,ON,False
2026-07-22,,IM7,1,,T90A RCL Extension A,,,MO5772,700,93.33333333333333,7.583333333333333,39,6.392194444444444,1.6078055555555562,,Pause no pack.,35.9,ongoing,641,641,641,0,0,0,1.0863509749303621,1.0863509749303621,696.3509749303621,0.7316779712301587,0.7948590773809523,0.7948590773809523,1400,1282,1282,0.9157142857142857,0.9157142857142857,917.9119999999999,0,346.14000000000004,PC003-BK,0,,,ON,False
2026-07-22,,IM7,2,,T90A RCL Extension A,,,MO5772,700,93.33333333333333,7.583333333333333,39,0,8,,Out of pack,,,,0,0,0,0,0,0,0,0,0,0,0,1400,0,0,0,0,0,0,0,PC003-BK,0,,,ON,False
2026-07-22,,IM8,3,12:00AM,P33A FCL Base C,1110219,,5549,500,0,6.527777777777778,47,4.085972222222223,3.914027777777777,,,36.5,1230a,403,798,798,8,8,0.009925558312655087,1.2876712328767124,1.2876712328767124,518.931506849315,0.41166170138888897,0.5248235416666669,0.5248235416666669,2000,1612,1596,0.806,0.798,0,0,275.7729,PC017-WT,0,,,ON,False
2026-07-22,,IM8,1,,P33A FCL Base C,,,5549,600,0,7.833333333333333,47,7.909999999999999,0.09000000000000075,,,36,ongoing,791,1582,1582,0,0,0,1.3055555555555556,1.3055555555555556,1032.6944444444446,1.3035020833333333,1.7017943865740741,1.7017943865740741,2400,3164,3164,1.3183333333333334,1.3183333333333334,0,0,541.2813,PC017-WT,0,,,ON,False
2026-07-22,,IM8,2,,P33A FCL Base C,,,5549,600,0,7.833333333333333,47,5.342133333333334,2.657866666666666,,Issues with parts burning. Top drop messed up taking tool to tool room.,35.88,,536,1072,1072,0,0,0,1.309921962095875,1.309921962095875,702.118171683389,0.5965382222222223,0.7814185185185186,0.7814185185185186,2400,2144,2144,0.8933333333333333,0.8933333333333333,0,0,366.7848,PC017-WT,0,,,ON,False
2026-07-22,,IM9,3,,SD,,,0,,0,0,0,0,0,,,,,,0,0,0,0,0,0,0,0,0,0,0,0,0,0,0,0,0,0,0,0,0,,,SD,False
2026-07-22,,IM9,1,,SD,,,0,,0,0,0,0,0,,,,,,0,0,0,0,0,0,0,0,0,0,0,0,0,0,0,0,0,0,0,0,0,,,SD,False
2026-07-22,,IM9,2,,SD,,,0,,0,0,0,0,0,,,,,,0,0,0,0,0,0,0,0,0,0,0,0,0,0,0,0,0,0,0,0,0,,,SD,False
2026-07-23,,IM1,3,ONGOING,NQ5A Bumper Brkt O/B,1110416,,1024,650,0,7.8036111111111115,43.22,7.99952777777778,0.00047222222222043087,,,32.95,ongoing,874,874,874,0,0,0,1.3116843702579664,1.3116843702579664,1146.4121396054627,1.3445360149572654,1.7636068760683763,1.7636068760683763,1300,1748,1748,1.3446153846153845,1.3446153846153845,0,0,96.3148,PAM02-BK,0,,,ON,False
2026-07-23,,IM1,1,,NQ5A Bumper Brkt O/B,,,1024,650,0,7.8036111111111115,43.22,7.779861111111113,0.22013888888888733,,,32.95,,850,850,850,0,0,0,1.3116843702579664,1.3116843702579664,1114.9317147192714,1.2717080662393165,1.668079594017094,1.668079594017094,1300,1700,1700,1.3076923076923077,1.3076923076923077,0,0,93.67,PAM02-BK,0,,,ON,False
2026-07-23,,IM1,2,,NQ5A Bumper Brkt O/B,,,1024,650,0,7.8036111111111115,43.22,7.931116666666666,0.06888333333333385,,,32.97,,866,866,866,0,0,0,1.310888686684865,1.310888686684865,1135.229602669093,1.3208359679487178,1.7314689273504271,1.7314689273504271,1300,1732,1732,1.3323076923076924,1.3323076923076924,0,0,95.4332,PAM02-BK,0,,,ON,False
2026-07-23,,IM10,3,,SD,,,0,,0,0,0,0,0,,,,,,0,0,0,0,0,0,0,0,0,0,0,0,0,0,0,0,0,0,0,0,0,,,SD,False
2026-07-23,,IM10,1,8:00AM,T90A BUL HSG,1107545,,MO5785,600,85.71428571428571,6.333333333333333,38,5.8729861111111115,2.1270138888888885,,,36.77,7a,575,570,570,5,5,0.008695652173913044,1.0334511830296436,1.0334511830296436,594.234430242045,0.7035347945601852,0.7207465277777777,0.7207465277777777,1200,1150,1140,0.9583333333333334,0.9500000000000001,1192.44,10.46,434.7,ASA01-BK,0,,,ON,False
2026-07-23,,IM10,2,,T90A BUL HSG,,,MO5785,700,100,7.388888888888889,38,4.459827777777778,3.540172222222222,,Out of pack.,36.74,,437,437,437,0,0,0,1.034295046271094,1.034295046271094,451.98693522046807,0.34802584623015875,0.3599614087301587,0.3599614087301587,1400,874,874,0.6242857142857143,0.6242857142857143,914.2040000000001,0,330.372,ASA01-BK,0,,,ON,False
2026-07-23,,IM11,3,ONGOING,NQ5A Bumper Brkt I/B #1,1083862,,1022,650,0,7.8975,43.74,6.313999999999999,1.6860000000000008,,,36.08,ongoing,630,630,630,0,0,0,1.2123059866962307,1.2123059866962307,763.7527716186254,0.7649653846153844,0.9273721153846153,0.9273721153846153,1300,1260,1260,0.9692307692307692,0.9692307692307692,0,0,122.346,PAM02-BK,0,,,ON,False
2026-07-23,,IM11,1,,NQ5A Bumper Brkt I/B #1,,,1022,650,0,7.8975,43.74,8.022222222222222,-0.022222222222222143,,,36.1,,800,800,800,0,0,0,1.2116343490304708,1.2116343490304708,969.3074792243767,1.234188034188034,1.495384615384615,1.495384615384615,1300,1600,1600,1.2307692307692308,1.2307692307692308,0,0,155.36,PAM02-BK,0,,,ON,False
2026-07-23,,IM11,2,,NQ5A Bumper Brkt I/B #1,,,1022,650,0,7.8975,43.74,7.814583333333333,0.18541666666666679,,,36.3,,775,775,775,0,0,0,1.2049586776859507,1.2049586776859507,933.8429752066118,1.1646734775641026,1.4033834134615388,1.4033834134615388,1300,1550,1550,1.1923076923076923,1.1923076923076923,0,0,150.505,PAM02-BK,0,,,ON,False
2026-07-23,,IM12,3,,SD,,,0,,0,0,0,0,0,,,,,,0,0,0,0,0,0,0,0,0,0,0,0,0,0,0,0,0,0,0,0,0,,,SD,False
2026-07-23,,IM12,1,8:30AM,J34A BG BRACKET A,1110749,,5764,600,0,5.75,34.5,6.953472222222222,1.0465277777777784,,,32.3,615a,775,775,775,0,0,0,1.0681114551083593,1.0681114551083593,827.7863777089784,1.1226960358796296,1.199164496527778,1.199164496527778,1200,1550,1550,1.2916666666666667,1.2916666666666667,0,0,348.3625,PAM01-BK,0,,,ON,False
2026-07-23,,IM12,2,,J34A BG BRACKET A,,,5764,800,0,7.666666666666667,34.5,5.162222222222222,2.837777777777778,,,32.32,,575,575,575,0,0,0,1.067450495049505,1.067450495049505,613.7840346534654,0.4637934027777777,0.49507649739583326,0.49507649739583326,1600,1150,1150,0.71875,0.71875,0,0,258.46250000000003,PAM01-BK,0,,,ON,False
2026-07-23,,IM14,3,,T90A RCL RIM (COVER A),,,MO5773,,0,0,42,3.5490722222222217,4.450927777777778,,,40.69,ongoing,314,314,314,0,0,0,1.0321946424182846,1.0321946424182846,324.1091177193414,0,0,0,0,628,628,314,314,408.82800000000003,0,137.532,PP025-BK,0,,,ON,False
2026-07-23,,IM14,1,,T90A RCL RIM (COVER A),,,MO5773,,0,0,42,5.0071305555555545,2.9928694444444455,,,40.69,ongoing,443,443,443,0,0,0,1.0321946424182846,1.0321946424182846,457.2622265913001,0,0,0,0,886,886,443,443,576.7860000000001,0,194.034,PP025-BK,0,,,ON,False
2026-07-23,,IM14,2,,SD,,,0,,0,0,0,0,0,,,,,,0,0,0,0,0,0,0,0,0,0,0,0,0,0,0,0,0,0,0,0,0,,,SD,False
2026-07-23,,IM15,3,,SD,,,0,,0,0,0,0,0,,,,,,0,0,0,0,0,0,0,0,0,0,0,0,0,0,0,0,0,0,0,0,0,,,SD,False
2026-07-23,,IM15,1,9:00AM,U625 REFLEX REFLECTOR,1095757,,MO8085,600,0,5.5,33,5.956875,2.043125,,,31.77,730a,675,665,665,10,10,0.014814814814814815,1.0387157695939566,1.0387157695939566,701.1331444759207,0.837685546875,0.8572265625,0.8572265625,1200,1350,1330,1.125,1.1083333333333334,513.38,7.720000000000001,104.0175,PMMA01-AM,0,,,ON,False
2026-07-23,,IM15,2,,U625 REFLEX REFLECTOR,,,MO8085,800,0,7.333333333333333,33,7.880725,0.11927500000000002,,,31.77,,893,893,893,0,0,0,1.0387157695939566,1.0387157695939566,927.5731822474032,1.09960741015625,1.1421795572916669,1.1421795572916669,1600,1786,1786,1.11625,1.11625,689.3960000000001,0,137.6113,PMMA01-AM,0,,,ON,False
2026-07-23,,IM16,3,,SD,,,0,,0,0,0,0,0,,,,,,0,0,0,0,0,0,0,0,0,0,0,0,0,0,0,0,0,0,0,0,0,,,SD,False
2026-07-23,,IM16,1,,SD,,,0,,0,0,0,0,0,,,,,,0,0,0,0,0,0,0,0,0,0,0,0,0,0,0,0,0,0,0,0,0,,,SD,False
2026-07-23,,IM16,2,,SD,,,0,,0,0,0,0,0,,,,,,0,0,0,0,0,0,0,0,0,0,0,0,0,0,0,0,0,0,0,0,0,,,SD,False
2026-07-23,,IM17,3,,SD,,,0,,0,0,0,0,0,,,,,,0,0,0,0,0,0,0,0,0,0,0,0,0,0,0,0,0,0,0,0,0,,,SD,False
2026-07-23,,IM17,1,,SD,,,0,,0,0,0,0,0,,,,,,0,0,0,0,0,0,0,0,0,0,0,0,0,0,0,0,0,0,0,0,0,,,SD,False
2026-07-23,,IM17,2,,SD,,,0,,0,0,0,0,0,,,,,,0,0,0,0,0,0,0,0,0,0,0,0,0,0,0,0,0,0,0,0,0,,,SD,False
2026-07-23,,IM18,3,,SD,,,0,,0,0,0,0,0,,,,,,0,0,0,0,0,0,0,0,0,0,0,0,0,0,0,0,0,0,0,0,0,,,SD,False
2026-07-23,,IM18,1,,SD,,,0,,0,0,0,0,0,,,,,,0,0,0,0,0,0,0,0,0,0,0,0,0,0,0,0,0,0,0,0,0,,,SD,False
2026-07-23,,IM18,2,,SD,,,0,,0,0,0,0,0,,,,,,0,0,0,0,0,0,0,0,0,0,0,0,0,0,0,0,0,0,0,0,0,,,SD,False
2026-07-23,,IM19,3,,SD,,,0,,0,0,0,0,0,,,,,,0,0,0,0,0,0,0,0,0,0,0,0,0,0,0,0,0,0,0,0,0,,,SD,False
2026-07-23,,IM19,1,,SD,,,0,,0,0,0,0,0,,,,,,0,0,0,0,0,0,0,0,0,0,0,0,0,0,0,0,0,0,0,0,0,,,SD,False
2026-07-23,,IM19,2,,SD,,,0,,0,0,0,0,0,,,,,,0,0,0,0,0,0,0,0,0,0,0,0,0,0,0,0,0,0,0,0,0,,,SD,False
2026-07-23,,IM2,3,,SD,,,0,,0,0,0,0,0,,,,,,0,0,0,0,0,0,0,0,0,0,0,0,0,0,0,0,0,0,0,0,0,,,SD,False
2026-07-23,,IM2,1,,SD,,,0,,0,0,0,0,0,,,,,,0,0,0,0,0,0,0,0,0,0,0,0,0,0,0,0,0,0,0,0,0,,,SD,False
2026-07-23,,IM2,2,,SD,,,0,,0,0,0,0,0,,,,,,0,0,0,0,0,0,0,0,0,0,0,0,0,0,0,0,0,0,0,0,0,,,SD,False
2026-07-23,,IM3,3,,SD,1112128,,0,100,0,0,0,0,0,,,,,,0,0,0,0,0,0,0,0,0,0,0,0,0,0,0,0,0,0,0,0,0,,,SD,False
2026-07-23,,IM3,1,7:00AM,L42P BUL Refl,1111924,,M04264,800,133.33333333333334,7.111111111111111,32,5.465277777777778,2.5347222222222223,,,31.48,715a,625,625,625,0,0,0,1.0165184243964422,1.0165184243964422,635.3240152477764,0.533718532986111,0.5425347222222222,0.5425347222222222,1600,1250,1250,0.78125,0.78125,941.25,0,333.75,PC001-GY,0,,,ON,False
2026-07-23,,IM3,2,,L42P BUL Refl,,,M04264,800,133.33333333333334,7.111111111111111,32,4.586427777777778,3.4135722222222222,,Paused for wip.,31.39,,526,526,526,0,0,0,1.0194329404268876,1.0194329404268876,536.2217266645429,0.3769470329861111,0.38427222222222224,0.38427222222222224,1600,1052,1052,0.6575,0.6575,792.156,0,280.884,PC001-GY,0,,,ON,False
2026-07-23,,IM4,3,11:00PM,550B RCL-LED Ext. B,1111770,,M05326,1200,171.42857142857142,7.666666666666667,23,0,8,,No tooling on 3rds waiting for first shift tooling to get here.,,,,0,0,0,0,0,0,0,0,0,0,0,2400,0,0,0,0,0,0,0,PC018-BK,0,,,ON,False
2026-07-23,,IM4,1,,550B RCL-LED Ext. B,,,M05326,1200,171.42857142857142,7.666666666666667,23,4.75,3.25,,,22.8,815a,750,750,750,0,0,0,1.0087719298245614,1.0087719298245614,756.578947368421,0.37109375,0.37434895833333337,0.37434895833333337,2400,1500,1500,0.625,0.625,403.5,0,82.35,PC018-BK,0,,,ON,False
2026-07-23,,IM4,2,,550B RCL-LED Ext. B,,,M05326,1200,171.42857142857142,7.666666666666667,23,4.8196666666666665,3.1803333333333335,,,22.8,,761,761,761,0,0,0,1.0087719298245614,1.0087719298245614,767.6754385964913,0.3820589930555555,0.38541038773148145,0.38541038773148145,2400,1522,1522,0.6341666666666667,0.6341666666666667,409.418,0,83.5578,PC018-BK,0,,,ON,False
2026-07-23,,IM5,3,ONGOING ,NQ5A Bumper Brkt I/B #2,1110417,,1023,650,0,7.850555555555554,43.48,7.677666666666667,0.3223333333333329,,,37.2,ongoing,743,743,743,0,0,0,1.1688172043010752,1.1688172043010752,868.4311827956989,1.0970204487179487,1.2822163739316237,1.2822163739316237,1300,1486,1486,1.143076923076923,1.143076923076923,0,0,115.46220000000001,PAM02-BK,0,,,ON,False
2026-07-23,,IM5,1,,NQ5A Bumper Brkt I/B #2,,,1023,650,0,7.850555555555554,43.48,8.266666666666667,-0.2666666666666675,,,37.2,,800,800,800,0,0,0,1.1688172043010752,1.1688172043010752,935.0537634408602,1.271794871794872,1.4864957264957266,1.4864957264957266,1300,1600,1600,1.2307692307692308,1.2307692307692308,0,0,124.32000000000001,PAM02-BK,0,,,ON,False
2026-07-23,,IM5,2,,NQ5A Bumper Brkt I/B #2,,,1023,650,0,7.850555555555554,43.48,7.233333333333333,0.7666666666666666,,,37.2,,700,700,700,0,0,0,1.1688172043010752,1.1688172043010752,818.1720430107526,0.9737179487179487,1.1380982905982904,1.1380982905982904,1300,1400,1400,1.0769230769230769,1.0769230769230769,0,0,108.78,PAM02-BK,0,,,ON,False
2026-07-23,,IM6,3,11:30PM,31CC Bezel (Island),1112158,,M623,900,0,6.5,26,5.7555555555555555,2.2444444444444445,,,25.9,9p,800,795,795,5,5,0.00625,1.0038610038610039,1.0038610038610039,803.088803088803,0.6395061728395062,0.637962962962963,0.637962962962963,1800,1600,1590,0.8888888888888888,0.8833333333333333,731.4,4.6000000000000005,60,PC013-BK,0,,,ON,False
2026-07-23,,IM6,1,,31CC Bezel (Island),,,M623,1100,0,7.944444444444445,26,7.913888888888888,0.08611111111111214,,,25.9,,1100,1100,1100,0,0,0,1.0038610038610039,1.0038610038610039,1104.2471042471043,0.9892361111111111,0.9930555555555556,0.9930555555555556,2200,2200,2200,1,1,1012,0,82.5,PC013-BK,0,,,ON,False
2026-07-23,,IM6,2,,31CC Bezel (Island),,,M623,1100,0,7.944444444444445,26,6.617249999999999,1.3827500000000006,,Out of carts.,25.95,ongoing,918,918,918,0,0,0,1.001926782273603,1.001926782273603,919.7687861271677,0.6902994886363636,0.6916295454545455,0.6916295454545455,2200,1836,1836,0.8345454545454546,0.8345454545454546,844.5600000000001,0,68.85,PC013-BK,0,,,ON,False
2026-07-23,,IM7,3,,SD,,,0,,0,0,0,0,0,,,,,,0,0,0,0,0,0,0,0,0,0,0,0,0,0,0,0,0,0,0,0,0,,,SD,False
2026-07-23,,IM7,1,,SD,,,0,,0,0,0,0,0,,,,,,0,0,0,0,0,0,0,0,0,0,0,0,0,0,0,0,0,0,0,0,0,,,SD,False
2026-07-23,,IM7,2,,SD,,,0,,0,0,0,0,0,,,,,,0,0,0,0,0,0,0,0,0,0,0,0,0,0,0,0,0,0,0,0,0,,,SD,False
2026-07-23,,IM8,3,ONGOING,P33A FCL Base C,1110219,,5549,500,0,6.527777777777778,47,0,8,,Tool had to go to shop for Hotrunner system inside tool over heating,,,,0,0,0,0,0,0,0,0,0,0,0,2000,0,0,0,0,0,0,0,PC017-WT,0,,,ON,False
2026-07-23,,IM8,1,7:30AM,31CC Bezel (Trim Ring),1112135,,TNL 625,600,0,7,42,6.54375,1.4562499999999998,,,34.9,630a,675,675,675,0,0,0,1.2034383954154728,1.2034383954154728,812.3209169054442,0.92021484375,1.107421875,1.107421875,1200,1350,1350,1.125,1.125,1371.6,0,148.635,PC013-BK,0,,,ON,False
2026-07-23,,IM8,2,,31CC Bezel (Trim Ring),,,TNL 625,650,0,7.583333333333333,42,7.614444444444445,0.38555555555555543,,,35.6,,770,770,770,0,0,0,1.1797752808988764,1.1797752808988764,908.4269662921348,1.1275235042735043,1.330224358974359,1.330224358974359,1300,1540,1540,1.1846153846153846,1.1846153846153846,1564.64,0,169.554,PC013-BK,0,,,ON,False
2026-07-23,,IM9,3,,TX6T RCL-LED Refl B,,,M05156,100,7.407407407407407,0.7777777777777778,28,0.9257500000000001,7.07425,,,26.45,1a,126,120,120,6,6,0.047619047619047616,1.058601134215501,1.058601134215501,133.38374291115312,0.14580562500000002,0.14700000000000002,0.14700000000000002,200,252,240,1.26,1.2,129.36,6.468,34.524,PC001-GY,0,,,ON,False
2026-07-23,,IM9,1,,SD,,,0,,0,0,0,0,0,,,,,,0,0,0,0,0,0,0,0,0,0,0,0,0,0,0,0,0,0,0,0,0,,,SD,False
2026-07-23,,IM9,2,3:00PM,J34A HG BRACKET A,1110766,,5765,800,0,7.666666666666667,34.5,3.171666666666667,4.828333333333333,,Out of totes.,33,315p,346,346,346,0,0,0,1.0454545454545454,1.0454545454545454,361.7272727272727,0.17146822916666668,0.17926223958333334,0.17926223958333334,1600,692,692,0.4325,0.4325,0,0,236.00660000000002,PAM01-BK,0,,,ON,False
2026-07-24,,IM1,3,ONGOING,NQ5A Bumper Brkt O/B,1110416,,1024,650,0,7.8036111111111115,43.22,7.6448888888888895,0.3551111111111105,,,32.96,ongoing,835,835,835,0,0,0,1.3112864077669901,1.3112864077669901,1094.9241504854367,1.2275927350427351,1.6097256677350427,1.6097256677350427,1300,1670,1670,1.2846153846153847,1.2846153846153847,0,0,92.01700000000001,PAM02-BK,0,,,ON,False
2026-07-24,,IM1,1,,NQ5A Bumper Brkt O/B,,,1024,650,0,7.8036111111111115,43.22,8.011111111111111,-0.011111111111111072,,,32.96,,875,875,875,0,0,0,1.3112864077669901,1.3112864077669901,1147.3756067961165,1.3480235042735043,1.7676448985042732,1.7676448985042732,1300,1750,1750,1.3461538461538463,1.3461538461538463,0,0,96.42500000000001,PAM02-BK,0,,,ON,False
2026-07-24,,IM1,2,,NQ5A Bumper Brkt O/B,,,1024,650,0,7.8036111111111115,43.22,2.194,5.806,,,32.91,,240,240,240,0,0,0,1.313278638711638,1.313278638711638,315.18687329079313,0.10126153846153844,0.13298461538461537,0.13298461538461537,1300,480,480,0.36923076923076925,0.36923076923076925,0,0,26.448,PAM02-BK,0,,,ON,False
2026-07-24,,IM10,3,12:30AM,31CC DRL Inner Lens,1113490,,TNL 621,200,28.571428571428573,2.2777777777777777,41,3.063902777777778,4.936097222222222,,,37.39,2a,295,291,291,4,4,0.013559322033898305,1.0965498796469644,1.0965498796469644,323.48221449585446,0.5649070746527778,0.6110494791666666,0.6110494791666666,400,590,582,1.475,1.455,607.6080000000001,8.352,165.45252,PC020-NC,0,,,ON,False
2026-07-24,,IM10,1,,31CC DRL Inner Lens,,,TNL 621,200,28.571428571428573,2.2777777777777777,41,0.8828194444444445,7.117180555555556,,,37.39,,85,85,85,0,0,0,1.0965498796469644,1.0965498796469644,93.20673976999197,0.04689978298611111,0.051427951388888886,0.051427951388888886,400,170,170,0.425,0.425,177.48000000000002,0,47.672760000000004,PC020-NC,0,,,ON,False
2026-07-24,,IM10,2,,31CC DRL Inner Lens,,,TNL 621,200,28.571428571428573,2.2777777777777777,41,1.1424722222222221,6.8575277777777774,,,37.39,,110,110,110,0,0,0,1.0965498796469644,1.0965498796469644,120.62048676116608,0.07854496527777777,0.08612847222222221,0.08612847222222221,400,220,220,0.55,0.55,229.68,0,61.694160000000004,PC020-NC,0,,,ON,False
2026-07-24,,IM11,3,ONGOING,NQ5A Bumper Brkt I/B #1,1083862,,1022,650,0,7.8975,43.74,8.017777777777777,-0.017777777777777004,,,36.08,ongoing,800,800,800,0,0,0,1.2123059866962307,1.2123059866962307,969.8447893569845,1.2335042735042734,1.4953846153846153,1.4953846153846153,1300,1600,1600,1.2307692307692308,1.2307692307692308,0,0,155.36,PAM02-BK,0,,,ON,False
2026-07-24,,IM11,1,,NQ5A Bumper Brkt I/B #1,,,1022,650,0,7.8975,43.74,8.022222222222222,-0.022222222222222143,,,36.1,,800,800,800,0,0,0,1.2116343490304708,1.2116343490304708,969.3074792243767,1.234188034188034,1.495384615384615,1.495384615384615,1300,1600,1600,1.2307692307692308,1.2307692307692308,0,0,155.36,PAM02-BK,0,,,ON,False
2026-07-24,,IM11,2,,NQ5A Bumper Brkt I/B #1,,,1022,650,0,7.8975,43.74,3.0083333333333333,4.991666666666667,,,36.1,,300,300,300,0,0,0,1.2116343490304708,1.2116343490304708,363.49030470914124,0.1735576923076923,0.2102884615384615,0.2102884615384615,1300,600,600,0.46153846153846156,0.46153846153846156,0,0,58.260000000000005,PAM02-BK,0,,,ON,False
2026-07-24,,IM12,3,12:00AM,550B RCL-LED Base SAE,1112363,,M05332,800,36.36363636363637,6.666666666666667,30,0,8,,No op/lack of comunication.,,,,0,0,0,0,0,0,0,0,0,0,0,1600,0,0,0,0,0,0,0,PP025-BK,0,,,ON,False
2026-07-24,,IM12,1,,550B RCL-LED Base SAE,,,M05332,900,40.90909090909091,7.5,30,6.723527777777778,1.276472222222222,,,27.95,6a,866,866,866,0,0,0,1.073345259391771,1.073345259391771,929.5169946332736,0.8086909799382717,0.8680046296296297,0.8680046296296297,1800,1732,1732,0.9622222222222222,0.9622222222222222,601.0039999999999,0,140.292,PP025-BK,0,,,ON,False
2026-07-24,,IM12,2,,550B RCL-LED Base SAE,,,M05332,900,40.90909090909091,7.5,30,6.770111111111111,1.2298888888888886,,,27.95,,872,872,872,0,0,0,1.073345259391771,1.073345259391771,935.9570661896242,0.8199356790123457,0.880074074074074,0.880074074074074,1800,1744,1744,0.9688888888888889,0.9688888888888889,605.168,0,141.264,PP025-BK,0,,,ON,False
2026-07-24,,IM14,3,11:10PM,T90A CHL EXTENSION B,1112949,,MO6519,800,53.333333333333336,7.555555555555555,34,0,8,,No op/lack of comunication.,,,,0,0,0,0,0,0,0,0,0,0,0,1600,0,0,0,0,0,0,0,PC003-BK,0,,,ON,False
2026-07-24,,IM14,1,,T90A CHL EXTENSION B,,,MO6519,800,53.333333333333336,7.555555555555555,34,5.133683333333334,2.866316666666666,,,33.42,730a,553,553,553,0,0,0,1.0173548773189707,1.0173548773189707,562.5972471573908,0.4435823255208334,0.45128064236111115,0.45128064236111115,1600,1106,1106,0.69125,0.69125,480.004,0,163.688,PC003-BK,0,,,ON,False
2026-07-24,,IM14,2,,T90A CHL EXTENSION B,,,MO6519,800,53.333333333333336,7.555555555555555,34,6.432799999999999,1.5672000000000006,,,33.66,,688,688,688,0,0,0,1.0101010101010102,1.0101010101010102,694.949494949495,0.691526,0.6985111111111111,0.6985111111111111,1600,1376,1376,0.86,0.86,597.184,0,203.648,PC003-BK,0,,,ON,False
2026-07-24,,IM15,3,ONGOING,U625 REFLEX REFLECTOR,1095757,,MO8085,800,0,7.333333333333333,33,3.8112000000000004,4.1888,,Press down at 130am op from seconds went home.,31.76,,432,432,432,0,0,0,1.0390428211586902,1.0390428211586902,448.86649874055416,0.25725600000000004,0.26730000000000004,0.26730000000000004,1600,864,864,0.54,0.54,333.504,0,66.57119999999999,PMMA01-AM,0,,,ON,False
2026-07-24,,IM15,1,,U625 REFLEX REFLECTOR,,,MO8085,800,0,7.333333333333333,33,5.6991555555555555,2.3008444444444445,,,31.76,730a,646,642,642,4,4,0.006191950464396285,1.0390428211586902,1.0390428211586902,671.2216624685138,0.5752585138888889,0.5940171875000001,0.5940171875000001,1600,1292,1284,0.8075,0.8025,495.624,3.088,99.5486,PMMA01-AM,0,,,ON,False
2026-07-24,,IM15,2,,SD,,,0,,0,0,0,0,0,,,,,,0,0,0,0,0,0,0,0,0,0,0,0,0,0,0,0,0,0,0,0,0,,,SD,False
2026-07-24,,IM16,3,,SD,,,0,,0,0,0,0,0,,,,,,0,0,0,0,0,0,0,0,0,0,0,0,0,0,0,0,0,0,0,0,0,,,SD,False
2026-07-24,,IM16,1,,SD,,,0,,0,0,0,0,0,,,,,,0,0,0,0,0,0,0,0,0,0,0,0,0,0,0,0,0,0,0,0,0,,,SD,False
2026-07-24,,IM16,2,,SD,,,0,,0,0,0,0,0,,,,,,0,0,0,0,0,0,0,0,0,0,0,0,0,0,0,0,0,0,0,0,0,,,SD,False
2026-07-24,,IM17,3,,SD,,,0,,0,0,0,0,0,,,,,,0,0,0,0,0,0,0,0,0,0,0,0,0,0,0,0,0,0,0,0,0,,,SD,False
2026-07-24,,IM17,1,,SD,,,0,,0,0,0,0,0,,,,,,0,0,0,0,0,0,0,0,0,0,0,0,0,0,0,0,0,0,0,0,0,,,SD,False
2026-07-24,,IM17,2,,SD,,,0,,0,0,0,0,0,,,,,,0,0,0,0,0,0,0,0,0,0,0,0,0,0,0,0,0,0,0,0,0,,,SD,False
2026-07-24,,IM18,3,,SD,,,0,,0,0,0,0,0,,,,,,0,0,0,0,0,0,0,0,0,0,0,0,0,0,0,0,0,0,0,0,0,,,SD,False
2026-07-24,,IM18,1,,SD,,,0,,0,0,0,0,0,,,,,,0,0,0,0,0,0,0,0,0,0,0,0,0,0,0,0,0,0,0,0,0,,,SD,False
2026-07-24,,IM18,2,,SD,,,0,,0,0,0,0,0,,,,,,0,0,0,0,0,0,0,0,0,0,0,0,0,0,0,0,0,0,0,0,0,,,SD,False
2026-07-24,,IM19,3,,SD,,,0,,0,0,0,0,0,,,,,,0,0,0,0,0,0,0,0,0,0,0,0,0,0,0,0,0,0,0,0,0,,,SD,False
2026-07-24,,IM19,1,,SD,,,0,,0,0,0,0,0,,,,,,0,0,0,0,0,0,0,0,0,0,0,0,0,0,0,0,0,0,0,0,0,,,SD,False
2026-07-24,,IM19,2,,SD,,,0,,0,0,0,0,0,,,,,,0,0,0,0,0,0,0,0,0,0,0,0,0,0,0,0,0,0,0,0,0,,,SD,False
2026-07-24,,IM2,3,,SD,,,0,,0,0,0,0,0,,,,,,0,0,0,0,0,0,0,0,0,0,0,0,0,0,0,0,0,0,0,0,0,,,SD,False
2026-07-24,,IM2,1,7:30AM,T90A CHL BRACKET G,1112881,,MO8384,800,40,7.388888888888889,33.25,4.547222222222222,3.4527777777777784,,,32.74,8a,500,500,500,0,0,0,1.0155772755039707,1.0155772755039707,507.78863775198533,0.35525173611111105,0.36078559027777773,0.36078559027777773,1600,1000,1000,0.625,0.625,562,0,127,ABS06-BK,0,,,ON,False
2026-07-24,,IM2,2,,T90A CHL BRACKET G,,,MO8384,800,40,7.388888888888889,33.25,7.566577777777778,0.43342222222222215,,Out of pack.,32.74,ongoing,832,832,832,0,0,0,1.0155772755039707,1.0155772755039707,844.9602932193036,0.9836551111111111,0.9989777777777779,0.9989777777777779,1600,1664,1664,1.04,1.04,935.1680000000001,0,211.328,ABS06-BK,0,,,ON,False
2026-07-24,,IM3,3,ONGOING,L42P BUL Refl,1111924,,M04264,900,150,8,32,3.0508416666666665,4.949158333333333,,Paused for wip.,31.47,ongoing,349,349,349,0,0,0,1.0168414362885287,1.0168414362885287,354.87766126469654,0.14788107523148147,0.1503716049382716,0.1503716049382716,1800,698,698,0.3877777777777778,0.3877777777777778,525.594,0,186.366,PC001-GY,0,,,ON,False
2026-07-24,,IM3,1,,L42P BUL Refl,,,M04264,900,150,8,32,6.709333333333333,1.2906666666666666,,,31.45,730a,768,768,768,0,0,0,1.0174880763116056,1.0174880763116056,781.4308426073131,0.7156622222222222,0.7281777777777777,0.7281777777777777,1800,1536,1536,0.8533333333333334,0.8533333333333334,1156.608,0,410.112,PC001-GY,0,,,ON,False
2026-07-24,,IM3,2,4:00PM,T90A RCL INNER LENS B,1113168,,MO5778,700,58.333333333333336,6.416666666666667,33,0,8,,Maint needing to work on water leak. Maint told to work on press 4.,,,,0,0,0,0,0,0,0,0,0,0,0,1400,0,0,0,0,0,0,0,PC011-NC,0,,,ON,False
2026-07-24,,IM4,3,ONGOING,550B RCL-LED Ext. B,1111770,,M05326,1200,171.42857142857142,7.666666666666667,23,0,8,,,,,,0,0,0,0,0,0,0,0,0,0,0,2400,0,0,0,0,0,0,0,PC018-BK,0,,,ON,False
2026-07-24,,IM4,1,,550B RCL-LED Ext. B,,,M05326,1000,142.85714285714286,6.388888888888889,23,0,8,,,,,,0,0,0,0,0,0,0,0,0,0,0,2000,0,0,0,0,0,0,0,PC018-BK,0,,,ON,False
2026-07-24,,IM4,2,,SD,,,0,,0,0,0,0,0,,,,,,0,0,0,0,0,0,0,0,0,0,0,0,0,0,0,0,0,0,0,0,0,,,SD,False
2026-07-24,,IM5,3,ONGOING,NQ5A Bumper Brkt I/B #2,1110417,,1023,650,0,7.850555555555554,43.48,8.359666666666667,-0.35966666666666747,,,37.2,ongoing,809,809,809,0,0,0,1.1688172043010752,1.1688172043010752,945.5731182795698,1.300571217948718,1.520130014957265,1.520130014957265,1300,1618,1618,1.2446153846153847,1.2446153846153847,0,0,125.71860000000001,PAM02-BK,0,,,ON,False
2026-07-24,,IM5,1,,NQ5A Bumper Brkt I/B #2,,,1023,650,0,7.850555555555554,43.48,4.588,3.412,,,37.2,745a,444,442,442,2,2,0.0045045045045045045,1.1688172043010752,1.1688172043010752,518.9548387096773,0.3917446153846154,0.45581533333333335,0.45581533333333335,1300,888,884,0.683076923076923,0.6799999999999999,0,0,68.9976,PAM02-BK,0,,,ON,False
2026-07-24,,IM5,2,,NQ5A Bumper Brkt I/B #2,,,1023,650,0,7.850555555555554,43.48,6.427333333333334,1.5726666666666658,,,37.2,,622,622,622,0,0,0,1.1688172043010752,1.1688172043010752,727.0043010752687,0.7688079487179488,0.8985959572649572,0.8985959572649572,1300,1244,1244,0.9569230769230769,0.9569230769230769,0,0,96.6588,PAM02-BK,0,,,ON,False
2026-07-24,,IM6,3,,SD,,,0,,0,0,0,0,0,,,,,,0,0,0,0,0,0,0,0,0,0,0,0,0,0,0,0,0,0,0,0,0,,,SD,False
2026-07-24,,IM6,1,8:30AM,T90A CHL REFLEX REFLECTOR,1113033,,MO6510,700,25.454545454545453,5.638888888888889,29,4.466666666666667,3.533333333333333,,,30,8a,536,528,528,8,8,0.014925373134328358,0.9666666666666667,0.9666666666666667,518.1333333333333,0.42752380952380953,0.4071047619047619,0.4071047619047619,1400,1072,1056,0.7657142857142857,0.7542857142857142,387.552,5.872,66.464,PC026-AMB,0,,,ON,False
2026-07-24,,IM6,2,,T90A CHL REFLEX REFLECTOR,,,MO6510,900,32.72727272727273,7.25,29,7.333333333333333,0.666666666666667,,,30,ongoing,880,880,880,0,0,0,0.9666666666666667,0.9666666666666667,850.6666666666666,0.8962962962962963,0.8664197530864197,0.8664197530864197,1800,1760,1760,0.9777777777777777,0.9777777777777777,645.92,0,109.12,PC026-AMB,0,,,ON,False
2026-07-24,,IM7,3,11:00PM,T90A RCL Extension A,1095343,,MO5772,700,93.33333333333333,7.583333333333333,39,1.4958333333333333,6.504166666666666,,,35.9,,150,150,150,0,0,0,1.0863509749303621,1.0863509749303621,162.95264623955433,0.04006696428571429,0.04352678571428572,0.04352678571428572,1400,300,300,0.21428571428571427,0.21428571428571427,214.79999999999998,0,81,PC003-BK,0,,,ON,False
2026-07-24,,IM7,1,8:00AM,150B SPL Housing,1112208,,M05201,500,100,6.25,45,1.1305555555555555,3.8777777777777773,,Valve gate werent operating correctly.,40.7,12p,100,95,95,5,5,0.05,1.1056511056511056,1.1056511056511056,110.56511056511056,0.41222222222222216,0.4329852579852579,0.4329852579852579,1000,200,190,0.2,0.19,212.23,11.17,79,PC001-GY,0,,,ON,True
2026-07-24,,IM7,1,,T90A RCL Extension A,,,MO5772,,0,0,39,2.9916666666666667,-2.3515833333333336,,,35.9,ongoing,300,300,300,0,0,0,1.0863509749303621,1.0863509749303621,325.90529247910865,2.050907447916667,2.228005305536212,2.228005305536212,0,600,600,300,300,429.59999999999997,0,162,PC003-BK,0,,,ON,True
2026-07-24,,IM7,2,,150B SPL Housing,,,M05201,600,120,7.5,45,7.359916666666667,0.6400833333333331,,,40.7,ongoing,651,651,651,0,0,0,1.1056511056511056,1.1056511056511056,719.7788697788698,0.9981886979166668,1.1036484375,1.1036484375,1200,1302,1302,1.085,1.085,1454.334,0,514.2900000000001,PC001-GY,0,,,ON,False
2026-07-24,,IM8,3,ONGOING,31CC Bezel (Trim Ring),1112135,,TNL 625,600,0,7,42,4.105041666666667,3.8949583333333333,,,35.61,830a,415,415,415,0,0,0,1.1794439764111204,1.1794439764111204,489.469250210615,0.3549150607638889,0.41860243055555557,0.41860243055555557,1200,830,830,0.6916666666666667,0.6916666666666667,843.28,0,91.38300000000001,PC013-BK,0,,,ON,False
2026-07-24,,IM8,1,7:00AM,31CC Reflector Turn,1113491,,TNL 620,700,70,7.777777777777778,40,4.722222222222222,3.2777777777777777,,,34,830a,500,495,495,5,5,0.01,1.1764705882352942,1.1764705882352942,588.2352941176471,0.4216269841269842,0.49107142857142866,0.49107142857142866,1400,1000,990,0.7142857142857143,0.7071428571428572,804.8699999999999,8.129999999999999,147,PBT05-BK,0,,,ON,False
2026-07-24,,IM8,2,,31CC Reflector Turn,,,TNL 620,700,70,7.777777777777778,40,5.940825,2.0591749999999998,,,34.11,ongoing,627,627,627,0,0,0,1.1726766344180592,1.1726766344180592,735.2682497801231,0.6651602276785715,0.7800178571428573,0.7800178571428573,1400,1254,1254,0.8957142857142857,0.8957142857142857,1019.502,0,184.338,PBT05-BK,0,,,ON,False
2026-07-24,,IM9,3,1:00AM,T90A RCL Reflector A,1113818,,MO5774,500,125,5.555555555555555,40,4.347916666666666,3.6520833333333336,,,41.74,1245a,375,371,371,4,4,0.010666666666666666,0.9583133684714902,0.9583133684714902,359.3675131768088,0.4076171875,0.3864583333333333,0.3864583333333333,1000,750,742,0.75,0.742,790.9720000000001,8.528,243,PC001-GY,0,,,ON,False
2026-07-24,,IM9,1,,T90A RCL Reflector A,,,MO5774,600,150,6.666666666666667,40,7.2013888888888875,0.7986111111111125,,,41.48,ongoing,625,625,625,0,0,0,0.9643201542912248,0.9643201542912248,602.7000964320155,0.9376808449074072,0.9042245370370369,0.9042245370370369,1200,1250,1250,1.0416666666666667,1.0416666666666667,1332.5,0,405,PC001-GY,0,,,ON,False
2026-07-24,,IM9,2,,T90A RCL Reflector A,,,MO5774,600,150,6.666666666666667,40,0,8,,,,,,0,0,0,0,0,0,0,0,0,0,0,1200,0,0,0,0,0,0,0,PC001-GY,0,,,ON,False
2026-07-25,,IM1,3,,SD,,,0,,0,0,0,0,0,,,,,,0,0,0,0,0,0,0,0,0,0,0,0,0,0,0,0,0,0,0,0,0,,,SD,False
2026-07-25,,IM1,1,,SD,,,0,,0,0,0,0,0,,,,,,0,0,0,0,0,0,0,0,0,0,0,0,0,0,0,0,0,0,0,0,0,,,SD,False
2026-07-25,,IM1,2,,SD,,,0,,0,0,0,0,0,,,,,,0,0,0,0,0,0,0,0,0,0,0,0,0,0,0,0,0,0,0,0,0,,,SD,False
2026-07-25,,IM10,3,,SD,,,0,,0,0,0,0,0,,,,,,0,0,0,0,0,0,0,0,0,0,0,0,0,0,0,0,0,0,0,0,0,,,SD,False
2026-07-25,,IM10,1,,SD,,,0,,0,0,0,0,0,,,,,,0,0,0,0,0,0,0,0,0,0,0,0,0,0,0,0,0,0,0,0,0,,,SD,False
2026-07-25,,IM10,2,,SD,,,0,,0,0,0,0,0,,,,,,0,0,0,0,0,0,0,0,0,0,0,0,0,0,0,0,0,0,0,0,0,,,SD,False
2026-07-25,,IM11,3,,SD,,,0,,0,0,0,0,0,,,,,,0,0,0,0,0,0,0,0,0,0,0,0,0,0,0,0,0,0,0,0,0,,,SD,False
2026-07-25,,IM11,1,,SD,,,0,,0,0,0,0,0,,,,,,0,0,0,0,0,0,0,0,0,0,0,0,0,0,0,0,0,0,0,0,0,,,SD,False
2026-07-25,,IM11,2,,SD,,,0,,0,0,0,0,0,,,,,,0,0,0,0,0,0,0,0,0,0,0,0,0,0,0,0,0,0,0,0,0,,,SD,False
2026-07-25,,IM12,3,,SD,,,0,,0,0,0,0,0,,,,,,0,0,0,0,0,0,0,0,0,0,0,0,0,0,0,0,0,0,0,0,0,,,SD,False
2026-07-25,,IM12,1,,SD,,,0,,0,0,0,0,0,,,,,,0,0,0,0,0,0,0,0,0,0,0,0,0,0,0,0,0,0,0,0,0,,,SD,False
2026-07-25,,IM12,2,,SD,,,0,,0,0,0,0,0,,,,,,0,0,0,0,0,0,0,0,0,0,0,0,0,0,0,0,0,0,0,0,0,,,SD,False
2026-07-25,,IM14,3,,SD,,,0,,0,0,0,0,0,,,,,,0,0,0,0,0,0,0,0,0,0,0,0,0,0,0,0,0,0,0,0,0,,,SD,False
2026-07-25,,IM14,1,,SD,,,0,,0,0,0,0,0,,,,,,0,0,0,0,0,0,0,0,0,0,0,0,0,0,0,0,0,0,0,0,0,,,SD,False
2026-07-25,,IM14,2,,SD,,,0,,0,0,0,0,0,,,,,,0,0,0,0,0,0,0,0,0,0,0,0,0,0,0,0,0,0,0,0,0,,,SD,False
2026-07-25,,IM15,3,,SD,,,0,,0,0,0,0,0,,,,,,0,0,0,0,0,0,0,0,0,0,0,0,0,0,0,0,0,0,0,0,0,,,SD,False
2026-07-25,,IM15,1,,SD,,,0,,0,0,0,0,0,,,,,,0,0,0,0,0,0,0,0,0,0,0,0,0,0,0,0,0,0,0,0,0,,,SD,False
2026-07-25,,IM15,2,,SD,,,0,,0,0,0,0,0,,,,,,0,0,0,0,0,0,0,0,0,0,0,0,0,0,0,0,0,0,0,0,0,,,SD,False
2026-07-25,,IM16,3,,SD,,,0,,0,0,0,0,0,,,,,,0,0,0,0,0,0,0,0,0,0,0,0,0,0,0,0,0,0,0,0,0,,,SD,False
2026-07-25,,IM16,1,,SD,,,0,,0,0,0,0,0,,,,,,0,0,0,0,0,0,0,0,0,0,0,0,0,0,0,0,0,0,0,0,0,,,SD,False
2026-07-25,,IM16,2,,SD,,,0,,0,0,0,0,0,,,,,,0,0,0,0,0,0,0,0,0,0,0,0,0,0,0,0,0,0,0,0,0,,,SD,False
2026-07-25,,IM17,3,,SD,,,0,,0,0,0,0,0,,,,,,0,0,0,0,0,0,0,0,0,0,0,0,0,0,0,0,0,0,0,0,0,,,SD,False
2026-07-25,,IM17,1,,SD,,,0,,0,0,0,0,0,,,,,,0,0,0,0,0,0,0,0,0,0,0,0,0,0,0,0,0,0,0,0,0,,,SD,False
2026-07-25,,IM17,2,,SD,,,0,,0,0,0,0,0,,,,,,0,0,0,0,0,0,0,0,0,0,0,0,0,0,0,0,0,0,0,0,0,,,SD,False
2026-07-25,,IM18,3,,SD,,,0,,0,0,0,0,0,,,,,,0,0,0,0,0,0,0,0,0,0,0,0,0,0,0,0,0,0,0,0,0,,,SD,False
2026-07-25,,IM18,1,,SD,,,0,,0,0,0,0,0,,,,,,0,0,0,0,0,0,0,0,0,0,0,0,0,0,0,0,0,0,0,0,0,,,SD,False
2026-07-25,,IM18,2,,SD,,,0,,0,0,0,0,0,,,,,,0,0,0,0,0,0,0,0,0,0,0,0,0,0,0,0,0,0,0,0,0,,,SD,False
2026-07-25,,IM19,3,,SD,,,0,,0,0,0,0,0,,,,,,0,0,0,0,0,0,0,0,0,0,0,0,0,0,0,0,0,0,0,0,0,,,SD,False
2026-07-25,,IM19,1,,SD,,,0,,0,0,0,0,0,,,,,,0,0,0,0,0,0,0,0,0,0,0,0,0,0,0,0,0,0,0,0,0,,,SD,False
2026-07-25,,IM19,2,,SD,,,0,,0,0,0,0,0,,,,,,0,0,0,0,0,0,0,0,0,0,0,0,0,0,0,0,0,0,0,0,0,,,SD,False
2026-07-25,,IM2,3,,SD,,,0,,0,0,0,0,0,,,,,,0,0,0,0,0,0,0,0,0,0,0,0,0,0,0,0,0,0,0,0,0,,,SD,False
2026-07-25,,IM2,1,,SD,,,0,,0,0,0,0,0,,,,,,0,0,0,0,0,0,0,0,0,0,0,0,0,0,0,0,0,0,0,0,0,,,SD,False
2026-07-25,,IM2,2,,SD,,,0,,0,0,0,0,0,,,,,,0,0,0,0,0,0,0,0,0,0,0,0,0,0,0,0,0,0,0,0,0,,,SD,False
2026-07-25,,IM3,3,,SD,,,0,,0,0,0,0,0,,,,,,0,0,0,0,0,0,0,0,0,0,0,0,0,0,0,0,0,0,0,0,0,,,SD,False
2026-07-25,,IM3,1,,SD,,,0,,0,0,0,0,0,,,,,,0,0,0,0,0,0,0,0,0,0,0,0,0,0,0,0,0,0,0,0,0,,,SD,False
2026-07-25,,IM3,2,,SD,,,0,,0,0,0,0,0,,,,,,0,0,0,0,0,0,0,0,0,0,0,0,0,0,0,0,0,0,0,0,0,,,SD,False
2026-07-25,,IM4,3,,SD,,,0,,0,0,0,0,0,,,,,,0,0,0,0,0,0,0,0,0,0,0,0,0,0,0,0,0,0,0,0,0,,,SD,False
2026-07-25,,IM4,1,,SD,,,0,,0,0,0,0,0,,,,,,0,0,0,0,0,0,0,0,0,0,0,0,0,0,0,0,0,0,0,0,0,,,SD,False
2026-07-25,,IM4,2,,SD,,,0,,0,0,0,0,0,,,,,,0,0,0,0,0,0,0,0,0,0,0,0,0,0,0,0,0,0,0,0,0,,,SD,False
2026-07-25,,IM5,3,,SD,,,0,,0,0,0,0,0,,,,,,0,0,0,0,0,0,0,0,0,0,0,0,0,0,0,0,0,0,0,0,0,,,SD,False
2026-07-25,,IM5,1,,SD,,,0,,0,0,0,0,0,,,,,,0,0,0,0,0,0,0,0,0,0,0,0,0,0,0,0,0,0,0,0,0,,,SD,False
2026-07-25,,IM5,2,,SD,,,0,,0,0,0,0,0,,,,,,0,0,0,0,0,0,0,0,0,0,0,0,0,0,0,0,0,0,0,0,0,,,SD,False
2026-07-25,,IM6,3,,SD,,,0,,0,0,0,0,0,,,,,,0,0,0,0,0,0,0,0,0,0,0,0,0,0,0,0,0,0,0,0,0,,,SD,False
2026-07-25,,IM6,1,,SD,,,0,,0,0,0,0,0,,,,,,0,0,0,0,0,0,0,0,0,0,0,0,0,0,0,0,0,0,0,0,0,,,SD,False
2026-07-25,,IM6,2,,SD,,,0,,0,0,0,0,0,,,,,,0,0,0,0,0,0,0,0,0,0,0,0,0,0,0,0,0,0,0,0,0,,,SD,False
2026-07-25,,IM7,3,,SD,,,0,,0,0,0,0,0,,,,,,0,0,0,0,0,0,0,0,0,0,0,0,0,0,0,0,0,0,0,0,0,,,SD,False
2026-07-25,,IM7,1,,SD,,,0,,0,0,0,0,0,,,,,,0,0,0,0,0,0,0,0,0,0,0,0,0,0,0,0,0,0,0,0,0,,,SD,False
2026-07-25,,IM7,2,,SD,,,0,,0,0,0,0,0,,,,,,0,0,0,0,0,0,0,0,0,0,0,0,0,0,0,0,0,0,0,0,0,,,SD,False
2026-07-25,,IM8,3,,SD,,,0,,0,0,0,0,0,,,,,,0,0,0,0,0,0,0,0,0,0,0,0,0,0,0,0,0,0,0,0,0,,,SD,False
2026-07-25,,IM8,1,,SD,,,0,,0,0,0,0,0,,,,,,0,0,0,0,0,0,0,0,0,0,0,0,0,0,0,0,0,0,0,0,0,,,SD,False
2026-07-25,,IM8,2,,SD,,,0,,0,0,0,0,0,,,,,,0,0,0,0,0,0,0,0,0,0,0,0,0,0,0,0,0,0,0,0,0,,,SD,False
2026-07-25,,IM9,3,,SD,,,0,,0,0,0,0,0,,,,,,0,0,0,0,0,0,0,0,0,0,0,0,0,0,0,0,0,0,0,0,0,,,SD,False
2026-07-25,,IM9,1,,SD,,,0,,0,0,0,0,0,,,,,,0,0,0,0,0,0,0,0,0,0,0,0,0,0,0,0,0,0,0,0,0,,,SD,False
2026-07-25,,IM9,2,,SD,,,0,,0,0,0,0,0,,,,,,0,0,0,0,0,0,0,0,0,0,0,0,0,0,0,0,0,0,0,0,0,,,SD,False
2026-07-26,,IM1,3,,SD,,,0,,0,0,0,0,0,,,,,,0,0,0,0,0,0,0,0,0,0,0,0,0,0,0,0,0,0,0,0,0,,,SD,False
2026-07-26,,IM1,1,,SD,,,0,,0,0,0,0,0,,,,,,0,0,0,0,0,0,0,0,0,0,0,0,0,0,0,0,0,0,0,0,0,,,SD,False
2026-07-26,,IM1,2,,SD,,,0,,0,0,0,0,0,,,,,,0,0,0,0,0,0,0,0,0,0,0,0,0,0,0,0,0,0,0,0,0,,,SD,False
2026-07-26,,IM10,3,,SD,,,0,,0,0,0,0,0,,,,,,0,0,0,0,0,0,0,0,0,0,0,0,0,0,0,0,0,0,0,0,0,,,SD,False
2026-07-26,,IM10,1,,SD,,,0,,0,0,0,0,0,,,,,,0,0,0,0,0,0,0,0,0,0,0,0,0,0,0,0,0,0,0,0,0,,,SD,False
2026-07-26,,IM10,2,,SD,,,0,,0,0,0,0,0,,,,,,0,0,0,0,0,0,0,0,0,0,0,0,0,0,0,0,0,0,0,0,0,,,SD,False
2026-07-26,,IM11,3,,SD,,,0,,0,0,0,0,0,,,,,,0,0,0,0,0,0,0,0,0,0,0,0,0,0,0,0,0,0,0,0,0,,,SD,False
2026-07-26,,IM11,1,,SD,,,0,,0,0,0,0,0,,,,,,0,0,0,0,0,0,0,0,0,0,0,0,0,0,0,0,0,0,0,0,0,,,SD,False
2026-07-26,,IM11,2,,SD,,,0,,0,0,0,0,0,,,,,,0,0,0,0,0,0,0,0,0,0,0,0,0,0,0,0,0,0,0,0,0,,,SD,False
2026-07-26,,IM12,3,,SD,,,0,,0,0,0,0,0,,,,,,0,0,0,0,0,0,0,0,0,0,0,0,0,0,0,0,0,0,0,0,0,,,SD,False
2026-07-26,,IM12,1,,SD,,,0,,0,0,0,0,0,,,,,,0,0,0,0,0,0,0,0,0,0,0,0,0,0,0,0,0,0,0,0,0,,,SD,False
2026-07-26,,IM12,2,,SD,,,0,,0,0,0,0,0,,,,,,0,0,0,0,0,0,0,0,0,0,0,0,0,0,0,0,0,0,0,0,0,,,SD,False
2026-07-26,,IM14,3,,SD,,,0,,0,0,0,0,0,,,,,,0,0,0,0,0,0,0,0,0,0,0,0,0,0,0,0,0,0,0,0,0,,,SD,False
2026-07-26,,IM14,1,,SD,,,0,,0,0,0,0,0,,,,,,0,0,0,0,0,0,0,0,0,0,0,0,0,0,0,0,0,0,0,0,0,,,SD,False
2026-07-26,,IM14,2,,SD,,,0,,0,0,0,0,0,,,,,,0,0,0,0,0,0,0,0,0,0,0,0,0,0,0,0,0,0,0,0,0,,,SD,False
2026-07-26,,IM15,3,,SD,,,0,,0,0,0,0,0,,,,,,0,0,0,0,0,0,0,0,0,0,0,0,0,0,0,0,0,0,0,0,0,,,SD,False
2026-07-26,,IM15,1,,SD,,,0,,0,0,0,0,0,,,,,,0,0,0,0,0,0,0,0,0,0,0,0,0,0,0,0,0,0,0,0,0,,,SD,False
2026-07-26,,IM15,2,,SD,,,0,,0,0,0,0,0,,,,,,0,0,0,0,0,0,0,0,0,0,0,0,0,0,0,0,0,0,0,0,0,,,SD,False
2026-07-26,,IM16,3,,SD,,,0,,0,0,0,0,0,,,,,,0,0,0,0,0,0,0,0,0,0,0,0,0,0,0,0,0,0,0,0,0,,,SD,False
2026-07-26,,IM16,1,,SD,,,0,,0,0,0,0,0,,,,,,0,0,0,0,0,0,0,0,0,0,0,0,0,0,0,0,0,0,0,0,0,,,SD,False
2026-07-26,,IM16,2,,SD,,,0,,0,0,0,0,0,,,,,,0,0,0,0,0,0,0,0,0,0,0,0,0,0,0,0,0,0,0,0,0,,,SD,False
2026-07-26,,IM17,3,,SD,,,0,,0,0,0,0,0,,,,,,0,0,0,0,0,0,0,0,0,0,0,0,0,0,0,0,0,0,0,0,0,,,SD,False
2026-07-26,,IM17,1,,SD,,,0,,0,0,0,0,0,,,,,,0,0,0,0,0,0,0,0,0,0,0,0,0,0,0,0,0,0,0,0,0,,,SD,False
2026-07-26,,IM17,2,,SD,,,0,,0,0,0,0,0,,,,,,0,0,0,0,0,0,0,0,0,0,0,0,0,0,0,0,0,0,0,0,0,,,SD,False
2026-07-26,,IM18,3,,SD,,,0,,0,0,0,0,0,,,,,,0,0,0,0,0,0,0,0,0,0,0,0,0,0,0,0,0,0,0,0,0,,,SD,False
2026-07-26,,IM18,1,,SD,,,0,,0,0,0,0,0,,,,,,0,0,0,0,0,0,0,0,0,0,0,0,0,0,0,0,0,0,0,0,0,,,SD,False
2026-07-26,,IM18,2,,SD,,,0,,0,0,0,0,0,,,,,,0,0,0,0,0,0,0,0,0,0,0,0,0,0,0,0,0,0,0,0,0,,,SD,False
2026-07-26,,IM19,3,,SD,,,0,,0,0,0,0,0,,,,,,0,0,0,0,0,0,0,0,0,0,0,0,0,0,0,0,0,0,0,0,0,,,SD,False
2026-07-26,,IM19,1,,SD,,,0,,0,0,0,0,0,,,,,,0,0,0,0,0,0,0,0,0,0,0,0,0,0,0,0,0,0,0,0,0,,,SD,False
2026-07-26,,IM19,2,,SD,,,0,,0,0,0,0,0,,,,,,0,0,0,0,0,0,0,0,0,0,0,0,0,0,0,0,0,0,0,0,0,,,SD,False
2026-07-26,,IM2,3,,SD,,,0,,0,0,0,0,0,,,,,,0,0,0,0,0,0,0,0,0,0,0,0,0,0,0,0,0,0,0,0,0,,,SD,False
2026-07-26,,IM2,1,,SD,,,0,,0,0,0,0,0,,,,,,0,0,0,0,0,0,0,0,0,0,0,0,0,0,0,0,0,0,0,0,0,,,SD,False
2026-07-26,,IM2,2,,SD,,,0,,0,0,0,0,0,,,,,,0,0,0,0,0,0,0,0,0,0,0,0,0,0,0,0,0,0,0,0,0,,,SD,False
2026-07-26,,IM3,3,,SD,,,0,,0,0,0,0,0,,,,,,0,0,0,0,0,0,0,0,0,0,0,0,0,0,0,0,0,0,0,0,0,,,SD,False
2026-07-26,,IM3,1,,SD,,,0,,0,0,0,0,0,,,,,,0,0,0,0,0,0,0,0,0,0,0,0,0,0,0,0,0,0,0,0,0,,,SD,False
2026-07-26,,IM3,2,,SD,,,0,,0,0,0,0,0,,,,,,0,0,0,0,0,0,0,0,0,0,0,0,0,0,0,0,0,0,0,0,0,,,SD,False
2026-07-26,,IM4,3,,SD,,,0,,0,0,0,0,0,,,,,,0,0,0,0,0,0,0,0,0,0,0,0,0,0,0,0,0,0,0,0,0,,,SD,False
2026-07-26,,IM4,1,,SD,,,0,,0,0,0,0,0,,,,,,0,0,0,0,0,0,0,0,0,0,0,0,0,0,0,0,0,0,0,0,0,,,SD,False
2026-07-26,,IM4,2,,SD,,,0,,0,0,0,0,0,,,,,,0,0,0,0,0,0,0,0,0,0,0,0,0,0,0,0,0,0,0,0,0,,,SD,False
2026-07-26,,IM5,3,,SD,,,0,,0,0,0,0,0,,,,,,0,0,0,0,0,0,0,0,0,0,0,0,0,0,0,0,0,0,0,0,0,,,SD,False
2026-07-26,,IM5,1,,SD,,,0,,0,0,0,0,0,,,,,,0,0,0,0,0,0,0,0,0,0,0,0,0,0,0,0,0,0,0,0,0,,,SD,False
2026-07-26,,IM5,2,,SD,,,0,,0,0,0,0,0,,,,,,0,0,0,0,0,0,0,0,0,0,0,0,0,0,0,0,0,0,0,0,0,,,SD,False
2026-07-26,,IM6,3,,SD,,,0,,0,0,0,0,0,,,,,,0,0,0,0,0,0,0,0,0,0,0,0,0,0,0,0,0,0,0,0,0,,,SD,False
2026-07-26,,IM6,1,,SD,,,0,,0,0,0,0,0,,,,,,0,0,0,0,0,0,0,0,0,0,0,0,0,0,0,0,0,0,0,0,0,,,SD,False
2026-07-26,,IM6,2,,SD,,,0,,0,0,0,0,0,,,,,,0,0,0,0,0,0,0,0,0,0,0,0,0,0,0,0,0,0,0,0,0,,,SD,False
2026-07-26,,IM7,3,,SD,,,0,,0,0,0,0,0,,,,,,0,0,0,0,0,0,0,0,0,0,0,0,0,0,0,0,0,0,0,0,0,,,SD,False
2026-07-26,,IM7,1,,SD,,,0,,0,0,0,0,0,,,,,,0,0,0,0,0,0,0,0,0,0,0,0,0,0,0,0,0,0,0,0,0,,,SD,False
2026-07-26,,IM7,2,,SD,,,0,,0,0,0,0,0,,,,,,0,0,0,0,0,0,0,0,0,0,0,0,0,0,0,0,0,0,0,0,0,,,SD,False
2026-07-26,,IM8,3,,SD,,,0,,0,0,0,0,0,,,,,,0,0,0,0,0,0,0,0,0,0,0,0,0,0,0,0,0,0,0,0,0,,,SD,False
2026-07-26,,IM8,1,,SD,,,0,,0,0,0,0,0,,,,,,0,0,0,0,0,0,0,0,0,0,0,0,0,0,0,0,0,0,0,0,0,,,SD,False
2026-07-26,,IM8,2,,SD,,,0,,0,0,0,0,0,,,,,,0,0,0,0,0,0,0,0,0,0,0,0,0,0,0,0,0,0,0,0,0,,,SD,False
2026-07-26,,IM9,3,,SD,,,0,,0,0,0,0,0,,,,,,0,0,0,0,0,0,0,0,0,0,0,0,0,0,0,0,0,0,0,0,0,,,SD,False
2026-07-26,,IM9,1,,SD,,,0,,0,0,0,0,0,,,,,,0,0,0,0,0,0,0,0,0,0,0,0,0,0,0,0,0,0,0,0,0,,,SD,False
2026-07-26,,IM9,2,,SD,,,0,,0,0,0,0,0,,,,,,0,0,0,0,0,0,0,0,0,0,0,0,0,0,0,0,0,0,0,0,0,,,SD,False
2026-07-27,,IM1,3,11:00PM,NQ5A Bumper Brkt O/B,1110416,,1024,650,0,7.8036111111111115,43.22,5.491666666666668,2.508333333333332,,,32.95,1130p,600,596,596,4,4,0.006666666666666667,1.3116843702579664,1.3116843702579664,787.0106221547799,0.6336538461538463,0.8256128205128206,0.8256128205128206,1300,1200,1192,0.9230769230769231,0.916923076923077,0,0,66.12,PAM02-BK,0,,,ON,True
2026-07-27,,IM1,3,11:00PM,NQ5A Bumper Brkt O/B,1110416,,1024,650,0,7.8036111111111115,43.22,5.491666666666668,2.508333333333332,,,32.95,1130p,600,596,596,4,4,0.006666666666666667,1.3116843702579664,1.3116843702579664,787.0106221547799,0.6336538461538463,0.8256128205128206,0.8256128205128206,1300,1200,1192,0.9230769230769231,0.916923076923077,0,0,66.12,PAM02-BK,0,,,ON,True
2026-07-27,,IM1,1,,NQ5A Bumper Brkt O/B,,,1024,650,0,7.8036111111111115,43.22,7.779861111111113,0.22013888888888733,,,32.95,,850,850,850,0,0,0,1.3116843702579664,1.3116843702579664,1114.9317147192714,1.2717080662393165,1.668079594017094,1.668079594017094,1300,1700,1700,1.3076923076923077,1.3076923076923077,0,0,93.67,PAM02-BK,0,,,ON,True
2026-07-27,,IM1,1,,NQ5A Bumper Brkt O/B,,,1024,650,0,7.8036111111111115,43.22,7.779861111111113,0.22013888888888733,,,32.95,,850,850,850,0,0,0,1.3116843702579664,1.3116843702579664,1114.9317147192714,1.2717080662393165,1.668079594017094,1.668079594017094,1300,1700,1700,1.3076923076923077,1.3076923076923077,0,0,93.67,PAM02-BK,0,,,ON,True
2026-07-27,,IM1,2,,NQ5A Bumper Brkt O/B,,,1024,650,0,7.8036111111111115,43.22,4.613,3.3869999999999996,,,32.95,,504,504,504,0,0,0,1.3116843702579664,1.3116843702579664,661.0889226100151,0.4471061538461539,0.5864621538461537,0.5864621538461537,1300,1008,1008,0.7753846153846153,0.7753846153846153,0,0,55.540800000000004,PAM02-BK,0,,,ON,True
2026-07-27,,IM1,2,,NQ5A Bumper Brkt O/B,,,1024,650,0,7.8036111111111115,43.22,4.613,3.3869999999999996,,,32.95,,504,504,504,0,0,0,1.3116843702579664,1.3116843702579664,661.0889226100151,0.4471061538461539,0.5864621538461537,0.5864621538461537,1300,1008,1008,0.7753846153846153,0.7753846153846153,0,0,55.540800000000004,PAM02-BK,0,,,ON,True
2026-07-27,,IM10,3,12:40AM,T90A BUL HSG,1107545,,MO5785,500,71.42857142857143,5.277777777777778,38,4.710908333333333,3.2890916666666667,,,37.11,12a,457,452,452,5,5,0.010940919037199124,1.02398275397467,1.02398275397467,467.96011856642417,0.5382212770833333,0.5450994444444446,0.5450994444444446,1000,914,904,0.914,0.9040000000000001,945.5840000000001,10.46,345.492,ASA01-BK,0,,,ON,True
2026-07-27,,IM10,3,12:40AM,T90A BUL HSG,1107545,,MO5785,500,71.42857142857143,5.277777777777778,38,4.710908333333333,3.2890916666666667,,,37.11,12a,457,452,452,5,5,0.010940919037199124,1.02398275397467,1.02398275397467,467.96011856642417,0.5382212770833333,0.5450994444444446,0.5450994444444446,1000,914,904,0.914,0.9040000000000001,945.5840000000001,10.46,345.492,ASA01-BK,0,,,ON,True
2026-07-27,,IM10,1,,T90A BUL HSG,,,MO5785,700,100,7.388888888888889,38,6.628258333333334,1.371741666666666,,No pack.,37.11,,643,643,643,0,0,0,1.02398275397467,1.02398275397467,658.4209108057128,0.7610660907738096,0.7793185515873017,0.7793185515873017,1400,1286,1286,0.9185714285714286,0.9185714285714286,1345.156,0,486.108,ASA01-BK,0,,,ON,True
2026-07-27,,IM10,1,,T90A BUL HSG,,,MO5785,700,100,7.388888888888889,38,6.628258333333334,1.371741666666666,,No pack.,37.11,,643,643,643,0,0,0,1.02398275397467,1.02398275397467,658.4209108057128,0.7610660907738096,0.7793185515873017,0.7793185515873017,1400,1286,1286,0.9185714285714286,0.9185714285714286,1345.156,0,486.108,ASA01-BK,0,,,ON,True
2026-07-27,,IM10,2,,T90A BUL HSG,,,MO5785,700,100,7.388888888888889,38,0,8,,No pack.,,,,0,0,0,0,0,0,0,0,0,0,0,1400,0,0,0,0,0,0,0,ASA01-BK,0,,,ON,True
2026-07-27,,IM10,2,,T90A BUL HSG,,,MO5785,700,100,7.388888888888889,38,0,8,,No pack.,,,,0,0,0,0,0,0,0,0,0,0,0,1400,0,0,0,0,0,0,0,ASA01-BK,0,,,ON,True
2026-07-27,,IM11,3,12:10AM,NQ5A Bumper Brkt I/B #1,1083862,,1022,550,0,6.6825,43.74,4.51125,3.4887499999999996,,,36.09,1230a,450,445,445,5,5,0.011111111111111112,1.2119700748129676,1.2119700748129676,545.3865336658354,0.46137784090909095,0.5529630681818182,0.5529630681818182,1100,900,890,0.8181818181818182,0.8090909090909092,0,0,87.39,PAM02-BK,0,,,ON,True
2026-07-27,,IM11,3,12:10AM,NQ5A Bumper Brkt I/B #1,1083862,,1022,550,0,6.6825,43.74,4.51125,3.4887499999999996,,,36.09,1230a,450,445,445,5,5,0.011111111111111112,1.2119700748129676,1.2119700748129676,545.3865336658354,0.46137784090909095,0.5529630681818182,0.5529630681818182,1100,900,890,0.8181818181818182,0.8090909090909092,0,0,87.39,PAM02-BK,0,,,ON,True
2026-07-27,,IM11,1,,NQ5A Bumper Brkt I/B #1,,,1022,650,0,7.8975,43.74,7.767222222222221,0.23277777777777864,,,36.08,,775,775,775,0,0,0,1.2123059866962307,1.2123059866962307,939.5371396895788,1.1576148504273502,1.4033834134615384,1.4033834134615384,1300,1550,1550,1.1923076923076923,1.1923076923076923,0,0,150.505,PAM02-BK,0,,,ON,True
2026-07-27,,IM11,1,,NQ5A Bumper Brkt I/B #1,,,1022,650,0,7.8975,43.74,7.767222222222221,0.23277777777777864,,,36.08,,775,775,775,0,0,0,1.2123059866962307,1.2123059866962307,939.5371396895788,1.1576148504273502,1.4033834134615384,1.4033834134615384,1300,1550,1550,1.1923076923076923,1.1923076923076923,0,0,150.505,PAM02-BK,0,,,ON,True
2026-07-27,,IM11,2,,NQ5A Bumper Brkt I/B #1,,,1022,650,0,7.8975,43.74,2.7769250000000003,5.223075,,Pause no OP.,36.09,,277,277,277,0,0,0,1.2119700748129676,1.2119700748129676,335.71571072319205,0.14792465865384616,0.17928025961538463,0.17928025961538463,1300,554,554,0.42615384615384616,0.42615384615384616,0,0,53.793400000000005,PAM02-BK,0,,,ON,True
2026-07-27,,IM11,2,,NQ5A Bumper Brkt I/B #1,,,1022,650,0,7.8975,43.74,2.7769250000000003,5.223075,,Pause no OP.,36.09,,277,277,277,0,0,0,1.2119700748129676,1.2119700748129676,335.71571072319205,0.14792465865384616,0.17928025961538463,0.17928025961538463,1300,554,554,0.42615384615384616,0.42615384615384616,0,0,53.793400000000005,PAM02-BK,0,,,ON,True
2026-07-27,,IM12,3,12:20AM,550B RCL-LED Base SAE,1112363,,M05332,900,40.90909090909091,7.5,30,4.46263888888889,3.5373611111111103,,,27.94,1230a,575,570,570,5,5,0.008695652173913044,1.073729420186113,1.073729420186113,617.3944166070149,0.3563913001543211,0.37934027777777785,0.37934027777777785,1800,1150,1140,0.6388888888888888,0.6333333333333333,395.58,3.4699999999999998,93.15,PP025-BK,0,,,ON,True
2026-07-27,,IM12,3,12:20AM,550B RCL-LED Base SAE,1112363,,M05332,900,40.90909090909091,7.5,30,4.46263888888889,3.5373611111111103,,,27.94,1230a,575,570,570,5,5,0.008695652173913044,1.073729420186113,1.073729420186113,617.3944166070149,0.3563913001543211,0.37934027777777785,0.37934027777777785,1800,1150,1140,0.6388888888888888,0.6333333333333333,395.58,3.4699999999999998,93.15,PP025-BK,0,,,ON,True
2026-07-27,,IM12,1,,550B RCL-LED Base SAE,,,M05332,900,40.90909090909091,7.5,30,7.9522916666666665,0.047708333333333464,,,27.93,,1025,1025,1025,0,0,0,1.0741138560687433,1.0741138560687433,1100.966702470462,1.1320970775462962,1.2160011574074072,1.2160011574074072,1800,2050,2050,1.1388888888888888,1.1388888888888888,711.3499999999999,0,166.05,PP025-BK,0,,,ON,True
2026-07-27,,IM12,1,,550B RCL-LED Base SAE,,,M05332,900,40.90909090909091,7.5,30,7.9522916666666665,0.047708333333333464,,,27.93,,1025,1025,1025,0,0,0,1.0741138560687433,1.0741138560687433,1100.966702470462,1.1320970775462962,1.2160011574074072,1.2160011574074072,1800,2050,2050,1.1388888888888888,1.1388888888888888,711.3499999999999,0,166.05,PP025-BK,0,,,ON,True
2026-07-27,,IM12,2,,550B RCL-LED Base SAE,,,M05332,900,40.90909090909091,7.5,30,2.631016666666667,5.3689833333333326,,No OP.,27.94,,339,339,339,0,0,0,1.073729420186113,1.073729420186113,363.9942734430923,0.12387703472222225,0.1330104166666667,0.1330104166666667,1800,678,678,0.37666666666666665,0.37666666666666665,235.266,0,54.918,PP025-BK,0,,,ON,True
2026-07-27,,IM12,2,,550B RCL-LED Base SAE,,,M05332,900,40.90909090909091,7.5,30,2.631016666666667,5.3689833333333326,,No OP.,27.94,,339,339,339,0,0,0,1.073729420186113,1.073729420186113,363.9942734430923,0.12387703472222225,0.1330104166666667,0.1330104166666667,1800,678,678,0.37666666666666665,0.37666666666666665,235.266,0,54.918,PP025-BK,0,,,ON,True
2026-07-27,,IM14,3,12:30AM,L42P(2) HL  Inner Lens B,1115397,,7698,450,0,6,48,4.178888888888889,3.8211111111111107,,,37.61,1a,400,395,395,5,5,0.0125,1.276256314809891,1.276256314809891,510.50252592395645,0.464320987654321,0.5851851851851853,0.5851851851851853,900,800,790,0.8888888888888888,0.8777777777777778,0,0,174.3412,PC030-NC,0,,,ON,True
2026-07-27,,IM14,3,12:30AM,L42P(2) HL  Inner Lens B,1115397,,7698,450,0,6,48,4.178888888888889,3.8211111111111107,,,37.61,1a,400,395,395,5,5,0.0125,1.276256314809891,1.276256314809891,510.50252592395645,0.464320987654321,0.5851851851851853,0.5851851851851853,900,800,790,0.8888888888888888,0.8777777777777778,0,0,174.3412,PC030-NC,0,,,ON,True
2026-07-27,,IM14,1,,L42P(2) HL  Inner Lens B,,,7698,600,0,8,48,7.57625,0.42375000000000007,,,37.62,,725,725,725,0,0,0,1.2759170653907497,1.2759170653907497,925.0398724082935,1.1443294270833333,1.4600694444444444,1.4600694444444444,1200,1450,1450,1.2083333333333333,1.2083333333333333,0,0,315.993425,PC030-NC,0,,,ON,True
2026-07-27,,IM14,1,,L42P(2) HL  Inner Lens B,,,7698,600,0,8,48,7.57625,0.42375000000000007,,,37.62,,725,725,725,0,0,0,1.2759170653907497,1.2759170653907497,925.0398724082935,1.1443294270833333,1.4600694444444444,1.4600694444444444,1200,1450,1450,1.2083333333333333,1.2083333333333333,0,0,315.993425,PC030-NC,0,,,ON,True
2026-07-27,,IM14,2,,L42P(2) HL  Inner Lens B,,,7698,600,0,8,48,4.776919444444445,3.223080555555555,,,37.63,,457,457,457,0,0,0,1.2755779962795641,1.2755779962795641,582.9391442997609,0.45480253877314825,0.5801361111111112,0.5801361111111112,1200,914,914,0.7616666666666667,0.7616666666666667,0,0,199.184821,PC030-NC,0,,,ON,True
2026-07-27,,IM14,2,,L42P(2) HL  Inner Lens B,,,7698,600,0,8,48,4.776919444444445,3.223080555555555,,,37.63,,457,457,457,0,0,0,1.2755779962795641,1.2755779962795641,582.9391442997609,0.45480253877314825,0.5801361111111112,0.5801361111111112,1200,914,914,0.7616666666666667,0.7616666666666667,0,0,199.184821,PC030-NC,0,,,ON,True
2026-07-27,,IM15,3,,SD,,,0,,0,0,0,0,0,,,,,,0,0,0,0,0,0,0,0,0,0,0,0,0,0,0,0,0,0,0,0,0,,,SD,False
2026-07-27,,IM15,1,,SD,,,0,,0,0,0,0,0,,,,,,0,0,0,0,0,0,0,0,0,0,0,0,0,0,0,0,0,0,0,0,0,,,SD,False
2026-07-27,,IM15,2,,SD,,,0,,0,0,0,0,0,,,,,,0,0,0,0,0,0,0,0,0,0,0,0,0,0,0,0,0,0,0,0,0,,,SD,False
2026-07-27,,IM16,3,,SD,,,0,,0,0,0,0,0,,,,,,0,0,0,0,0,0,0,0,0,0,0,0,0,0,0,0,0,0,0,0,0,,,SD,False
2026-07-27,,IM16,1,,SD,,,0,,0,0,0,0,0,,,,,,0,0,0,0,0,0,0,0,0,0,0,0,0,0,0,0,0,0,0,0,0,,,SD,False
2026-07-27,,IM16,2,,SD,,,0,,0,0,0,0,0,,,,,,0,0,0,0,0,0,0,0,0,0,0,0,0,0,0,0,0,0,0,0,0,,,SD,False
2026-07-27,,IM17,3,,SD,,,0,,0,0,0,0,0,,,,,,0,0,0,0,0,0,0,0,0,0,0,0,0,0,0,0,0,0,0,0,0,,,SD,False
2026-07-27,,IM17,1,,SD,,,0,,0,0,0,0,0,,,,,,0,0,0,0,0,0,0,0,0,0,0,0,0,0,0,0,0,0,0,0,0,,,SD,False
2026-07-27,,IM17,2,,SD,,,0,,0,0,0,0,0,,,,,,0,0,0,0,0,0,0,0,0,0,0,0,0,0,0,0,0,0,0,0,0,,,SD,False
2026-07-27,,IM18,3,,SD,,,0,,0,0,0,0,0,,,,,,0,0,0,0,0,0,0,0,0,0,0,0,0,0,0,0,0,0,0,0,0,,,SD,False
2026-07-27,,IM18,1,,SD,,,0,,0,0,0,0,0,,,,,,0,0,0,0,0,0,0,0,0,0,0,0,0,0,0,0,0,0,0,0,0,,,SD,False
2026-07-27,,IM18,2,,SD,,,0,,0,0,0,0,0,,,,,,0,0,0,0,0,0,0,0,0,0,0,0,0,0,0,0,0,0,0,0,0,,,SD,False
2026-07-27,,IM19,3,,SD,,,0,,0,0,0,0,0,,,,,,0,0,0,0,0,0,0,0,0,0,0,0,0,0,0,0,0,0,0,0,0,,,SD,False
2026-07-27,,IM19,1,,SD,,,0,,0,0,0,0,0,,,,,,0,0,0,0,0,0,0,0,0,0,0,0,0,0,0,0,0,0,0,0,0,,,SD,False
2026-07-27,,IM19,2,,SD,,,0,,0,0,0,0,0,,,,,,0,0,0,0,0,0,0,0,0,0,0,0,0,0,0,0,0,0,0,0,0,,,SD,False
2026-07-27,,IM2,3,1:00AM,550B CHL HG Cover A,1115251,,M05309,600,85.71428571428571,5,30,3.400380555555555,4.5996194444444445,,,29.93,1a,409,399,399,10,10,0.02444987775061125,1.002338790511193,1.002338790511193,409.9565653190779,0.28974075983796294,0.28331770833333336,0.28331770833333336,1200,818,798,0.6816666666666666,0.6649999999999999,696.654,17.46,119.428,PC012-BK,0,,,ON,True
2026-07-27,,IM2,3,1:00AM,550B CHL HG Cover A,1115251,,M05309,600,85.71428571428571,5,30,3.400380555555555,4.5996194444444445,,,29.93,1a,409,399,399,10,10,0.02444987775061125,1.002338790511193,1.002338790511193,409.9565653190779,0.28974075983796294,0.28331770833333336,0.28331770833333336,1200,818,798,0.6816666666666666,0.6649999999999999,696.654,17.46,119.428,PC012-BK,0,,,ON,True
2026-07-27,,IM2,1,,550B CHL HG Cover A,,,M05309,800,114.28571428571429,6.666666666666667,30,7.209675,0.7903250000000002,,Spring broke and gate cut issues.,29.13,,891,891,891,0,0,0,1.0298661174047374,1.0298661174047374,917.6107106076211,1.00372194140625,1.03369921875,1.03369921875,1600,1782,1782,1.11375,1.11375,1555.686,0,260.17199999999997,PC012-BK,0,,,ON,True
2026-07-27,,IM2,1,,550B CHL HG Cover A,,,M05309,800,114.28571428571429,6.666666666666667,30,7.209675,0.7903250000000002,,Spring broke and gate cut issues.,29.13,,891,891,891,0,0,0,1.0298661174047374,1.0298661174047374,917.6107106076211,1.00372194140625,1.03369921875,1.03369921875,1600,1782,1782,1.11375,1.11375,1555.686,0,260.17199999999997,PC012-BK,0,,,ON,True
2026-07-27,,IM2,2,,550B CHL HG Cover A,,,M05309,800,114.28571428571429,6.666666666666667,30,8.536708333333333,-0.5367083333333333,,,29.13,,1055,1055,1055,0,0,0,1.0298661174047374,1.0298661174047374,1086.508753861998,1.4072230143229165,1.4492513020833333,1.4492513020833333,1600,2110,2110,1.31875,1.31875,1842.03,0,308.06,PC012-BK,0,,,ON,True
2026-07-27,,IM2,2,,550B CHL HG Cover A,,,M05309,800,114.28571428571429,6.666666666666667,30,8.536708333333333,-0.5367083333333333,,,29.13,,1055,1055,1055,0,0,0,1.0298661174047374,1.0298661174047374,1086.508753861998,1.4072230143229165,1.4492513020833333,1.4492513020833333,1600,2110,2110,1.31875,1.31875,1842.03,0,308.06,PC012-BK,0,,,ON,True
2026-07-27,,IM3,3,11:10PM,T90A RCL INNER LENS B,1113168,,MO5778,800,66.66666666666667,7.333333333333333,33,5.022272222222223,2.977727777777777,,,25.94,12a,697,692,692,5,5,0.007173601147776184,1.272166538164996,1.272166538164996,886.7000771010022,0.546956834201389,0.6908286458333333,0.6908286458333333,1600,1394,1384,0.87125,0.865,597.888,4.32,160.31,PC011-NC,0,,,ON,True
2026-07-27,,IM3,3,11:10PM,T90A RCL INNER LENS B,1113168,,MO5778,800,66.66666666666667,7.333333333333333,33,5.022272222222223,2.977727777777777,,,25.94,12a,697,692,692,5,5,0.007173601147776184,1.272166538164996,1.272166538164996,886.7000771010022,0.546956834201389,0.6908286458333333,0.6908286458333333,1600,1394,1384,0.87125,0.865,597.888,4.32,160.31,PC011-NC,0,,,ON,True
2026-07-27,,IM3,1,,T90A RCL INNER LENS B,,,MO5778,800,66.66666666666667,7.333333333333333,33,8.704311111111112,-0.704311111111112,,,25.94,,1208,1208,1208,0,0,0,1.272166538164996,1.272166538164996,1536.7771781033152,1.6429387222222223,2.0900916666666665,2.0900916666666665,1600,2416,2416,1.51,1.51,1043.712,0,277.84000000000003,PC011-NC,0,,,ON,True
2026-07-27,,IM3,1,,T90A RCL INNER LENS B,,,MO5778,800,66.66666666666667,7.333333333333333,33,8.704311111111112,-0.704311111111112,,,25.94,,1208,1208,1208,0,0,0,1.272166538164996,1.272166538164996,1536.7771781033152,1.6429387222222223,2.0900916666666665,2.0900916666666665,1600,2416,2416,1.51,1.51,1043.712,0,277.84000000000003,PC011-NC,0,,,ON,True
2026-07-27,,IM3,2,3:30PM,L42P(2) HL Reflector A (REV ---),1115345,,4385,650,0,6.861111111111111,38,5.11388888888889,2.88611111111111,,Spring broke on slide.,35,330p,526,518,518,8,8,0.015209125475285171,1.0857142857142856,1.0857142857142856,571.0857142857143,0.51728952991453,0.5530867521367523,0.5530867521367523,1300,1052,1036,0.8092307692307692,0.7969230769230768,0,0,390.9758,PC003-BK,0,,,ON,True
2026-07-27,,IM3,2,3:30PM,L42P(2) HL Reflector A (REV ---),1115345,,4385,650,0,6.861111111111111,38,5.11388888888889,2.88611111111111,,Spring broke on slide.,35,330p,526,518,518,8,8,0.015209125475285171,1.0857142857142856,1.0857142857142856,571.0857142857143,0.51728952991453,0.5530867521367523,0.5530867521367523,1300,1052,1036,0.8092307692307692,0.7969230769230768,0,0,390.9758,PC003-BK,0,,,ON,True
2026-07-27,,IM4,3,11:20PM,L42P(2) HL Base A (Carrier Plate),1115328,,70637,650,0,7.276388888888888,40.3,0,8,,Maintenance working on barrel.,,,,0,0,0,0,0,0,0,0,0,0,0,1300,0,0,0,0,0,0,0,PC001-GY,0,,,ON,True
2026-07-27,,IM4,3,11:20PM,L42P(2) HL Base A (Carrier Plate),1115328,,70637,650,0,7.276388888888888,40.3,0,8,,Maintenance working on barrel.,,,,0,0,0,0,0,0,0,0,0,0,0,1300,0,0,0,0,0,0,0,PC001-GY,0,,,ON,True
2026-07-27,,IM4,1,,L42P(2) HL Base A (Carrier Plate),,,70637,700,0,7.83611111111111,40.3,0,8,,Maintenance working on barrel.,,,,0,0,0,0,0,0,0,0,0,0,0,1400,0,0,0,0,0,0,0,PC001-GY,0,,,ON,True
2026-07-27,,IM4,1,,L42P(2) HL Base A (Carrier Plate),,,70637,700,0,7.83611111111111,40.3,0,8,,Maintenance working on barrel.,,,,0,0,0,0,0,0,0,0,0,0,0,1400,0,0,0,0,0,0,0,PC001-GY,0,,,ON,True
2026-07-27,,IM4,2,,L42P(2) HL Base A (Carrier Plate),,,70637,700,0,7.83611111111111,40.3,0,8,,Maintenance working on barrel.,,,,0,0,0,0,0,0,0,0,0,0,0,1400,0,0,0,0,0,0,0,PC001-GY,0,,,ON,True
2026-07-27,,IM4,2,,L42P(2) HL Base A (Carrier Plate),,,70637,700,0,7.83611111111111,40.3,0,8,,Maintenance working on barrel.,,,,0,0,0,0,0,0,0,0,0,0,0,1400,0,0,0,0,0,0,0,PC001-GY,0,,,ON,True
2026-07-27,,IM5,3,11:30PM,NQ5A Bumper Brkt I/B #2,1110417,,1023,650,0,7.850555555555554,43.48,5.3836666666666675,2.6163333333333325,,,37.2,1130p,521,516,516,5,5,0.009596928982725527,1.1688172043010752,1.1688172043010752,608.9537634408601,0.5394019871794873,0.6244118205128205,0.6244118205128205,1300,1042,1032,0.8015384615384615,0.7938461538461538,0,0,80.96340000000001,PAM02-BK,0,,,ON,True
2026-07-27,,IM5,3,11:30PM,NQ5A Bumper Brkt I/B #2,1110417,,1023,650,0,7.850555555555554,43.48,5.3836666666666675,2.6163333333333325,,,37.2,1130p,521,516,516,5,5,0.009596928982725527,1.1688172043010752,1.1688172043010752,608.9537634408601,0.5394019871794873,0.6244118205128205,0.6244118205128205,1300,1042,1032,0.8015384615384615,0.7938461538461538,0,0,80.96340000000001,PAM02-BK,0,,,ON,True
2026-07-27,,IM5,1,,NQ5A Bumper Brkt I/B #2,,,1023,650,0,7.850555555555554,43.48,7.791333333333333,0.20866666666666678,,,37.2,,754,754,754,0,0,0,1.1688172043010752,1.1688172043010752,881.2881720430107,1.1297433333333333,1.3204634444444443,1.3204634444444443,1300,1508,1508,1.16,1.16,0,0,117.17160000000001,PAM02-BK,0,,,ON,True
2026-07-27,,IM5,1,,NQ5A Bumper Brkt I/B #2,,,1023,650,0,7.850555555555554,43.48,7.791333333333333,0.20866666666666678,,,37.2,,754,754,754,0,0,0,1.1688172043010752,1.1688172043010752,881.2881720430107,1.1297433333333333,1.3204634444444443,1.3204634444444443,1300,1508,1508,1.16,1.16,0,0,117.17160000000001,PAM02-BK,0,,,ON,True
2026-07-27,,IM5,2,,NQ5A Bumper Brkt I/B #2,,,1023,650,0,7.850555555555554,43.48,7.200972222222221,0.7990277777777788,,,37.3,,695,695,695,0,0,0,1.1656836461126006,1.1656836461126006,810.1501340482574,0.9624376335470085,1.1218978098290597,1.1218978098290597,1300,1390,1390,1.0692307692307692,1.0692307692307692,0,0,108.003,PAM02-BK,0,,,ON,True
2026-07-27,,IM5,2,,NQ5A Bumper Brkt I/B #2,,,1023,650,0,7.850555555555554,43.48,7.200972222222221,0.7990277777777788,,,37.3,,695,695,695,0,0,0,1.1656836461126006,1.1656836461126006,810.1501340482574,0.9624376335470085,1.1218978098290597,1.1218978098290597,1300,1390,1390,1.0692307692307692,1.0692307692307692,0,0,108.003,PAM02-BK,0,,,ON,True
2026-07-27,,IM6,3,11:40PM,550B BUL-LED Shade,1114033,,M05419,900,138.46153846153845,7,28,5.215952777777778,2.784047222222222,,,25.07,1145p,749,743,743,6,6,0.00801068090787717,1.1168727562824092,1.1168727562824092,836.5376944555245,0.5426039764660494,0.6011649691358025,0.6011649691358025,1800,1498,1486,0.8322222222222222,0.8255555555555556,744.486,6.0120000000000005,181.473712,PC018-BK,0,,,ON,True
2026-07-27,,IM6,3,11:40PM,550B BUL-LED Shade,1114033,,M05419,900,138.46153846153845,7,28,5.215952777777778,2.784047222222222,,,25.07,1145p,749,743,743,6,6,0.00801068090787717,1.1168727562824092,1.1168727562824092,836.5376944555245,0.5426039764660494,0.6011649691358025,0.6011649691358025,1800,1498,1486,0.8322222222222222,0.8255555555555556,744.486,6.0120000000000005,181.473712,PC018-BK,0,,,ON,True
2026-07-27,,IM6,1,,550B BUL-LED Shade,,,M05419,1000,153.84615384615384,7.777777777777778,28,7.707,0.29300000000000015,,,25.2,,1101,1101,1101,0,0,0,1.1111111111111112,1.1111111111111112,1223.3333333333335,1.0606758749999998,1.17852875,1.17852875,2000,2202,2202,1.101,1.101,1103.202,0,266.759088,PC018-BK,0,,,ON,True
2026-07-27,,IM6,1,,550B BUL-LED Shade,,,M05419,1000,153.84615384615384,7.777777777777778,28,7.707,0.29300000000000015,,,25.2,,1101,1101,1101,0,0,0,1.1111111111111112,1.1111111111111112,1223.3333333333335,1.0606758749999998,1.17852875,1.17852875,2000,2202,2202,1.101,1.101,1103.202,0,266.759088,PC018-BK,0,,,ON,True
2026-07-27,,IM6,2,,550B BUL-LED Shade,,,M05419,1000,153.84615384615384,7.777777777777778,28,8.872569444444446,-0.8725694444444461,,,25.25,,1265,1265,1265,0,0,0,1.108910891089109,1.108910891089109,1402.772277227723,1.4029750434027781,1.5557743055555562,1.5557743055555562,2000,2530,2530,1.265,1.265,1267.53,0,306.49432,PC018-BK,0,,,ON,True
2026-07-27,,IM6,2,,550B BUL-LED Shade,,,M05419,1000,153.84615384615384,7.777777777777778,28,8.872569444444446,-0.8725694444444461,,,25.25,,1265,1265,1265,0,0,0,1.108910891089109,1.108910891089109,1402.772277227723,1.4029750434027781,1.5557743055555562,1.5557743055555562,2000,2530,2530,1.265,1.265,1267.53,0,306.49432,PC018-BK,0,,,ON,True
2026-07-27,,IM7,3,,SD,,,0,,0,0,0,0,0,,,,,,0,0,0,0,0,0,0,0,0,0,0,0,0,0,0,0,0,0,0,0,0,,,SD,False
2026-07-27,,IM7,1,,SD,,,0,,0,0,0,0,0,,,,,,0,0,0,0,0,0,0,0,0,0,0,0,0,0,0,0,0,0,0,0,0,,,SD,False
2026-07-27,,IM7,2,,SD,,,0,,0,0,0,0,0,,,,,,0,0,0,0,0,0,0,0,0,0,0,0,0,0,0,0,0,0,0,0,0,,,SD,False
2026-07-27,,IM8,3,11:50PM,31CC Reflector Turn,1113491,,TNL 620,600,60,6.666666666666667,40,5.836666666666667,2.163333333333333,,,34,1115p,618,613,613,5,5,0.008090614886731391,1.1764705882352942,1.1764705882352942,727.0588235294118,0.7514708333333333,0.8769305555555555,0.8769305555555555,1200,1236,1226,1.03,1.0216666666666667,996.7379999999999,8.129999999999999,181.69199999999998,PBT05-BK,0,,,ON,True
2026-07-27,,IM8,3,11:50PM,31CC Reflector Turn,1113491,,TNL 620,600,60,6.666666666666667,40,5.836666666666667,2.163333333333333,,,34,1115p,618,613,613,5,5,0.008090614886731391,1.1764705882352942,1.1764705882352942,727.0588235294118,0.7514708333333333,0.8769305555555555,0.8769305555555555,1200,1236,1226,1.03,1.0216666666666667,996.7379999999999,8.129999999999999,181.69199999999998,PBT05-BK,0,,,ON,True
2026-07-27,,IM8,1,8:00AM,P33A FCL Base C,1115465,,5549,500,0,6.527777777777778,47,4.0495,3.9505,,Working on discolor on parts.,34.71,830a,420,800,800,40,40,0.047619047619047616,1.3540766349755113,1.3540766349755113,568.7121866897147,0.4251975,0.5483333333333333,0.5483333333333333,2000,1680,1600,0.84,0.7999999999999999,0,0,287.406,PC017-WT,0,,,ON,True
2026-07-27,,IM8,1,8:00AM,P33A FCL Base C,1115465,,5549,500,0,6.527777777777778,47,4.0495,3.9505,,Working on discolor on parts.,34.71,830a,420,800,800,40,40,0.047619047619047616,1.3540766349755113,1.3540766349755113,568.7121866897147,0.4251975,0.5483333333333333,0.5483333333333333,2000,1680,1600,0.84,0.7999999999999999,0,0,287.406,PC017-WT,0,,,ON,True
2026-07-27,,IM8,2,,P33A FCL Base C,,,5549,600,0,7.833333333333333,47,6.650833333333334,1.3491666666666662,,,34.7,,690,1374,1374,6,6,0.004347826086956522,1.3544668587896251,1.3544668587896251,934.5821325648413,0.9560572916666669,1.2893177083333334,1.2893177083333334,2400,2760,2748,1.15,1.145,0,0,472.16700000000003,PC017-WT,0,,,ON,True
2026-07-27,,IM8,2,,P33A FCL Base C,,,5549,600,0,7.833333333333333,47,6.650833333333334,1.3491666666666662,,,34.7,,690,1374,1374,6,6,0.004347826086956522,1.3544668587896251,1.3544668587896251,934.5821325648413,0.9560572916666669,1.2893177083333334,1.2893177083333334,2400,2760,2748,1.15,1.145,0,0,472.16700000000003,PC017-WT,0,,,ON,True
2026-07-27,,IM9,3,,SD,,,0,,0,0,0,0,0,,,,,,0,0,0,0,0,0,0,0,0,0,0,0,0,0,0,0,0,0,0,0,0,,,SD,False
2026-07-27,,IM9,1,,SD,,,0,,0,0,0,0,0,,,,,,0,0,0,0,0,0,0,0,0,0,0,0,0,0,0,0,0,0,0,0,0,,,SD,False
2026-07-27,,IM9,2,,SD,,,0,,0,0,0,0,0,,,,,,0,0,0,0,0,0,0,0,0,0,0,0,0,0,0,0,0,0,0,0,0,,,SD,False
2026-07-28,,IM1,3,12:00AM,NQ5A Flange Brkt,1110416,,1021,600,0,6.829999999999999,40.98,5.048611111111112,2.9513888888888884,,,36.35,12a,500,496,496,4,4,0.008,1.1273727647867948,1.1273727647867948,563.6863823933974,0.5258969907407408,0.5881388888888889,0.5881388888888889,1200,1000,992,0.8333333333333334,0.8266666666666667,0,0,68.78425,PP022-BK,0,,,ON,True
2026-07-28,,IM1,3,12:00AM,NQ5A Flange Brkt,1110416,,1021,600,0,6.829999999999999,40.98,5.048611111111112,2.9513888888888884,,,36.35,12a,500,496,496,4,4,0.008,1.1273727647867948,1.1273727647867948,563.6863823933974,0.5258969907407408,0.5881388888888889,0.5881388888888889,1200,1000,992,0.8333333333333334,0.8266666666666667,0,0,68.78425,PP022-BK,0,,,ON,True
2026-07-28,,IM1,1,,NQ5A Flange Brkt,,,1021,700,0,7.968333333333332,40.98,8.051388888888889,-0.05138888888888893,,,34.1,,850,850,850,0,0,0,1.2017595307917888,1.2017595307917888,1021.4956011730204,1.2220858134920636,1.4686532738095237,1.4686532738095237,1400,1700,1700,1.2142857142857142,1.2142857142857142,0,0,116.93322500000001,PP022-BK,0,,,ON,True
2026-07-28,,IM1,1,,NQ5A Flange Brkt,,,1021,700,0,7.968333333333332,40.98,8.051388888888889,-0.05138888888888893,,,34.1,,850,850,850,0,0,0,1.2017595307917888,1.2017595307917888,1021.4956011730204,1.2220858134920636,1.4686532738095237,1.4686532738095237,1400,1700,1700,1.2142857142857142,1.2142857142857142,0,0,116.93322500000001,PP022-BK,0,,,ON,True
2026-07-28,,IM1,2,,NQ5A Flange Brkt,,,1021,700,0,7.968333333333332,40.98,8.338000000000001,-0.33800000000000097,,,34.11,,880,880,880,0,0,0,1.2014072119613015,1.2014072119613015,1057.2383465259454,1.310257142857143,1.574152380952381,1.574152380952381,1400,1760,1760,1.2571428571428571,1.2571428571428571,0,0,121.06028,PP022-BK,0,,,ON,True
2026-07-28,,IM1,2,,NQ5A Flange Brkt,,,1021,700,0,7.968333333333332,40.98,8.338000000000001,-0.33800000000000097,,,34.11,,880,880,880,0,0,0,1.2014072119613015,1.2014072119613015,1057.2383465259454,1.310257142857143,1.574152380952381,1.574152380952381,1400,1760,1760,1.2571428571428571,1.2571428571428571,0,0,121.06028,PP022-BK,0,,,ON,True
2026-07-28,,IM10,3,ONGOING,T90A BUL HSG,1107545,,MO5785,700,100,7.388888888888889,38,2.004166666666667,5.995833333333334,,Paused no pack,37,230a,195,190,190,5,5,0.02564102564102564,1.027027027027027,1.027027027027027,200.27027027027026,0.06978794642857143,0.06983630952380952,0.06983630952380952,1400,390,380,0.2785714285714286,0.2714285714285714,397.48,10.46,147.42,ASA01-BK,0,,,ON,True
2026-07-28,,IM10,3,ONGOING,T90A BUL HSG,1107545,,MO5785,700,100,7.388888888888889,38,2.004166666666667,5.995833333333334,,Paused no pack,37,230a,195,190,190,5,5,0.02564102564102564,1.027027027027027,1.027027027027027,200.27027027027026,0.06978794642857143,0.06983630952380952,0.06983630952380952,1400,390,380,0.2785714285714286,0.2714285714285714,397.48,10.46,147.42,ASA01-BK,0,,,ON,True
2026-07-28,,IM10,1,7:30AM,31CC DRL Inner Lens,1120639,,TNL 621,200,28.571428571428573,2.2777777777777777,41,3.098333333333333,3.6375000000000006,,Pause for wip.,39,730a,286,281,281,5,5,0.017482517482517484,1.0512820512820513,1.0512820512820513,300.6666666666667,1.1151640624999999,1.1518562994497488,1.1518562994497488,400,572,562,1.43,1.4049999999999998,586.7280000000001,10.440000000000001,160.404816,PC020-NC,0,,,ON,True
2026-07-28,,IM10,1,7:30AM,31CC DRL Inner Lens,1120639,,TNL 621,200,28.571428571428573,2.2777777777777777,41,3.098333333333333,3.6375000000000006,,Pause for wip.,39,730a,286,281,281,5,5,0.017482517482517484,1.0512820512820513,1.0512820512820513,300.6666666666667,1.1151640624999999,1.1518562994497488,1.1518562994497488,400,572,562,1.43,1.4049999999999998,586.7280000000001,10.440000000000001,160.404816,PC020-NC,0,,,ON,True
2026-07-28,,IM10,1,,T90A BUL HSG,,,MO5785,,0,0,38,1.2641666666666667,3.659166666666667,,Was paused for no pack.,37,ongoing,123,123,123,0,0,0,1.027027027027027,1.027027027027027,126.32432432432432,0.7361329861111111,0.7560284722222221,0.7560284722222221,0,246,246,123,123,257.31600000000003,0,92.988,ASA01-BK,0,,,ON,True
2026-07-28,,IM10,1,,T90A BUL HSG,,,MO5785,,0,0,38,1.2641666666666667,3.659166666666667,,Was paused for no pack.,37,ongoing,123,123,123,0,0,0,1.027027027027027,1.027027027027027,126.32432432432432,0.7361329861111111,0.7560284722222221,0.7560284722222221,0,246,246,123,123,257.31600000000003,0,92.988,ASA01-BK,0,,,ON,True
2026-07-28,,IM10,2,,31CC DRL Inner Lens,,,TNL 621,300,42.857142857142854,3.4166666666666665,41,3.0766666666666667,4.923333333333334,,Pause for wip.,39,6p,284,282,282,2,2,0.007042253521126761,1.0512820512820513,1.0512820512820513,298.5641025641026,0.3640722222222222,0.3800472222222222,0.3800472222222222,600,568,564,0.9466666666666667,0.94,588.816,4.176,159.283104,PC020-NC,0,,,ON,True
2026-07-28,,IM10,2,,31CC DRL Inner Lens,,,TNL 621,300,42.857142857142854,3.4166666666666665,41,3.0766666666666667,4.923333333333334,,Pause for wip.,39,6p,284,282,282,2,2,0.007042253521126761,1.0512820512820513,1.0512820512820513,298.5641025641026,0.3640722222222222,0.3800472222222222,0.3800472222222222,600,568,564,0.9466666666666667,0.94,588.816,4.176,159.283104,PC020-NC,0,,,ON,True
2026-07-28,,IM11,3,ONGOING,NQ5A Bumper Brkt I/B #1,1083862,,1022,600,0,7.29,43.74,3.9799999999999995,4.0200000000000005,,Paused no pack,36,1145p,398,398,398,0,0,0,1.215,1.215,483.57000000000005,0.3300083333333333,0.400960125,0.400960125,1200,796,796,0.6633333333333333,0.6633333333333333,0,0,77.2916,PAM02-BK,0,,,ON,True
2026-07-28,,IM11,3,ONGOING,NQ5A Bumper Brkt I/B #1,1083862,,1022,600,0,7.29,43.74,3.9799999999999995,4.0200000000000005,,Paused no pack,36,1145p,398,398,398,0,0,0,1.215,1.215,483.57000000000005,0.3300083333333333,0.400960125,0.400960125,1200,796,796,0.6633333333333333,0.6633333333333333,0,0,77.2916,PAM02-BK,0,,,ON,True
2026-07-28,,IM11,1,8:00AM,L42P RCL Rim/ Cuff,1119356,,MO4375,800,76.19047619047619,6.222222222222222,28,3.5,1.9299999999999997,,,28,945a,450,450,450,0,0,0,1,1,450,0.6705453124999999,0.6705453124999999,0.6705453124999999,1600,900,900,0.5625,0.5625,377.09999999999997,0,89.10000000000001,PP025-BK,0,,,ON,True
2026-07-28,,IM11,1,8:00AM,L42P RCL Rim/ Cuff,1119356,,MO4375,800,76.19047619047619,6.222222222222222,28,3.5,1.9299999999999997,,,28,945a,450,450,450,0,0,0,1,1,450,0.6705453124999999,0.6705453124999999,0.6705453124999999,1600,900,900,0.5625,0.5625,377.09999999999997,0,89.10000000000001,PP025-BK,0,,,ON,True
2026-07-28,,IM11,1,,NQ5A Bumper Brkt I/B #1,,,1022,,0,0,43.74,2.57,1.4166666666666665,,,36,ongoing,257,257,257,0,0,0,1.215,1.215,312.255,0.6361145833333334,0.7728792187500001,0.7728792187500001,0,514,514,257,257,0,0,49.909400000000005,PAM02-BK,0,,,ON,True
2026-07-28,,IM11,1,,NQ5A Bumper Brkt I/B #1,,,1022,,0,0,43.74,2.57,1.4166666666666665,,,36,ongoing,257,257,257,0,0,0,1.215,1.215,312.255,0.6361145833333334,0.7728792187500001,0.7728792187500001,0,514,514,257,257,0,0,49.909400000000005,PAM02-BK,0,,,ON,True
2026-07-28,,IM11,2,,L42P RCL Rim/ Cuff,,,MO4375,1000,95.23809523809524,7.777777777777778,28,4.013333333333334,3.9866666666666664,,No OP.,28,ongoing,516,516,516,0,0,0,1,1,516,0.25886000000000003,0.25886000000000003,0.25886000000000003,2000,1032,1032,0.516,0.516,432.40799999999996,0,102.168,PP025-BK,0,,,ON,True
2026-07-28,,IM11,2,,L42P RCL Rim/ Cuff,,,MO4375,1000,95.23809523809524,7.777777777777778,28,4.013333333333334,3.9866666666666664,,No OP.,28,ongoing,516,516,516,0,0,0,1,1,516,0.25886000000000003,0.25886000000000003,0.25886000000000003,2000,1032,1032,0.516,0.516,432.40799999999996,0,102.168,PP025-BK,0,,,ON,True
2026-07-28,,IM12,3,,550B RCL-LED Base SAE,,,M05332,,0,0,30,4.74203888888889,3.2579611111111104,,Was paused for no OP.,27.94,12a,611,606,606,5,5,0.008183306055646482,1.073729420186113,1.073729420186113,656.048675733715,0,0,0,0,1222,1212,611,606,420.56399999999996,3.4699999999999998,98.982,PP025-BK,0,,,ON,True
2026-07-28,,IM12,3,,550B RCL-LED Base SAE,,,M05332,,0,0,30,4.74203888888889,3.2579611111111104,,Was paused for no OP.,27.94,12a,611,606,606,5,5,0.008183306055646482,1.073729420186113,1.073729420186113,656.048675733715,0,0,0,0,1222,1212,611,606,420.56399999999996,3.4699999999999998,98.982,PP025-BK,0,,,ON,True
2026-07-28,,IM12,1,,550B RCL-LED Base SAE,,,M05332,,0,0,30,1.2399999999999998,6.76,,,27.9,ongoing,160,160,160,0,0,0,1.0752688172043012,1.0752688172043012,172.0430107526882,0,0,0,0,320,320,160,160,111.03999999999999,0,25.92,PP025-BK,0,,,ON,True
2026-07-28,,IM12,1,,550B RCL-LED Base SAE,,,M05332,,0,0,30,1.2399999999999998,6.76,,,27.9,ongoing,160,160,160,0,0,0,1.0752688172043012,1.0752688172043012,172.0430107526882,0,0,0,0,320,320,160,160,111.03999999999999,0,25.92,PP025-BK,0,,,ON,True
2026-07-28,,IM12,2,,SD,,,0,,0,0,0,0,0,,,,,,0,0,0,0,0,0,0,0,0,0,0,0,0,0,0,0,0,0,0,0,0,,,SD,False
2026-07-28,,IM14,3,1:00AM,T90A RCL REFLECTOR C,1120036,,MO5776,600,57.142857142857146,5.5,33,4.791666666666667,3.208333333333333,,,34.5,1145p,500,495,495,5,5,0.01,0.9565217391304348,0.9565217391304348,478.26086956521743,0.4991319444444445,0.47265625,0.47265625,1200,1000,990,0.8333333333333334,0.8250000000000001,550.44,5.5600000000000005,171,PC014-WT,0,,,ON,True
2026-07-28,,IM14,3,1:00AM,T90A RCL REFLECTOR C,1120036,,MO5776,600,57.142857142857146,5.5,33,4.791666666666667,3.208333333333333,,,34.5,1145p,500,495,495,5,5,0.01,0.9565217391304348,0.9565217391304348,478.26086956521743,0.4991319444444445,0.47265625,0.47265625,1200,1000,990,0.8333333333333334,0.8250000000000001,550.44,5.5600000000000005,171,PC014-WT,0,,,ON,True
2026-07-28,,IM14,1,,T90A RCL REFLECTOR C,,,MO5776,800,76.19047619047619,7.333333333333333,33,7.932500000000001,0.067499999999999,,,31.73,ongoing,900,900,900,0,0,0,1.0400252127324299,1.0400252127324299,936.0226914591868,1.1155078125000002,1.1601562500000002,1.1601562500000002,1600,1800,1800,1.125,1.125,1000.8000000000001,0,307.8,PC014-WT,0,,,ON,True
2026-07-28,,IM14,1,,T90A RCL REFLECTOR C,,,MO5776,800,76.19047619047619,7.333333333333333,33,7.932500000000001,0.067499999999999,,,31.73,ongoing,900,900,900,0,0,0,1.0400252127324299,1.0400252127324299,936.0226914591868,1.1155078125000002,1.1601562500000002,1.1601562500000002,1600,1800,1800,1.125,1.125,1000.8000000000001,0,307.8,PC014-WT,0,,,ON,True
2026-07-28,,IM14,2,,T90A RCL REFLECTOR C,,,MO5776,800,76.19047619047619,7.333333333333333,33,6.548719444444445,1.451280555555555,,,31.73,,743,743,743,0,0,0,1.0400252127324299,1.0400252127324299,772.7387330601954,0.7602653980034723,0.7906951822916667,0.7906951822916667,1600,1486,1486,0.92875,0.92875,826.2160000000001,0,254.10600000000002,PC014-WT,0,,,ON,True
2026-07-28,,IM14,2,,T90A RCL REFLECTOR C,,,MO5776,800,76.19047619047619,7.333333333333333,33,6.548719444444445,1.451280555555555,,,31.73,,743,743,743,0,0,0,1.0400252127324299,1.0400252127324299,772.7387330601954,0.7602653980034723,0.7906951822916667,0.7906951822916667,1600,1486,1486,0.92875,0.92875,826.2160000000001,0,254.10600000000002,PC014-WT,0,,,ON,True
2026-07-28,,IM15,3,11:50PM,U625 REFLEX REFLECTOR,1095757,,MO8085,700,0,6.416666666666667,33,4.411111111111111,3.5888888888888886,,,31.76,12a,500,495,495,5,5,0.01,1.0390428211586902,1.0390428211586902,519.5214105793451,0.3938492063492064,0.4051339285714286,0.4051339285714286,1400,1000,990,0.7142857142857143,0.7071428571428572,382.14,3.8600000000000003,77.05,PMMA01-AM,0,,,ON,True
2026-07-28,,IM15,3,11:50PM,U625 REFLEX REFLECTOR,1095757,,MO8085,700,0,6.416666666666667,33,4.411111111111111,3.5888888888888886,,,31.76,12a,500,495,495,5,5,0.01,1.0390428211586902,1.0390428211586902,519.5214105793451,0.3938492063492064,0.4051339285714286,0.4051339285714286,1400,1000,990,0.7142857142857143,0.7071428571428572,382.14,3.8600000000000003,77.05,PMMA01-AM,0,,,ON,True
2026-07-28,,IM15,1,,U625 REFLEX REFLECTOR,,,MO8085,800,0,7.333333333333333,33,8.381111111111112,-0.38111111111111207,,,31.76,,950,950,950,0,0,0,1.0390428211586902,1.0390428211586902,987.0906801007557,1.2440711805555558,1.292643229166667,1.292643229166667,1600,1900,1900,1.1875,1.1875,733.4,0,146.39499999999998,PMMA01-AM,0,,,ON,True
2026-07-28,,IM15,1,,U625 REFLEX REFLECTOR,,,MO8085,800,0,7.333333333333333,33,8.381111111111112,-0.38111111111111207,,,31.76,,950,950,950,0,0,0,1.0390428211586902,1.0390428211586902,987.0906801007557,1.2440711805555558,1.292643229166667,1.292643229166667,1600,1900,1900,1.1875,1.1875,733.4,0,146.39499999999998,PMMA01-AM,0,,,ON,True
2026-07-28,,IM15,2,,U625 REFLEX REFLECTOR,,,MO8085,800,0,7.333333333333333,33,8.474666666666668,-0.4746666666666677,,,31.78,,960,960,960,0,0,0,1.038388923851479,1.038388923851479,996.8533668974198,1.2712,1.32,1.32,1600,1920,1920,1.2,1.2,741.12,0,147.93599999999998,PMMA01-AM,0,,,ON,True
2026-07-28,,IM15,2,,U625 REFLEX REFLECTOR,,,MO8085,800,0,7.333333333333333,33,8.474666666666668,-0.4746666666666677,,,31.78,,960,960,960,0,0,0,1.038388923851479,1.038388923851479,996.8533668974198,1.2712,1.32,1.32,1600,1920,1920,1.2,1.2,741.12,0,147.93599999999998,PMMA01-AM,0,,,ON,True
2026-07-28,,IM16,3,,SD,,,0,,0,0,0,0,0,,,,,,0,0,0,0,0,0,0,0,0,0,0,0,0,0,0,0,0,0,0,0,0,,,SD,False
2026-07-28,,IM16,1,,SD,,,0,,0,0,0,0,0,,,,,,0,0,0,0,0,0,0,0,0,0,0,0,0,0,0,0,0,0,0,0,0,,,SD,False
2026-07-28,,IM16,2,,SD,,,0,,0,0,0,0,0,,,,,,0,0,0,0,0,0,0,0,0,0,0,0,0,0,0,0,0,0,0,0,0,,,SD,False
2026-07-28,,IM17,3,,SD,,,0,,0,0,0,0,0,,,,,,0,0,0,0,0,0,0,0,0,0,0,0,0,0,0,0,0,0,0,0,0,,,SD,False
2026-07-28,,IM17,1,,SD,,,0,,0,0,0,0,0,,,,,,0,0,0,0,0,0,0,0,0,0,0,0,0,0,0,0,0,0,0,0,0,,,SD,False
2026-07-28,,IM17,2,,SD,,,0,,0,0,0,0,0,,,,,,0,0,0,0,0,0,0,0,0,0,0,0,0,0,0,0,0,0,0,0,0,,,SD,False
2026-07-28,,IM18,3,,SD,,,0,,0,0,0,0,0,,,,,,0,0,0,0,0,0,0,0,0,0,0,0,0,0,0,0,0,0,0,0,0,,,SD,False
2026-07-28,,IM18,1,,SD,,,0,,0,0,0,0,0,,,,,,0,0,0,0,0,0,0,0,0,0,0,0,0,0,0,0,0,0,0,0,0,,,SD,False
2026-07-28,,IM18,2,,SD,,,0,,0,0,0,0,0,,,,,,0,0,0,0,0,0,0,0,0,0,0,0,0,0,0,0,0,0,0,0,0,,,SD,False
2026-07-28,,IM19,3,11:00PM,T1XL FASCIA BRACKET 1,1120640,,TNL 737,650,0,7.763888888888889,43,2.1183333333333336,5.881666666666666,,,41,230a,186,181,181,5,5,0.026881720430107527,1.048780487804878,1.048780487804878,195.07317073170734,0.07577115384615385,0.07733108974358975,0.07733108974358975,1300,372,362,0.28615384615384615,0.2784615384615385,257.02,7.1,43.5054,PP028-BK,0,,,ON,True
2026-07-28,,IM19,3,11:00PM,T1XL FASCIA BRACKET 1,1120640,,TNL 737,650,0,7.763888888888889,43,2.1183333333333336,5.881666666666666,,,41,230a,186,181,181,5,5,0.026881720430107527,1.048780487804878,1.048780487804878,195.07317073170734,0.07577115384615385,0.07733108974358975,0.07733108974358975,1300,372,362,0.28615384615384615,0.2784615384615385,257.02,7.1,43.5054,PP028-BK,0,,,ON,True
2026-07-28,,IM19,1,,T1XL FASCIA BRACKET 1,,,TNL 737,650,0,7.763888888888889,43,7.562222222222222,0.4377777777777778,,,41,,664,664,664,0,0,0,1.048780487804878,1.048780487804878,696.390243902439,0.9656376068376069,1.0127418803418804,1.0127418803418804,1300,1328,1328,1.0215384615384615,1.0215384615384615,942.88,0,155.3096,PP028-BK,0,,,ON,True
2026-07-28,,IM19,1,,T1XL FASCIA BRACKET 1,,,TNL 737,650,0,7.763888888888889,43,7.562222222222222,0.4377777777777778,,,41,,664,664,664,0,0,0,1.048780487804878,1.048780487804878,696.390243902439,0.9656376068376069,1.0127418803418804,1.0127418803418804,1300,1328,1328,1.0215384615384615,1.0215384615384615,942.88,0,155.3096,PP028-BK,0,,,ON,True
2026-07-28,,IM19,2,,T1XL FASCIA BRACKET 1,,,TNL 737,650,0,7.763888888888889,43,8.883333333333333,-0.8833333333333329,,,41,,780,780,780,0,0,0,1.048780487804878,1.048780487804878,818.048780487805,1.3325,1.3975000000000002,1.3975000000000002,1300,1560,1560,1.2,1.2,1107.6,0,182.442,PP028-BK,0,,,ON,True
2026-07-28,,IM19,2,,T1XL FASCIA BRACKET 1,,,TNL 737,650,0,7.763888888888889,43,8.883333333333333,-0.8833333333333329,,,41,,780,780,780,0,0,0,1.048780487804878,1.048780487804878,818.048780487805,1.3325,1.3975000000000002,1.3975000000000002,1300,1560,1560,1.2,1.2,1107.6,0,182.442,PP028-BK,0,,,ON,True
2026-07-28,,IM2,3,ONGOING,550B CHL HG Cover A,1115251,,M05309,800,114.28571428571429,6.666666666666667,30,6.994486111111111,1.0055138888888893,,,29.11,ongoing,865,865,865,0,0,0,1.0305736860185504,1.0305736860185504,891.4462384060461,0.945348513454861,0.9742513020833333,0.9742513020833333,1600,1730,1730,1.08125,1.08125,1510.29,0,252.57999999999998,PC012-BK,0,,,ON,True
2026-07-28,,IM2,3,ONGOING,550B CHL HG Cover A,1115251,,M05309,800,114.28571428571429,6.666666666666667,30,6.994486111111111,1.0055138888888893,,,29.11,ongoing,865,865,865,0,0,0,1.0305736860185504,1.0305736860185504,891.4462384060461,0.945348513454861,0.9742513020833333,0.9742513020833333,1600,1730,1730,1.08125,1.08125,1510.29,0,252.57999999999998,PC012-BK,0,,,ON,True
2026-07-28,,IM2,1,,550B CHL HG Cover A,,,M05309,800,114.28571428571429,6.666666666666667,30,5.264058333333334,2.7359416666666663,,,29.11,,651,651,651,0,0,0,1.0305736860185504,1.0305736860185504,670.9034695980763,0.5354534335937501,0.5518242187500001,0.5518242187500001,1600,1302,1302,0.81375,0.81375,1136.646,0,190.09199999999998,PC012-BK,0,,,ON,True
2026-07-28,,IM2,1,,550B CHL HG Cover A,,,M05309,800,114.28571428571429,6.666666666666667,30,5.264058333333334,2.7359416666666663,,,29.11,,651,651,651,0,0,0,1.0305736860185504,1.0305736860185504,670.9034695980763,0.5354534335937501,0.5518242187500001,0.5518242187500001,1600,1302,1302,0.81375,0.81375,1136.646,0,190.09199999999998,PC012-BK,0,,,ON,True
2026-07-28,,IM2,2,3:00PM,THRA/TGSX Outer Lens Mold Only,1120578,,NEEDED,600,0,7.5,45,7.489166666666666,0.5108333333333341,,,43,145p,627,1249,0,5,5,0.007942811755361398,1.0465116279069768,1.0465116279069768,656.1627906976745,0.9782723958333333,1.0156417978057983,1.0156417978057983,1200,1259,1249,1.045,1.0366997617156473,0,0,201.44,PMMA03-RED,0,,,ON,True
2026-07-28,,IM2,2,3:00PM,THRA/TGSX Outer Lens Mold Only,1120578,,NEEDED,600,0,7.5,45,7.489166666666666,0.5108333333333341,,,43,145p,627,1249,0,5,5,0.007942811755361398,1.0465116279069768,1.0465116279069768,656.1627906976745,0.9782723958333333,1.0156417978057983,1.0156417978057983,1200,1259,1249,1.045,1.0366997617156473,0,0,201.44,PMMA03-RED,0,,,ON,True
2026-07-28,,IM3,3,ONGOING,L42P(2) HL Reflector A (REV ---),1115345,,4385,700,0,7.388888888888889,38,7.563777777777777,0.43622222222222273,,,40.4,ongoing,674,674,674,0,0,0,0.9405940594059407,0.9405940594059407,633.960396039604,0.9103546825396824,0.8562742063492063,0.8562742063492063,1400,1348,1348,0.9628571428571429,0.9628571428571429,0,0,500.9842,PC003-BK,0,,,ON,True
2026-07-28,,IM3,3,ONGOING,L42P(2) HL Reflector A (REV ---),1115345,,4385,700,0,7.388888888888889,38,7.563777777777777,0.43622222222222273,,,40.4,ongoing,674,674,674,0,0,0,0.9405940594059407,0.9405940594059407,633.960396039604,0.9103546825396824,0.8562742063492063,0.8562742063492063,1400,1348,1348,0.9628571428571429,0.9628571428571429,0,0,500.9842,PC003-BK,0,,,ON,True
2026-07-28,,IM3,1,,L42P(2) HL Reflector A (REV ---),,,4385,700,0,7.388888888888889,38,7.85361111111111,0.14638888888888957,,,40.39,,700,700,700,0,0,0,0.9408269373607329,0.9408269373607329,658.578856152513,0.9817013888888888,0.923611111111111,0.923611111111111,1400,1400,1400,1,1,0,0,520.31,PC003-BK,0,,,ON,True
2026-07-28,,IM3,1,,L42P(2) HL Reflector A (REV ---),,,4385,700,0,7.388888888888889,38,7.85361111111111,0.14638888888888957,,,40.39,,700,700,700,0,0,0,0.9408269373607329,0.9408269373607329,658.578856152513,0.9817013888888888,0.923611111111111,0.923611111111111,1400,1400,1400,1,1,0,0,520.31,PC003-BK,0,,,ON,True
2026-07-28,,IM3,2,,L42P(2) HL Reflector A (REV ---),,,4385,700,0,7.388888888888889,38,7.292638888888889,0.7073611111111111,,Pause for wip.,40.39,,650,648,648,2,2,0.003076923076923077,0.9408269373607329,0.9408269373607329,611.5375092844764,0.8464670138888888,0.7939285714285713,0.7939285714285713,1400,1300,1296,0.9285714285714286,0.9257142857142857,0,0,483.145,PC003-BK,0,,,ON,True
2026-07-28,,IM3,2,,L42P(2) HL Reflector A (REV ---),,,4385,700,0,7.388888888888889,38,7.292638888888889,0.7073611111111111,,Pause for wip.,40.39,,650,648,648,2,2,0.003076923076923077,0.9408269373607329,0.9408269373607329,611.5375092844764,0.8464670138888888,0.7939285714285713,0.7939285714285713,1400,1300,1296,0.9285714285714286,0.9257142857142857,0,0,483.145,PC003-BK,0,,,ON,True
2026-07-28,,IM4,3,ONGOING,L42P(2) HL Base A (Carrier Plate),1115328,,70637,700,0,7.83611111111111,40.3,0,8,,,,,,0,0,0,0,0,0,0,0,0,0,0,1400,0,0,0,0,0,0,0,PC001-GY,0,,,ON,True
2026-07-28,,IM4,3,ONGOING,L42P(2) HL Base A (Carrier Plate),1115328,,70637,700,0,7.83611111111111,40.3,0,8,,,,,,0,0,0,0,0,0,0,0,0,0,0,1400,0,0,0,0,0,0,0,PC001-GY,0,,,ON,True
2026-07-28,,IM4,1,,L42P(2) HL Base A (Carrier Plate),,,70637,700,0,7.83611111111111,40.3,3.6499999999999995,4.3500000000000005,,,43.8,915a,300,295,295,5,5,0.016666666666666666,0.9200913242009132,0.9200913242009132,276.027397260274,0.19553571428571426,0.17691220238095234,0.17691220238095234,1400,600,590,0.42857142857142855,0.4214285714285714,0,0,196.36499999999998,PC001-GY,0,,,ON,True
2026-07-28,,IM4,1,,L42P(2) HL Base A (Carrier Plate),,,70637,700,0,7.83611111111111,40.3,3.6499999999999995,4.3500000000000005,,,43.8,915a,300,295,295,5,5,0.016666666666666666,0.9200913242009132,0.9200913242009132,276.027397260274,0.19553571428571426,0.17691220238095234,0.17691220238095234,1400,600,590,0.42857142857142855,0.4214285714285714,0,0,196.36499999999998,PC001-GY,0,,,ON,True
2026-07-28,,IM4,2,,L42P(2) HL Base A (Carrier Plate),,,70637,700,0,7.83611111111111,40.3,9.039833333333332,-1.0398333333333323,,,43.8,,743,743,743,0,0,0,0.9200913242009132,0.9200913242009132,683.6278538812785,1.1993921726190475,1.1035503323412696,1.1035503323412696,1400,1486,1486,1.0614285714285714,1.0614285714285714,0,0,486.33065,PC001-GY,0,,,ON,True
2026-07-28,,IM4,2,,L42P(2) HL Base A (Carrier Plate),,,70637,700,0,7.83611111111111,40.3,9.039833333333332,-1.0398333333333323,,,43.8,,743,743,743,0,0,0,0.9200913242009132,0.9200913242009132,683.6278538812785,1.1993921726190475,1.1035503323412696,1.1035503323412696,1400,1486,1486,1.0614285714285714,1.0614285714285714,0,0,486.33065,PC001-GY,0,,,ON,True
2026-07-28,,IM5,3,,SD,,,0,,0,0,0,0,0,,,,,,0,0,0,0,0,0,0,0,0,0,0,0,0,0,0,0,0,0,0,0,0,,,SD,False
2026-07-28,,IM5,1,TBD,311 D Bezel Plug,1119033,,0,700,0,6.805555555555555,35,5.929444444444445,0,,Setting up process and EOAT program.,32.84,645a,650,2560,2560,40,40,0.015384615384615385,1.0657734470158342,1.0657734470158342,692.7527405602922,0.6882390873015873,0.7222222222222222,0.7222222222222222,5600,5200,5120,0.9285714285714286,0.9142857142857144,0,0,208,ABS07-BK,0,,,ON,True
2026-07-28,,IM5,1,TBD,311 D Bezel Plug,1119033,,0,700,0,6.805555555555555,35,5.929444444444445,0,,Setting up process and EOAT program.,32.84,645a,650,2560,2560,40,40,0.015384615384615385,1.0657734470158342,1.0657734470158342,692.7527405602922,0.6882390873015873,0.7222222222222222,0.7222222222222222,5600,5200,5120,0.9285714285714286,0.9142857142857144,0,0,208,ABS07-BK,0,,,ON,True
2026-07-28,,IM5,2,,311 D Bezel Plug,,,0,800,0,7.777777777777778,35,8.937000000000001,0,,,33.1,,972,3888,3888,0,0,0,1.0574018126888216,1.0574018126888216,1027.7945619335346,1.3573068750000001,1.43521875,1.43521875,6400,7776,7776,1.215,1.215,0,0,311.04,ABS07-BK,0,,,ON,True
2026-07-28,,IM5,2,,311 D Bezel Plug,,,0,800,0,7.777777777777778,35,8.937000000000001,0,,,33.1,,972,3888,3888,0,0,0,1.0574018126888216,1.0574018126888216,1027.7945619335346,1.3573068750000001,1.43521875,1.43521875,6400,7776,7776,1.215,1.215,0,0,311.04,ABS07-BK,0,,,ON,True
2026-07-28,,IM6,3,ONGOING,550B BUL-LED Shade,1114033,,M05419,900,138.46153846153845,7,28,4.909541666666667,3.0904583333333333,,,25.07,ongoing,705,705,705,0,0,0,1.1168727562824092,1.1168727562824092,787.3952931790985,0.4807259548611111,0.5369097222222222,0.5369097222222222,1800,1410,1410,0.7833333333333333,0.7833333333333333,706.41,0,170.81304,PC018-BK,0,,,ON,True
2026-07-28,,IM6,3,ONGOING,550B BUL-LED Shade,1114033,,M05419,900,138.46153846153845,7,28,4.909541666666667,3.0904583333333333,,,25.07,ongoing,705,705,705,0,0,0,1.1168727562824092,1.1168727562824092,787.3952931790985,0.4807259548611111,0.5369097222222222,0.5369097222222222,1800,1410,1410,0.7833333333333333,0.7833333333333333,706.41,0,170.81304,PC018-BK,0,,,ON,True
2026-07-28,,IM6,1,7:00AM,T90A CHL BRACKET G,1119644,,MO8384,800,40,7.388888888888889,33.25,6.875,1.125,,,30,545a,825,825,825,0,0,0,1.1083333333333334,1.1083333333333334,914.375,0.88623046875,0.98223876953125,0.98223876953125,1600,1650,1650,1.03125,1.03125,927.3000000000001,0,209.55,ABS06-BK,0,,,ON,True
2026-07-28,,IM6,1,7:00AM,T90A CHL BRACKET G,1119644,,MO8384,800,40,7.388888888888889,33.25,6.875,1.125,,,30,545a,825,825,825,0,0,0,1.1083333333333334,1.1083333333333334,914.375,0.88623046875,0.98223876953125,0.98223876953125,1600,1650,1650,1.03125,1.03125,927.3000000000001,0,209.55,ABS06-BK,0,,,ON,True
2026-07-28,,IM6,2,,T90A CHL BRACKET G,,,MO8384,800,40,7.388888888888889,33.25,4.458333333333333,3.541666666666667,,No pack.,30,,535,535,535,0,0,0,1.1083333333333334,1.1083333333333334,592.9583333333334,0.37268880208333327,0.4130634223090277,0.4130634223090277,1600,1070,1070,0.66875,0.66875,601.34,0,135.89000000000001,ABS06-BK,0,,,ON,True
2026-07-28,,IM6,2,,T90A CHL BRACKET G,,,MO8384,800,40,7.388888888888889,33.25,4.458333333333333,3.541666666666667,,No pack.,30,,535,535,535,0,0,0,1.1083333333333334,1.1083333333333334,592.9583333333334,0.37268880208333327,0.4130634223090277,0.4130634223090277,1600,1070,1070,0.66875,0.66875,601.34,0,135.89000000000001,ABS06-BK,0,,,ON,True
2026-07-28,,IM7,3,11:30PM,T90A RCL Extension A,1119840,,MO5772,600,80,6.5,39,3.4902777777777776,4.509722222222223,,,35.9,1245a,350,345,345,5,5,0.014285714285714285,1.0863509749303621,1.0863509749303621,380.2228412256267,0.25449942129629627,0.27252604166666666,0.27252604166666666,1200,700,690,0.5833333333333334,0.5750000000000001,494.03999999999996,7.16,189,PC003-BK,0,,,ON,True
2026-07-28,,IM7,3,11:30PM,T90A RCL Extension A,1119840,,MO5772,600,80,6.5,39,3.4902777777777776,4.509722222222223,,,35.9,1245a,350,345,345,5,5,0.014285714285714285,1.0863509749303621,1.0863509749303621,380.2228412256267,0.25449942129629627,0.27252604166666666,0.27252604166666666,1200,700,690,0.5833333333333334,0.5750000000000001,494.03999999999996,7.16,189,PC003-BK,0,,,ON,True
2026-07-28,,IM7,1,,T90A RCL Extension A,,,MO5772,700,93.33333333333333,7.583333333333333,39,8.227083333333333,-0.22708333333333286,,,35.9,,825,825,825,0,0,0,1.0863509749303621,1.0863509749303621,896.2395543175488,1.212025669642857,1.3166852678571428,1.3166852678571428,1400,1650,1650,1.1785714285714286,1.1785714285714286,1181.3999999999999,0,445.50000000000006,PC003-BK,0,,,ON,True
2026-07-28,,IM7,1,,T90A RCL Extension A,,,MO5772,700,93.33333333333333,7.583333333333333,39,8.227083333333333,-0.22708333333333286,,,35.9,,825,825,825,0,0,0,1.0863509749303621,1.0863509749303621,896.2395543175488,1.212025669642857,1.3166852678571428,1.3166852678571428,1400,1650,1650,1.1785714285714286,1.1785714285714286,1181.3999999999999,0,445.50000000000006,PC003-BK,0,,,ON,True
2026-07-28,,IM7,2,,T90A RCL Extension A,,,MO5772,700,93.33333333333333,7.583333333333333,39,2.872,5.128,,No pack.,35.9,,288,288,288,0,0,0,1.0863509749303621,1.0863509749303621,312.8690807799443,0.14770285714285714,0.16045714285714285,0.16045714285714285,1400,576,576,0.4114285714285714,0.4114285714285714,412.416,0,155.52,PC003-BK,0,,,ON,True
2026-07-28,,IM7,2,,T90A RCL Extension A,,,MO5772,700,93.33333333333333,7.583333333333333,39,2.872,5.128,,No pack.,35.9,,288,288,288,0,0,0,1.0863509749303621,1.0863509749303621,312.8690807799443,0.14770285714285714,0.16045714285714285,0.16045714285714285,1400,576,576,0.4114285714285714,0.4114285714285714,412.416,0,155.52,PC003-BK,0,,,ON,True
2026-07-28,,IM8,3,ONGOING,P33A FCL Base C,1115465,,5549,600,0,7.833333333333333,47,4.164,3.8360000000000003,,,34.7,ongoing,432,864,864,0,0,0,1.3544668587896251,1.3544668587896251,585.129682997118,0.37476,0.5075999999999999,0.5075999999999999,2400,1728,1728,0.72,0.72,0,0,295.6176,PC017-WT,0,,,ON,True
2026-07-28,,IM8,3,ONGOING,P33A FCL Base C,1115465,,5549,600,0,7.833333333333333,47,4.164,3.8360000000000003,,,34.7,ongoing,432,864,864,0,0,0,1.3544668587896251,1.3544668587896251,585.129682997118,0.37476,0.5075999999999999,0.5075999999999999,2400,1728,1728,0.72,0.72,0,0,295.6176,PC017-WT,0,,,ON,True
2026-07-28,,IM8,1,,SD,,,0,,0,0,0,0,0,,,,,,0,0,0,0,0,0,0,0,0,0,0,0,0,0,0,0,0,0,0,0,0,,,SD,False
2026-07-28,,IM8,2,,SD,,,0,,0,0,0,0,0,,,,,,0,0,0,0,0,0,0,0,0,0,0,0,0,0,0,0,0,0,0,0,0,,,SD,False
2026-07-28,,IM9,3,11:40PM,T90A RCL Reflector A,1113818,,MO5774,650,162.5,7.222222222222222,40,0.4839138888888889,7.516086111111111,,Tool has rust having to pull tool to tool room for it to be fixed.,42.49,115a,41,41,41,0,0,0,0.9413979759943516,0.9413979759943516,38.59731701576842,0.003815474893162393,0.0035918803418803417,0.0035918803418803417,1300,82,82,0.06307692307692307,0.06307692307692307,87.412,0,26.568,PC001-GY,0,,,ON,True
2026-07-28,,IM9,3,11:40PM,T90A RCL Reflector A,1113818,,MO5774,650,162.5,7.222222222222222,40,0.4839138888888889,7.516086111111111,,Tool has rust having to pull tool to tool room for it to be fixed.,42.49,115a,41,41,41,0,0,0,0.9413979759943516,0.9413979759943516,38.59731701576842,0.003815474893162393,0.0035918803418803417,0.0035918803418803417,1300,82,82,0.06307692307692307,0.06307692307692307,87.412,0,26.568,PC001-GY,0,,,ON,True
2026-07-28,,IM9,1,,T90A RCL Reflector A,,,MO5774,650,162.5,7.222222222222222,40,0.18884444444444445,7.811155555555556,,Tool still in shop.,42.49,,16,16,16,0,0,0,0.9413979759943516,0.9413979759943516,15.062367615909626,0.0005810598290598291,0.000547008547008547,0.000547008547008547,1300,32,32,0.024615384615384615,0.024615384615384615,34.112,0,10.368,PC001-GY,0,,,ON,True
2026-07-28,,IM9,1,,T90A RCL Reflector A,,,MO5774,650,162.5,7.222222222222222,40,0.18884444444444445,7.811155555555556,,Tool still in shop.,42.49,,16,16,16,0,0,0,0.9413979759943516,0.9413979759943516,15.062367615909626,0.0005810598290598291,0.000547008547008547,0.000547008547008547,1300,32,32,0.024615384615384615,0.024615384615384615,34.112,0,10.368,PC001-GY,0,,,ON,True
2026-07-28,,IM9,2,,T90A RCL Reflector A,,,MO5774,650,162.5,7.222222222222222,40,8.297352777777778,-0.29735277777777824,,,42.49,115p,703,683,683,20,20,0.02844950213371266,0.9413979759943516,0.9413979759943516,661.8027771240291,1.1217382697649574,1.0259594017094018,1.0259594017094018,1300,1406,1366,1.0815384615384616,1.0507692307692307,1456.1560000000002,42.64,455.54400000000004,PC001-GY,0,,,ON,True
2026-07-28,,IM9,2,,T90A RCL Reflector A,,,MO5774,650,162.5,7.222222222222222,40,8.297352777777778,-0.29735277777777824,,,42.49,115p,703,683,683,20,20,0.02844950213371266,0.9413979759943516,0.9413979759943516,661.8027771240291,1.1217382697649574,1.0259594017094018,1.0259594017094018,1300,1406,1366,1.0815384615384616,1.0507692307692307,1456.1560000000002,42.64,455.54400000000004,PC001-GY,0,,,ON,True
2026-07-29,,IM1,3,ONGOING,NQ5A Flange Brkt,1120644,,1021,700,0,7.968333333333332,40.98,0,8,,,,,,0,0,0,0,0,0,0,0,0,0,0,1400,0,0,0,0,0,0,0,PP022-BK,0,,,ON,True
2026-07-29,,IM1,3,ONGOING,NQ5A Flange Brkt,1120644,,1021,700,0,7.968333333333332,40.98,0,8,,,,,,0,0,0,0,0,0,0,0,0,0,0,1400,0,0,0,0,0,0,0,PP022-BK,0,,,ON,True
2026-07-29,,IM1,1,,NQ5A Flange Brkt,,,1021,700,0,7.968333333333332,40.98,0,8,,,,,,0,0,0,0,0,0,0,0,0,0,0,1400,0,0,0,0,0,0,0,PP022-BK,0,,,ON,True
2026-07-29,,IM1,1,,NQ5A Flange Brkt,,,1021,700,0,7.968333333333332,40.98,0,8,,,,,,0,0,0,0,0,0,0,0,0,0,0,1400,0,0,0,0,0,0,0,PP022-BK,0,,,ON,True
2026-07-29,,IM1,2,,NQ5A Flange Brkt,,,1021,700,0,7.968333333333332,40.98,0,8,,,,,,0,0,0,0,0,0,0,0,0,0,0,1400,0,0,0,0,0,0,0,PP022-BK,0,,,ON,True
2026-07-29,,IM1,2,,NQ5A Flange Brkt,,,1021,700,0,7.968333333333332,40.98,0,8,,,,,,0,0,0,0,0,0,0,0,0,0,0,1400,0,0,0,0,0,0,0,PP022-BK,0,,,ON,True
2026-07-29,,IM10,3,11:00PM,890B CHL-LED Cover HG,1120892,,5417,800,0,8,36,0,8,,,,,,0,0,0,0,0,0,0,0,0,0,0,1600,0,0,0,0,0,0,0,PP018-BK,0,,,ON,True
2026-07-29,,IM10,3,11:00PM,890B CHL-LED Cover HG,1120892,,5417,800,0,8,36,0,8,,,,,,0,0,0,0,0,0,0,0,0,0,0,1600,0,0,0,0,0,0,0,PP018-BK,0,,,ON,True
2026-07-29,,IM10,1,8:30AM,550B RCL-LED Reflector,1121922,,MO5239,500,100,4.861111111111111,35,0,8,,,,,,0,0,0,0,0,0,0,0,0,0,0,1000,0,0,0,0,0,0,0,PC018-BK,0,,,ON,True
2026-07-29,,IM10,1,8:30AM,550B RCL-LED Reflector,1121922,,MO5239,500,100,4.861111111111111,35,0,8,,,,,,0,0,0,0,0,0,0,0,0,0,0,1000,0,0,0,0,0,0,0,PC018-BK,0,,,ON,True
2026-07-29,,IM10,2,,550B RCL-LED Reflector,,,MO5239,700,140,6.805555555555555,35,0,8,,,,,,0,0,0,0,0,0,0,0,0,0,0,1400,0,0,0,0,0,0,0,PC018-BK,0,,,ON,True
2026-07-29,,IM10,2,,550B RCL-LED Reflector,,,MO5239,700,140,6.805555555555555,35,0,8,,,,,,0,0,0,0,0,0,0,0,0,0,0,1400,0,0,0,0,0,0,0,PC018-BK,0,,,ON,True
2026-07-29,,IM11,3,ONGOING,L42P RCL Rim/ Cuff,1119356,,MO4375,1000,95.23809523809524,7.777777777777778,28,0,8,,,,,,0,0,0,0,0,0,0,0,0,0,0,2000,0,0,0,0,0,0,0,PP025-BK,0,,,ON,True
2026-07-29,,IM11,3,ONGOING,L42P RCL Rim/ Cuff,1119356,,MO4375,1000,95.23809523809524,7.777777777777778,28,0,8,,,,,,0,0,0,0,0,0,0,0,0,0,0,2000,0,0,0,0,0,0,0,PP025-BK,0,,,ON,True
2026-07-29,,IM11,1,,L42P RCL Rim/ Cuff,,,MO4375,1000,95.23809523809524,7.777777777777778,28,0,8,,,,,,0,0,0,0,0,0,0,0,0,0,0,2000,0,0,0,0,0,0,0,PP025-BK,0,,,ON,True
2026-07-29,,IM11,1,,L42P RCL Rim/ Cuff,,,MO4375,1000,95.23809523809524,7.777777777777778,28,0,8,,,,,,0,0,0,0,0,0,0,0,0,0,0,2000,0,0,0,0,0,0,0,PP025-BK,0,,,ON,True
2026-07-29,,IM11,2,4:30PM,01OB Bezel Plug,1120645,,1943,600,16,5.833333333333333,35,0,8,,,,,,0,0,0,0,0,0,0,0,0,0,0,4800,0,0,0,0,0,0,0,ABS07-BK,0,,,ON,True
2026-07-29,,IM11,2,4:30PM,01OB Bezel Plug,1120645,,1943,600,16,5.833333333333333,35,0,8,,,,,,0,0,0,0,0,0,0,0,0,0,0,4800,0,0,0,0,0,0,0,ABS07-BK,0,,,ON,True
2026-07-29,,IM12,3,,SD,,,0,,0,0,0,0,0,,,,,,0,0,0,0,0,0,0,0,0,0,0,0,0,0,0,0,0,0,0,0,0,,,SD,False
2026-07-29,,IM12,1,,SD,,,0,,0,0,0,0,0,,,,,,0,0,0,0,0,0,0,0,0,0,0,0,0,0,0,0,0,0,0,0,0,,,SD,False
2026-07-29,,IM12,2,,SD,,,0,,0,0,0,0,0,,,,,,0,0,0,0,0,0,0,0,0,0,0,0,0,0,0,0,0,0,0,0,0,,,SD,False
2026-07-29,,IM14,3,1:00AM,T90A CHL EXTENSION B,1121404,,MO6519,600,40,5.666666666666667,34,0,8,,,,,,0,0,0,0,0,0,0,0,0,0,0,1200,0,0,0,0,0,0,0,PC003-BK,0,,,ON,True
2026-07-29,,IM14,3,1:00AM,T90A CHL EXTENSION B,1121404,,MO6519,600,40,5.666666666666667,34,0,8,,,,,,0,0,0,0,0,0,0,0,0,0,0,1200,0,0,0,0,0,0,0,PC003-BK,0,,,ON,True
2026-07-29,,IM14,1,,T90A CHL EXTENSION B,,,MO6519,800,53.333333333333336,7.555555555555555,34,0,8,,,,,,0,0,0,0,0,0,0,0,0,0,0,1600,0,0,0,0,0,0,0,PC003-BK,0,,,ON,True
2026-07-29,,IM14,1,,T90A CHL EXTENSION B,,,MO6519,800,53.333333333333336,7.555555555555555,34,0,8,,,,,,0,0,0,0,0,0,0,0,0,0,0,1600,0,0,0,0,0,0,0,PC003-BK,0,,,ON,True
2026-07-29,,IM14,2,,T90A CHL EXTENSION B,,,MO6519,800,53.333333333333336,7.555555555555555,34,0,8,,,,,,0,0,0,0,0,0,0,0,0,0,0,1600,0,0,0,0,0,0,0,PC003-BK,0,,,ON,True
2026-07-29,,IM14,2,,T90A CHL EXTENSION B,,,MO6519,800,53.333333333333336,7.555555555555555,34,0,8,,,,,,0,0,0,0,0,0,0,0,0,0,0,1600,0,0,0,0,0,0,0,PC003-BK,0,,,ON,True
2026-07-29,,IM15,3,,SD,,,0,,0,0,0,0,0,,,,,,0,0,0,0,0,0,0,0,0,0,0,0,0,0,0,0,0,0,0,0,0,,,SD,False
2026-07-29,,IM15,1,,SD,,,0,,0,0,0,0,0,,,,,,0,0,0,0,0,0,0,0,0,0,0,0,0,0,0,0,0,0,0,0,0,,,SD,False
2026-07-29,,IM15,2,,SD,,,0,,0,0,0,0,0,,,,,,0,0,0,0,0,0,0,0,0,0,0,0,0,0,0,0,0,0,0,0,0,,,SD,False
2026-07-29,,IM16,3,,SD,,,0,,0,0,0,0,0,,,,,,0,0,0,0,0,0,0,0,0,0,0,0,0,0,0,0,0,0,0,0,0,,,SD,False
2026-07-29,,IM16,1,,SD,,,0,,0,0,0,0,0,,,,,,0,0,0,0,0,0,0,0,0,0,0,0,0,0,0,0,0,0,0,0,0,,,SD,False
2026-07-29,,IM16,2,,SD,,,0,,0,0,0,0,0,,,,,,0,0,0,0,0,0,0,0,0,0,0,0,0,0,0,0,0,0,0,0,0,,,SD,False
2026-07-29,,IM17,3,,SD,,,0,,0,0,0,0,0,,,,,,0,0,0,0,0,0,0,0,0,0,0,0,0,0,0,0,0,0,0,0,0,,,SD,False
2026-07-29,,IM17,1,,SD,,,0,,0,0,0,0,0,,,,,,0,0,0,0,0,0,0,0,0,0,0,0,0,0,0,0,0,0,0,0,0,,,SD,False
2026-07-29,,IM17,2,,SD,,,0,,0,0,0,0,0,,,,,,0,0,0,0,0,0,0,0,0,0,0,0,0,0,0,0,0,0,0,0,0,,,SD,False
2026-07-29,,IM18,3,,SD,,,0,,0,0,0,0,0,,,,,,0,0,0,0,0,0,0,0,0,0,0,0,0,0,0,0,0,0,0,0,0,,,SD,False
2026-07-29,,IM18,1,,SD,,,0,,0,0,0,0,0,,,,,,0,0,0,0,0,0,0,0,0,0,0,0,0,0,0,0,0,0,0,0,0,,,SD,False
2026-07-29,,IM18,2,,SD,,,0,,0,0,0,0,0,,,,,,0,0,0,0,0,0,0,0,0,0,0,0,0,0,0,0,0,0,0,0,0,,,SD,False
2026-07-29,,IM19,3,ONGOING,T1XL FASCIA BRACKET 1,1120640,,TNL 737,650,0,7.763888888888889,43,0,8,,,,,,0,0,0,0,0,0,0,0,0,0,0,1300,0,0,0,0,0,0,0,PP028-BK,0,,,ON,True
2026-07-29,,IM19,3,ONGOING,T1XL FASCIA BRACKET 1,1120640,,TNL 737,650,0,7.763888888888889,43,0,8,,,,,,0,0,0,0,0,0,0,0,0,0,0,1300,0,0,0,0,0,0,0,PP028-BK,0,,,ON,True
2026-07-29,,IM19,1,,T1XL FASCIA BRACKET 1,,,TNL 737,650,0,7.763888888888889,43,0,8,,,,,,0,0,0,0,0,0,0,0,0,0,0,1300,0,0,0,0,0,0,0,PP028-BK,0,,,ON,True
2026-07-29,,IM19,1,,T1XL FASCIA BRACKET 1,,,TNL 737,650,0,7.763888888888889,43,0,8,,,,,,0,0,0,0,0,0,0,0,0,0,0,1300,0,0,0,0,0,0,0,PP028-BK,0,,,ON,True
2026-07-29,,IM19,2,,T1XL FASCIA BRACKET 1,,,TNL 737,650,0,7.763888888888889,43,0,8,,,,,,0,0,0,0,0,0,0,0,0,0,0,1300,0,0,0,0,0,0,0,PP028-BK,0,,,ON,True
2026-07-29,,IM19,2,,T1XL FASCIA BRACKET 1,,,TNL 737,650,0,7.763888888888889,43,0,8,,,,,,0,0,0,0,0,0,0,0,0,0,0,1300,0,0,0,0,0,0,0,PP028-BK,0,,,ON,True
2026-07-29,,IM2,3,,SD,,,0,,0,0,0,0,0,,,,,,0,0,0,0,0,0,0,0,0,0,0,0,0,0,0,0,0,0,0,0,0,,,SD,False
2026-07-29,,IM2,1,,SD,,,0,,0,0,0,0,0,,,,,,0,0,0,0,0,0,0,0,0,0,0,0,0,0,0,0,0,0,0,0,0,,,SD,False
2026-07-29,,IM2,2,,SD,,,0,,0,0,0,0,0,,,,,,0,0,0,0,0,0,0,0,0,0,0,0,0,0,0,0,0,0,0,0,0,,,SD,False
2026-07-29,,IM3,3,12:00AM,L42P RCL Shade,1122093,,M04373,1000,40,6.666666666666667,24,0,8,,,,,,0,0,0,0,0,0,0,0,0,0,0,2000,0,0,0,0,0,0,0,PC006-GY,0,,,ON,True
2026-07-29,,IM3,3,12:00AM,L42P RCL Shade,1122093,,M04373,1000,40,6.666666666666667,24,0,8,,,,,,0,0,0,0,0,0,0,0,0,0,0,2000,0,0,0,0,0,0,0,PC006-GY,0,,,ON,True
2026-07-29,,IM3,1,,L42P RCL Shade,,RH,M04373,1100,44,7.333333333333333,24,0,8,,,,,,0,0,0,0,0,0,0,0,0,0,0,1100,0,0,0,0,0,0,0,PC006-GY,0,,,ON,True
2026-07-29,,IM3,1,,L42P RCL Shade,,RH,M04373,1100,44,7.333333333333333,24,0,8,,,,,,0,0,0,0,0,0,0,0,0,0,0,1100,0,0,0,0,0,0,0,PC006-GY,0,,,ON,True
2026-07-29,,IM3,2,4:00PM,550B RCL-LED Ext. B,1121911,,M05326,1000,142.85714285714286,6.388888888888889,23,0,8,,,,,,0,0,0,0,0,0,0,0,0,0,0,2000,0,0,0,0,0,0,0,PC018-BK,0,,,ON,True
2026-07-29,,IM3,2,4:00PM,550B RCL-LED Ext. B,1121911,,M05326,1000,142.85714285714286,6.388888888888889,23,0,8,,,,,,0,0,0,0,0,0,0,0,0,0,0,2000,0,0,0,0,0,0,0,PC018-BK,0,,,ON,True
2026-07-29,,IM4,3,ONGOING,L42P(2) HL Base A (Carrier Plate),1115328,,70637,700,0,7.83611111111111,40.3,0,8,,,,,,0,0,0,0,0,0,0,0,0,0,0,1400,0,0,0,0,0,0,0,PC001-GY,0,,,ON,True
2026-07-29,,IM4,3,ONGOING,L42P(2) HL Base A (Carrier Plate),1115328,,70637,700,0,7.83611111111111,40.3,0,8,,,,,,0,0,0,0,0,0,0,0,0,0,0,1400,0,0,0,0,0,0,0,PC001-GY,0,,,ON,True
2026-07-29,,IM4,1,,L42P(2) HL Base A (Carrier Plate),,,70637,700,0,7.83611111111111,40.3,0,8,,,,,,0,0,0,0,0,0,0,0,0,0,0,1400,0,0,0,0,0,0,0,PC001-GY,0,,,ON,True
2026-07-29,,IM4,1,,L42P(2) HL Base A (Carrier Plate),,,70637,700,0,7.83611111111111,40.3,0,8,,,,,,0,0,0,0,0,0,0,0,0,0,0,1400,0,0,0,0,0,0,0,PC001-GY,0,,,ON,True
2026-07-29,,IM4,2,,L42P(2) HL Base A (Carrier Plate),,,70637,700,0,7.83611111111111,40.3,0,8,,,,,,0,0,0,0,0,0,0,0,0,0,0,1400,0,0,0,0,0,0,0,PC001-GY,0,,,ON,True
2026-07-29,,IM4,2,,L42P(2) HL Base A (Carrier Plate),,,70637,700,0,7.83611111111111,40.3,0,8,,,,,,0,0,0,0,0,0,0,0,0,0,0,1400,0,0,0,0,0,0,0,PC001-GY,0,,,ON,True
2026-07-29,,IM5,3,ONGOING,311 D Bezel Plug,1119033,,0,800,0,7.777777777777778,35,0,0,,,,,,0,0,0,0,0,0,0,0,0,0,0,6400,0,0,0,0,0,0,0,ABS07-BK,0,,,ON,True
2026-07-29,,IM5,3,ONGOING,311 D Bezel Plug,1119033,,0,800,0,7.777777777777778,35,0,0,,,,,,0,0,0,0,0,0,0,0,0,0,0,6400,0,0,0,0,0,0,0,ABS07-BK,0,,,ON,True
2026-07-29,,IM5,1,,311 D Bezel Plug,,,0,800,0,7.777777777777778,35,0,0,,,,,,0,0,0,0,0,0,0,0,0,0,0,6400,0,0,0,0,0,0,0,ABS07-BK,0,,,ON,True
2026-07-29,,IM5,1,,311 D Bezel Plug,,,0,800,0,7.777777777777778,35,0,0,,,,,,0,0,0,0,0,0,0,0,0,0,0,6400,0,0,0,0,0,0,0,ABS07-BK,0,,,ON,True
2026-07-29,,IM5,2,,311 D Bezel Plug,,,0,800,0,7.777777777777778,35,0,0,,,,,,0,0,0,0,0,0,0,0,0,0,0,6400,0,0,0,0,0,0,0,ABS07-BK,0,,,ON,True
2026-07-29,,IM5,2,,311 D Bezel Plug,,,0,800,0,7.777777777777778,35,0,0,,,,,,0,0,0,0,0,0,0,0,0,0,0,6400,0,0,0,0,0,0,0,ABS07-BK,0,,,ON,True
2026-07-29,,IM6,3,12:30AM,J34A BG BRACKET A,1120953,,5764,600,0,5.75,34.5,0,8,,,,,,0,0,0,0,0,0,0,0,0,0,0,1200,0,0,0,0,0,0,0,PAM01-BK,0,,,ON,True
2026-07-29,,IM6,3,12:30AM,J34A BG BRACKET A,1120953,,5764,600,0,5.75,34.5,0,8,,,,,,0,0,0,0,0,0,0,0,0,0,0,1200,0,0,0,0,0,0,0,PAM01-BK,0,,,ON,True
2026-07-29,,IM6,1,8:00AM,T90A CHL REFLEX REFLECTOR,1121464,,MO6510,800,29.09090909090909,6.444444444444445,29,0,8,,,,,,0,0,0,0,0,0,0,0,0,0,0,1600,0,0,0,0,0,0,0,PC026-AMB,0,,,ON,True
2026-07-29,,IM6,1,8:00AM,T90A CHL REFLEX REFLECTOR,1121464,,MO6510,800,29.09090909090909,6.444444444444445,29,0,8,,,,,,0,0,0,0,0,0,0,0,0,0,0,1600,0,0,0,0,0,0,0,PC026-AMB,0,,,ON,True
2026-07-29,,IM6,2,,T90A CHL REFLEX REFLECTOR,,,MO6510,950,34.54545454545455,7.652777777777778,29,0,8,,,,,,0,0,0,0,0,0,0,0,0,0,0,1900,0,0,0,0,0,0,0,PC026-AMB,0,,,ON,True
2026-07-29,,IM6,2,,T90A CHL REFLEX REFLECTOR,,,MO6510,950,34.54545454545455,7.652777777777778,29,0,8,,,,,,0,0,0,0,0,0,0,0,0,0,0,1900,0,0,0,0,0,0,0,PC026-AMB,0,,,ON,True
2026-07-29,,IM7,3,,SD,,,0,,0,0,0,0,0,,,,,,0,0,0,0,0,0,0,0,0,0,0,0,0,0,0,0,0,0,0,0,0,,,SD,False
2026-07-29,,IM7,1,,SD,,,0,,0,0,0,0,0,,,,,,0,0,0,0,0,0,0,0,0,0,0,0,0,0,0,0,0,0,0,0,0,,,SD,False
2026-07-29,,IM7,2,,SD,,,0,,0,0,0,0,0,,,,,,0,0,0,0,0,0,0,0,0,0,0,0,0,0,0,0,0,0,0,0,0,,,SD,False
2026-07-29,,IM8,3,11:30PM,J34A HG BRACKET A,1120970,,5765,700,0,6.708333333333333,34.5,0,8,,,,,,0,0,0,0,0,0,0,0,0,0,0,1400,0,0,0,0,0,0,0,PAM01-BK,0,,,ON,True
2026-07-29,,IM8,3,11:30PM,J34A HG BRACKET A,1120970,,5765,700,0,6.708333333333333,34.5,0,8,,,,,,0,0,0,0,0,0,0,0,0,0,0,1400,0,0,0,0,0,0,0,PAM01-BK,0,,,ON,True
2026-07-29,,IM8,1,9:00AM,150B SPL Housing,1120692,,M05201,,0,0,45,0,8,,,,,,0,0,0,0,0,0,0,0,0,0,0,0,0,0,0,0,0,0,0,PC001-GY,0,,,ON,True
2026-07-29,,IM8,1,9:00AM,150B SPL Housing,1120692,,M05201,,0,0,45,0,8,,,,,,0,0,0,0,0,0,0,0,0,0,0,0,0,0,0,0,0,0,0,PC001-GY,0,,,ON,True
2026-07-29,,IM8,2,,150B SPL Housing,,,M05201,,0,0,45,0,8,,,,,,0,0,0,0,0,0,0,0,0,0,0,0,0,0,0,0,0,0,0,PC001-GY,0,,,ON,True
2026-07-29,,IM8,2,,150B SPL Housing,,,M05201,,0,0,45,0,8,,,,,,0,0,0,0,0,0,0,0,0,0,0,0,0,0,0,0,0,0,0,PC001-GY,0,,,ON,True
2026-07-29,,IM9,3,ONGOING,T90A RCL Reflector A,1113818,,MO5774,650,162.5,7.222222222222222,40,0,8,,,,,,0,0,0,0,0,0,0,0,0,0,0,1300,0,0,0,0,0,0,0,PC001-GY,0,,,ON,True
2026-07-29,,IM9,3,ONGOING,T90A RCL Reflector A,1113818,,MO5774,650,162.5,7.222222222222222,40,0,8,,,,,,0,0,0,0,0,0,0,0,0,0,0,1300,0,0,0,0,0,0,0,PC001-GY,0,,,ON,True
2026-07-29,,IM9,1,,T90A RCL Reflector A,,,MO5774,650,162.5,7.222222222222222,40,0,8,,,,,,0,0,0,0,0,0,0,0,0,0,0,1300,0,0,0,0,0,0,0,PC001-GY,0,,,ON,True
2026-07-29,,IM9,1,,T90A RCL Reflector A,,,MO5774,650,162.5,7.222222222222222,40,0,8,,,,,,0,0,0,0,0,0,0,0,0,0,0,1300,0,0,0,0,0,0,0,PC001-GY,0,,,ON,True
2026-07-29,,IM9,2,,T90A RCL Reflector A,,,MO5774,650,162.5,7.222222222222222,40,0,8,,,,,,0,0,0,0,0,0,0,0,0,0,0,1300,0,0,0,0,0,0,0,PC001-GY,0,,,ON,True
2026-07-29,,IM9,2,,T90A RCL Reflector A,,,MO5774,650,162.5,7.222222222222222,40,0,8,,,,,,0,0,0,0,0,0,0,0,0,0,0,1300,0,0,0,0,0,0,0,PC001-GY,0,,,ON,True
2026-07-30,,IM1,3,ONGOING,NQ5A Flange Brkt,,,1021,650,0,7.399166666666666,40.98,0,8,,,,,,0,0,0,0,0,0,0,0,0,0,0,1300,0,0,0,0,0,0,0,PP022-BK,0,,,ON,True
2026-07-30,,IM1,3,ONGOING,NQ5A Flange Brkt,,,1021,650,0,7.399166666666666,40.98,0,8,,,,,,0,0,0,0,0,0,0,0,0,0,0,1300,0,0,0,0,0,0,0,PP022-BK,0,,,ON,True
2026-07-30,,IM1,1,,NQ5A Flange Brkt,,,1021,650,0,7.399166666666666,40.98,0,8,,,,,,0,0,0,0,0,0,0,0,0,0,0,1300,0,0,0,0,0,0,0,PP022-BK,0,,,ON,True
2026-07-30,,IM1,1,,NQ5A Flange Brkt,,,1021,650,0,7.399166666666666,40.98,0,8,,,,,,0,0,0,0,0,0,0,0,0,0,0,1300,0,0,0,0,0,0,0,PP022-BK,0,,,ON,True
2026-07-30,,IM1,2,,NQ5A Flange Brkt,,,1021,650,0,7.399166666666666,40.98,0,8,,,,,,0,0,0,0,0,0,0,0,0,0,0,1300,0,0,0,0,0,0,0,PP022-BK,0,,,ON,True
2026-07-30,,IM1,2,,NQ5A Flange Brkt,,,1021,650,0,7.399166666666666,40.98,0,8,,,,,,0,0,0,0,0,0,0,0,0,0,0,1300,0,0,0,0,0,0,0,PP022-BK,0,,,ON,True
2026-07-30,,IM10,3,ONGOING,550B RCL-LED Reflector,,,MO5239,700,140,6.805555555555555,35,0,8,,,,,,0,0,0,0,0,0,0,0,0,0,0,1400,0,0,0,0,0,0,0,PC018-BK,0,,,ON,True
2026-07-30,,IM10,3,ONGOING,550B RCL-LED Reflector,,,MO5239,700,140,6.805555555555555,35,0,8,,,,,,0,0,0,0,0,0,0,0,0,0,0,1400,0,0,0,0,0,0,0,PC018-BK,0,,,ON,True
2026-07-30,,IM10,1,,550B RCL-LED Reflector,,,MO5239,700,140,6.805555555555555,35,0,8,,,,,,0,0,0,0,0,0,0,0,0,0,0,1400,0,0,0,0,0,0,0,PC018-BK,0,,,ON,True
2026-07-30,,IM10,1,,550B RCL-LED Reflector,,,MO5239,700,140,6.805555555555555,35,0,8,,,,,,0,0,0,0,0,0,0,0,0,0,0,1400,0,0,0,0,0,0,0,PC018-BK,0,,,ON,True
2026-07-30,,IM10,2,,550B RCL-LED Reflector,,,MO5239,700,140,6.805555555555555,35,0,8,,,,,,0,0,0,0,0,0,0,0,0,0,0,1400,0,0,0,0,0,0,0,PC018-BK,0,,,ON,True
2026-07-30,,IM10,2,,550B RCL-LED Reflector,,,MO5239,700,140,6.805555555555555,35,0,8,,,,,,0,0,0,0,0,0,0,0,0,0,0,1400,0,0,0,0,0,0,0,PC018-BK,0,,,ON,True
2026-07-30,,IM11,3,ONGOING,01OB Bezel Plug,,,1943,800,21.333333333333332,7.777777777777778,35,0,8,,,,,,0,0,0,0,0,0,0,0,0,0,0,6400,0,0,0,0,0,0,0,ABS07-BK,0,,,ON,True
2026-07-30,,IM11,3,ONGOING,01OB Bezel Plug,,,1943,800,21.333333333333332,7.777777777777778,35,0,8,,,,,,0,0,0,0,0,0,0,0,0,0,0,6400,0,0,0,0,0,0,0,ABS07-BK,0,,,ON,True
2026-07-30,,IM11,1,,01OB Bezel Plug,,,1943,800,21.333333333333332,7.777777777777778,35,0,8,,,,,,0,0,0,0,0,0,0,0,0,0,0,6400,0,0,0,0,0,0,0,ABS07-BK,0,,,ON,True
2026-07-30,,IM11,1,,01OB Bezel Plug,,,1943,800,21.333333333333332,7.777777777777778,35,0,8,,,,,,0,0,0,0,0,0,0,0,0,0,0,6400,0,0,0,0,0,0,0,ABS07-BK,0,,,ON,True
2026-07-30,,IM11,2,,01OB Bezel Plug,,,1943,800,21.333333333333332,7.777777777777778,35,0,8,,,,,,0,0,0,0,0,0,0,0,0,0,0,6400,0,0,0,0,0,0,0,ABS07-BK,0,,,ON,True
2026-07-30,,IM11,2,,01OB Bezel Plug,,,1943,800,21.333333333333332,7.777777777777778,35,0,8,,,,,,0,0,0,0,0,0,0,0,0,0,0,6400,0,0,0,0,0,0,0,ABS07-BK,0,,,ON,True
2026-07-30,,IM12,3,,SD,,,0,,0,0,0,0,0,,,,,,0,0,0,0,0,0,0,0,0,0,0,0,0,0,0,0,0,0,0,0,0,,,SD,False
2026-07-30,,IM12,1,,SD,,,0,,0,0,0,0,0,,,,,,0,0,0,0,0,0,0,0,0,0,0,0,0,0,0,0,0,0,0,0,0,,,SD,False
2026-07-30,,IM12,2,,SD,,,0,,0,0,0,0,0,,,,,,0,0,0,0,0,0,0,0,0,0,0,0,0,0,0,0,0,0,0,0,0,,,SD,False
2026-07-30,,IM14,3,12:00AM,T90A RCL RIM (COVER A),,,MO5773,600,80,7,42,0,8,,,,,,0,0,0,0,0,0,0,0,0,0,0,1200,0,0,0,0,0,0,0,PP025-BK,0,,,ON,True
2026-07-30,,IM14,3,12:00AM,T90A RCL RIM (COVER A),,,MO5773,600,80,7,42,0,8,,,,,,0,0,0,0,0,0,0,0,0,0,0,1200,0,0,0,0,0,0,0,PP025-BK,0,,,ON,True
2026-07-30,,IM14,1,,T90A RCL RIM (COVER A),,,MO5773,650,86.66666666666667,7.583333333333333,42,0,8,,,,,,0,0,0,0,0,0,0,0,0,0,0,1300,0,0,0,0,0,0,0,PP025-BK,0,,,ON,True
2026-07-30,,IM14,1,,T90A RCL RIM (COVER A),,,MO5773,650,86.66666666666667,7.583333333333333,42,0,8,,,,,,0,0,0,0,0,0,0,0,0,0,0,1300,0,0,0,0,0,0,0,PP025-BK,0,,,ON,True
2026-07-30,,IM14,2,,T90A RCL RIM (COVER A),,,MO5773,650,86.66666666666667,7.583333333333333,42,0,8,,,,,,0,0,0,0,0,0,0,0,0,0,0,1300,0,0,0,0,0,0,0,PP025-BK,0,,,ON,True
2026-07-30,,IM14,2,,T90A RCL RIM (COVER A),,,MO5773,650,86.66666666666667,7.583333333333333,42,0,8,,,,,,0,0,0,0,0,0,0,0,0,0,0,1300,0,0,0,0,0,0,0,PP025-BK,0,,,ON,True
2026-07-30,,IM15,3,,SD,,,0,,0,0,0,0,0,,,,,,0,0,0,0,0,0,0,0,0,0,0,0,0,0,0,0,0,0,0,0,0,,,SD,False
2026-07-30,,IM15,1,,SD,,,0,,0,0,0,0,0,,,,,,0,0,0,0,0,0,0,0,0,0,0,0,0,0,0,0,0,0,0,0,0,,,SD,False
2026-07-30,,IM15,2,,SD,,,0,,0,0,0,0,0,,,,,,0,0,0,0,0,0,0,0,0,0,0,0,0,0,0,0,0,0,0,0,0,,,SD,False
2026-07-30,,IM16,3,,SD,,,0,,0,0,0,0,0,,,,,,0,0,0,0,0,0,0,0,0,0,0,0,0,0,0,0,0,0,0,0,0,,,SD,False
2026-07-30,,IM16,1,,SD,,,0,,0,0,0,0,0,,,,,,0,0,0,0,0,0,0,0,0,0,0,0,0,0,0,0,0,0,0,0,0,,,SD,False
2026-07-30,,IM16,2,,SD,,,0,,0,0,0,0,0,,,,,,0,0,0,0,0,0,0,0,0,0,0,0,0,0,0,0,0,0,0,0,0,,,SD,False
2026-07-30,,IM17,3,,SD,,,0,,0,0,0,0,0,,,,,,0,0,0,0,0,0,0,0,0,0,0,0,0,0,0,0,0,0,0,0,0,,,SD,False
2026-07-30,,IM17,1,,SD,,,0,,0,0,0,0,0,,,,,,0,0,0,0,0,0,0,0,0,0,0,0,0,0,0,0,0,0,0,0,0,,,SD,False
2026-07-30,,IM17,2,,SD,,,0,,0,0,0,0,0,,,,,,0,0,0,0,0,0,0,0,0,0,0,0,0,0,0,0,0,0,0,0,0,,,SD,False
2026-07-30,,IM18,3,,SD,,,0,,0,0,0,0,0,,,,,,0,0,0,0,0,0,0,0,0,0,0,0,0,0,0,0,0,0,0,0,0,,,SD,False
2026-07-30,,IM18,1,,SD,,,0,,0,0,0,0,0,,,,,,0,0,0,0,0,0,0,0,0,0,0,0,0,0,0,0,0,0,0,0,0,,,SD,False
2026-07-30,,IM18,2,,SD,,,0,,0,0,0,0,0,,,,,,0,0,0,0,0,0,0,0,0,0,0,0,0,0,0,0,0,0,0,0,0,,,SD,False
2026-07-30,,IM19,3,ONGOING,T1XL FASCIA BRACKET 1,,,TNL 737,650,0,7.763888888888889,43,0,8,,,,,,0,0,0,0,0,0,0,0,0,0,0,1300,0,0,0,0,0,0,0,PP028-BK,0,,,ON,True
2026-07-30,,IM19,3,ONGOING,T1XL FASCIA BRACKET 1,,,TNL 737,650,0,7.763888888888889,43,0,8,,,,,,0,0,0,0,0,0,0,0,0,0,0,1300,0,0,0,0,0,0,0,PP028-BK,0,,,ON,True
2026-07-30,,IM19,1,,T1XL FASCIA BRACKET 1,,,TNL 737,650,0,7.763888888888889,43,0,8,,,,,,0,0,0,0,0,0,0,0,0,0,0,1300,0,0,0,0,0,0,0,PP028-BK,0,,,ON,True
2026-07-30,,IM19,1,,T1XL FASCIA BRACKET 1,,,TNL 737,650,0,7.763888888888889,43,0,8,,,,,,0,0,0,0,0,0,0,0,0,0,0,1300,0,0,0,0,0,0,0,PP028-BK,0,,,ON,True
2026-07-30,,IM19,2,,T1XL FASCIA BRACKET 1,,,TNL 737,650,0,7.763888888888889,43,0,8,,,,,,0,0,0,0,0,0,0,0,0,0,0,1300,0,0,0,0,0,0,0,PP028-BK,0,,,ON,True
2026-07-30,,IM19,2,,T1XL FASCIA BRACKET 1,,,TNL 737,650,0,7.763888888888889,43,0,8,,,,,,0,0,0,0,0,0,0,0,0,0,0,1300,0,0,0,0,0,0,0,PP028-BK,0,,,ON,True
2026-07-30,,IM2,3,11:00PM,31CG Fascia Bracket,,,M635,900,9,7.5,30,0,8,,,,,,0,0,0,0,0,0,0,0,0,0,0,1800,0,0,0,0,0,0,0,PP028-BK,0,,,ON,True
2026-07-30,,IM2,3,11:00PM,31CG Fascia Bracket,,,M635,900,9,7.5,30,0,8,,,,,,0,0,0,0,0,0,0,0,0,0,0,1800,0,0,0,0,0,0,0,PP028-BK,0,,,ON,True
2026-07-30,,IM2,1,,31CG Fascia Bracket,,,M635,900,9,7.5,30,0,8,,,,,,0,0,0,0,0,0,0,0,0,0,0,1800,0,0,0,0,0,0,0,PP028-BK,0,,,ON,True
2026-07-30,,IM2,1,,31CG Fascia Bracket,,,M635,900,9,7.5,30,0,8,,,,,,0,0,0,0,0,0,0,0,0,0,0,1800,0,0,0,0,0,0,0,PP028-BK,0,,,ON,True
2026-07-30,,IM2,2,,31CG Fascia Bracket,,,M635,900,9,7.5,30,0,8,,,,,,0,0,0,0,0,0,0,0,0,0,0,1800,0,0,0,0,0,0,0,PP028-BK,0,,,ON,True
2026-07-30,,IM2,2,,31CG Fascia Bracket,,,M635,900,9,7.5,30,0,8,,,,,,0,0,0,0,0,0,0,0,0,0,0,1800,0,0,0,0,0,0,0,PP028-BK,0,,,ON,True
2026-07-30,,IM3,3,ONGOING,550B RCL-LED Ext. B,,,M05326,1200,171.42857142857142,7.666666666666667,23,0,8,,,,,,0,0,0,0,0,0,0,0,0,0,0,2400,0,0,0,0,0,0,0,PC018-BK,0,,,ON,True
2026-07-30,,IM3,3,ONGOING,550B RCL-LED Ext. B,,,M05326,1200,171.42857142857142,7.666666666666667,23,0,8,,,,,,0,0,0,0,0,0,0,0,0,0,0,2400,0,0,0,0,0,0,0,PC018-BK,0,,,ON,True
2026-07-30,,IM3,1,,550B RCL-LED Ext. B,,,M05326,1200,171.42857142857142,7.666666666666667,23,0,8,,,,,,0,0,0,0,0,0,0,0,0,0,0,2400,0,0,0,0,0,0,0,PC018-BK,0,,,ON,True
2026-07-30,,IM3,1,,550B RCL-LED Ext. B,,,M05326,1200,171.42857142857142,7.666666666666667,23,0,8,,,,,,0,0,0,0,0,0,0,0,0,0,0,2400,0,0,0,0,0,0,0,PC018-BK,0,,,ON,True
2026-07-30,,IM3,2,,550B RCL-LED Ext. B,,,M05326,1200,171.42857142857142,7.666666666666667,23,0,8,,,,,,0,0,0,0,0,0,0,0,0,0,0,2400,0,0,0,0,0,0,0,PC018-BK,0,,,ON,True
2026-07-30,,IM3,2,,550B RCL-LED Ext. B,,,M05326,1200,171.42857142857142,7.666666666666667,23,0,8,,,,,,0,0,0,0,0,0,0,0,0,0,0,2400,0,0,0,0,0,0,0,PC018-BK,0,,,ON,True
2026-07-30,,IM4,3,1:00AM,31CG Inner Lens,,,M643,600,20,5.833333333333333,35,0,8,,,,,,0,0,0,0,0,0,0,0,0,0,0,1200,0,0,0,0,0,0,0,PC028-RED,0,,,ON,True
2026-07-30,,IM4,3,1:00AM,31CG Inner Lens,,,M643,600,20,5.833333333333333,35,0,8,,,,,,0,0,0,0,0,0,0,0,0,0,0,1200,0,0,0,0,0,0,0,PC028-RED,0,,,ON,True
2026-07-30,,IM4,1,,31CG Inner Lens,,,M643,800,26.666666666666668,7.777777777777778,35,0,8,,,,,,0,0,0,0,0,0,0,0,0,0,0,1600,0,0,0,0,0,0,0,PC028-RED,0,,,ON,True
2026-07-30,,IM4,1,,31CG Inner Lens,,,M643,800,26.666666666666668,7.777777777777778,35,0,8,,,,,,0,0,0,0,0,0,0,0,0,0,0,1600,0,0,0,0,0,0,0,PC028-RED,0,,,ON,True
2026-07-30,,IM4,2,4:00PM,SD,,,0,,0,0,0,0,0,,,,,,0,0,0,0,0,0,0,0,0,0,0,0,0,0,0,0,0,0,0,0,0,,,SD,False
2026-07-30,,IM5,3,ONGOING,311 D Bezel Plug,,,0,800,0,7.777777777777778,35,0,0,,,,,,0,0,0,0,0,0,0,0,0,0,0,6400,0,0,0,0,0,0,0,ABS07-BK,0,,,ON,True
2026-07-30,,IM5,3,ONGOING,311 D Bezel Plug,,,0,800,0,7.777777777777778,35,0,0,,,,,,0,0,0,0,0,0,0,0,0,0,0,6400,0,0,0,0,0,0,0,ABS07-BK,0,,,ON,True
2026-07-30,,IM5,1,,311 D Bezel Plug,,,0,800,0,7.777777777777778,35,0,0,,,,,,0,0,0,0,0,0,0,0,0,0,0,6400,0,0,0,0,0,0,0,ABS07-BK,0,,,ON,True
2026-07-30,,IM5,1,,311 D Bezel Plug,,,0,800,0,7.777777777777778,35,0,0,,,,,,0,0,0,0,0,0,0,0,0,0,0,6400,0,0,0,0,0,0,0,ABS07-BK,0,,,ON,True
2026-07-30,,IM5,2,,311 D Bezel Plug,,,0,800,0,7.777777777777778,35,0,0,,,,,,0,0,0,0,0,0,0,0,0,0,0,6400,0,0,0,0,0,0,0,ABS07-BK,0,,,ON,True
2026-07-30,,IM5,2,,311 D Bezel Plug,,,0,800,0,7.777777777777778,35,0,0,,,,,,0,0,0,0,0,0,0,0,0,0,0,6400,0,0,0,0,0,0,0,ABS07-BK,0,,,ON,True
2026-07-30,,IM6,3,,SD,,,0,,0,0,0,0,0,,,,,,0,0,0,0,0,0,0,0,0,0,0,0,0,0,0,0,0,0,0,0,0,,,SD,False
2026-07-30,,IM6,1,,SD,,,0,,0,0,0,0,0,,,,,,0,0,0,0,0,0,0,0,0,0,0,0,0,0,0,0,0,0,0,0,0,,,SD,False
2026-07-30,,IM6,2,,SD,,,0,,0,0,0,0,0,,,,,,0,0,0,0,0,0,0,0,0,0,0,0,0,0,0,0,0,0,0,0,0,,,SD,False
2026-07-30,,IM7,3,,SD,,,0,,0,0,0,0,0,,,,,,0,0,0,0,0,0,0,0,0,0,0,0,0,0,0,0,0,0,0,0,0,,,SD,False
2026-07-30,,IM7,1,,SD,,,0,,0,0,0,0,0,,,,,,0,0,0,0,0,0,0,0,0,0,0,0,0,0,0,0,0,0,0,0,0,,,SD,False
2026-07-30,,IM7,2,,SD,,,0,,0,0,0,0,0,,,,,,0,0,0,0,0,0,0,0,0,0,0,0,0,0,0,0,0,0,0,0,0,,,SD,False
2026-07-30,,IM8,3,12:30AM,31CC Reflector Turn,,,TNL 620,500,50,5.555555555555555,40,0,8,,,,,,0,0,0,0,0,0,0,0,0,0,0,1000,0,0,0,0,0,0,0,PBT05-BK,0,,,ON,True
2026-07-30,,IM8,3,12:30AM,31CC Reflector Turn,,,TNL 620,500,50,5.555555555555555,40,0,8,,,,,,0,0,0,0,0,0,0,0,0,0,0,1000,0,0,0,0,0,0,0,PBT05-BK,0,,,ON,True
2026-07-30,,IM8,1,,31CC Reflector Turn,,,TNL 620,700,70,7.777777777777778,40,0,8,,,,,,0,0,0,0,0,0,0,0,0,0,0,1400,0,0,0,0,0,0,0,PBT05-BK,0,,,ON,True
2026-07-30,,IM8,1,,31CC Reflector Turn,,,TNL 620,700,70,7.777777777777778,40,0,8,,,,,,0,0,0,0,0,0,0,0,0,0,0,1400,0,0,0,0,0,0,0,PBT05-BK,0,,,ON,True
2026-07-30,,IM8,2,,31CC Reflector Turn,,,TNL 620,700,70,7.777777777777778,40,0,8,,,,,,0,0,0,0,0,0,0,0,0,0,0,1400,0,0,0,0,0,0,0,PBT05-BK,0,,,ON,True
2026-07-30,,IM8,2,,31CC Reflector Turn,,,TNL 620,700,70,7.777777777777778,40,0,8,,,,,,0,0,0,0,0,0,0,0,0,0,0,1400,0,0,0,0,0,0,0,PBT05-BK,0,,,ON,True
2026-07-30,,IM9,3,,SD,,,0,,0,0,0,0,0,,,,,,0,0,0,0,0,0,0,0,0,0,0,0,0,0,0,0,0,0,0,0,0,,,SD,False
2026-07-30,,IM9,1,,SD,,,0,,0,0,0,0,0,,,,,,0,0,0,0,0,0,0,0,0,0,0,0,0,0,0,0,0,0,0,0,0,,,SD,False
2026-07-30,,IM9,2,,SD,,,0,,0,0,0,0,0,,,,,,0,0,0,0,0,0,0,0,0,0,0,0,0,0,0,0,0,0,0,0,0,,,SD,False
2026-07-31,,IM1,3,,SD,,,0,,0,0,0,0,0,,,,,,0,0,0,0,0,0,0,0,0,0,0,0,0,0,0,0,0,0,0,0,0,,,SD,False
2026-07-31,,IM1,1,,SD,,,0,,0,0,0,0,0,,,,,,0,0,0,0,0,0,0,0,0,0,0,0,0,0,0,0,0,0,0,0,0,,,SD,False
2026-07-31,,IM1,2,,SD,,,0,,0,0,0,0,0,,,,,,0,0,0,0,0,0,0,0,0,0,0,0,0,0,0,0,0,0,0,0,0,,,SD,False
2026-07-31,,IM10,3,,SD,,,0,,0,0,0,0,0,,,,,,0,0,0,0,0,0,0,0,0,0,0,0,0,0,0,0,0,0,0,0,0,,,SD,False
2026-07-31,,IM10,1,,SD,,,0,,0,0,0,0,0,,,,,,0,0,0,0,0,0,0,0,0,0,0,0,0,0,0,0,0,0,0,0,0,,,SD,False
2026-07-31,,IM10,2,,SD,,,0,,0,0,0,0,0,,,,,,0,0,0,0,0,0,0,0,0,0,0,0,0,0,0,0,0,0,0,0,0,,,SD,False
2026-07-31,,IM11,3,,SD,,,0,,0,0,0,0,0,,,,,,0,0,0,0,0,0,0,0,0,0,0,0,0,0,0,0,0,0,0,0,0,,,SD,False
2026-07-31,,IM11,1,,SD,,,0,,0,0,0,0,0,,,,,,0,0,0,0,0,0,0,0,0,0,0,0,0,0,0,0,0,0,0,0,0,,,SD,False
2026-07-31,,IM11,2,,SD,,,0,,0,0,0,0,0,,,,,,0,0,0,0,0,0,0,0,0,0,0,0,0,0,0,0,0,0,0,0,0,,,SD,False
2026-07-31,,IM12,3,,SD,,,0,,0,0,0,0,0,,,,,,0,0,0,0,0,0,0,0,0,0,0,0,0,0,0,0,0,0,0,0,0,,,SD,False
2026-07-31,,IM12,1,,SD,,,0,,0,0,0,0,0,,,,,,0,0,0,0,0,0,0,0,0,0,0,0,0,0,0,0,0,0,0,0,0,,,SD,False
2026-07-31,,IM12,2,,SD,,,0,,0,0,0,0,0,,,,,,0,0,0,0,0,0,0,0,0,0,0,0,0,0,0,0,0,0,0,0,0,,,SD,False
2026-07-31,,IM14,3,,SD,,,0,,0,0,0,0,0,,,,,,0,0,0,0,0,0,0,0,0,0,0,0,0,0,0,0,0,0,0,0,0,,,SD,False
2026-07-31,,IM14,1,,SD,,,0,,0,0,0,0,0,,,,,,0,0,0,0,0,0,0,0,0,0,0,0,0,0,0,0,0,0,0,0,0,,,SD,False
2026-07-31,,IM14,2,,SD,,,0,,0,0,0,0,0,,,,,,0,0,0,0,0,0,0,0,0,0,0,0,0,0,0,0,0,0,0,0,0,,,SD,False
2026-07-31,,IM15,3,,SD,,,0,,0,0,0,0,0,,,,,,0,0,0,0,0,0,0,0,0,0,0,0,0,0,0,0,0,0,0,0,0,,,SD,False
2026-07-31,,IM15,1,,SD,,,0,,0,0,0,0,0,,,,,,0,0,0,0,0,0,0,0,0,0,0,0,0,0,0,0,0,0,0,0,0,,,SD,False
2026-07-31,,IM15,2,,SD,,,0,,0,0,0,0,0,,,,,,0,0,0,0,0,0,0,0,0,0,0,0,0,0,0,0,0,0,0,0,0,,,SD,False
2026-07-31,,IM16,3,,SD,,,0,,0,0,0,0,0,,,,,,0,0,0,0,0,0,0,0,0,0,0,0,0,0,0,0,0,0,0,0,0,,,SD,False
2026-07-31,,IM16,1,,SD,,,0,,0,0,0,0,0,,,,,,0,0,0,0,0,0,0,0,0,0,0,0,0,0,0,0,0,0,0,0,0,,,SD,False
2026-07-31,,IM16,2,,SD,,,0,,0,0,0,0,0,,,,,,0,0,0,0,0,0,0,0,0,0,0,0,0,0,0,0,0,0,0,0,0,,,SD,False
2026-07-31,,IM17,3,,SD,,,0,,0,0,0,0,0,,,,,,0,0,0,0,0,0,0,0,0,0,0,0,0,0,0,0,0,0,0,0,0,,,SD,False
2026-07-31,,IM17,1,,SD,,,0,,0,0,0,0,0,,,,,,0,0,0,0,0,0,0,0,0,0,0,0,0,0,0,0,0,0,0,0,0,,,SD,False
2026-07-31,,IM17,2,,SD,,,0,,0,0,0,0,0,,,,,,0,0,0,0,0,0,0,0,0,0,0,0,0,0,0,0,0,0,0,0,0,,,SD,False
2026-07-31,,IM18,3,,SD,,,0,,0,0,0,0,0,,,,,,0,0,0,0,0,0,0,0,0,0,0,0,0,0,0,0,0,0,0,0,0,,,SD,False
2026-07-31,,IM18,1,,SD,,,0,,0,0,0,0,0,,,,,,0,0,0,0,0,0,0,0,0,0,0,0,0,0,0,0,0,0,0,0,0,,,SD,False
2026-07-31,,IM18,2,,SD,,,0,,0,0,0,0,0,,,,,,0,0,0,0,0,0,0,0,0,0,0,0,0,0,0,0,0,0,0,0,0,,,SD,False
2026-07-31,,IM19,3,,SD,,,0,,0,0,0,0,0,,,,,,0,0,0,0,0,0,0,0,0,0,0,0,0,0,0,0,0,0,0,0,0,,,SD,False
2026-07-31,,IM19,1,,SD,,,0,,0,0,0,0,0,,,,,,0,0,0,0,0,0,0,0,0,0,0,0,0,0,0,0,0,0,0,0,0,,,SD,False
2026-07-31,,IM19,2,,SD,,,0,,0,0,0,0,0,,,,,,0,0,0,0,0,0,0,0,0,0,0,0,0,0,0,0,0,0,0,0,0,,,SD,False
2026-07-31,,IM2,3,,SD,,,0,,0,0,0,0,0,,,,,,0,0,0,0,0,0,0,0,0,0,0,0,0,0,0,0,0,0,0,0,0,,,SD,False
2026-07-31,,IM2,1,,SD,,,0,,0,0,0,0,0,,,,,,0,0,0,0,0,0,0,0,0,0,0,0,0,0,0,0,0,0,0,0,0,,,SD,False
2026-07-31,,IM2,2,,SD,,,0,,0,0,0,0,0,,,,,,0,0,0,0,0,0,0,0,0,0,0,0,0,0,0,0,0,0,0,0,0,,,SD,False
2026-07-31,,IM3,3,,SD,,,0,,0,0,0,0,0,,,,,,0,0,0,0,0,0,0,0,0,0,0,0,0,0,0,0,0,0,0,0,0,,,SD,False
2026-07-31,,IM3,1,,SD,,,0,,0,0,0,0,0,,,,,,0,0,0,0,0,0,0,0,0,0,0,0,0,0,0,0,0,0,0,0,0,,,SD,False
2026-07-31,,IM3,2,,SD,,,0,,0,0,0,0,0,,,,,,0,0,0,0,0,0,0,0,0,0,0,0,0,0,0,0,0,0,0,0,0,,,SD,False
2026-07-31,,IM4,3,,SD,,,0,,0,0,0,0,0,,,,,,0,0,0,0,0,0,0,0,0,0,0,0,0,0,0,0,0,0,0,0,0,,,SD,False
2026-07-31,,IM4,1,,SD,,,0,,0,0,0,0,0,,,,,,0,0,0,0,0,0,0,0,0,0,0,0,0,0,0,0,0,0,0,0,0,,,SD,False
2026-07-31,,IM4,2,,SD,,,0,,0,0,0,0,0,,,,,,0,0,0,0,0,0,0,0,0,0,0,0,0,0,0,0,0,0,0,0,0,,,SD,False
2026-07-31,,IM5,3,,SD,,,0,,0,0,0,0,0,,,,,,0,0,0,0,0,0,0,0,0,0,0,0,0,0,0,0,0,0,0,0,0,,,SD,False
2026-07-31,,IM5,1,,SD,,,0,,0,0,0,0,0,,,,,,0,0,0,0,0,0,0,0,0,0,0,0,0,0,0,0,0,0,0,0,0,,,SD,False
2026-07-31,,IM5,2,,SD,,,0,,0,0,0,0,0,,,,,,0,0,0,0,0,0,0,0,0,0,0,0,0,0,0,0,0,0,0,0,0,,,SD,False
2026-07-31,,IM6,3,,SD,,,0,,0,0,0,0,0,,,,,,0,0,0,0,0,0,0,0,0,0,0,0,0,0,0,0,0,0,0,0,0,,,SD,False
2026-07-31,,IM6,1,,SD,,,0,,0,0,0,0,0,,,,,,0,0,0,0,0,0,0,0,0,0,0,0,0,0,0,0,0,0,0,0,0,,,SD,False
2026-07-31,,IM6,2,,SD,,,0,,0,0,0,0,0,,,,,,0,0,0,0,0,0,0,0,0,0,0,0,0,0,0,0,0,0,0,0,0,,,SD,False
2026-07-31,,IM7,3,,SD,,,0,,0,0,0,0,0,,,,,,0,0,0,0,0,0,0,0,0,0,0,0,0,0,0,0,0,0,0,0,0,,,SD,False
2026-07-31,,IM7,1,,SD,,,0,,0,0,0,0,0,,,,,,0,0,0,0,0,0,0,0,0,0,0,0,0,0,0,0,0,0,0,0,0,,,SD,False
2026-07-31,,IM7,2,,SD,,,0,,0,0,0,0,0,,,,,,0,0,0,0,0,0,0,0,0,0,0,0,0,0,0,0,0,0,0,0,0,,,SD,False
2026-07-31,,IM8,3,,SD,,,0,,0,0,0,0,0,,,,,,0,0,0,0,0,0,0,0,0,0,0,0,0,0,0,0,0,0,0,0,0,,,SD,False
2026-07-31,,IM8,1,,SD,,,0,,0,0,0,0,0,,,,,,0,0,0,0,0,0,0,0,0,0,0,0,0,0,0,0,0,0,0,0,0,,,SD,False
2026-07-31,,IM8,2,,SD,,,0,,0,0,0,0,0,,,,,,0,0,0,0,0,0,0,0,0,0,0,0,0,0,0,0,0,0,0,0,0,,,SD,False
2026-07-31,,IM9,3,,SD,,,0,,0,0,0,0,0,,,,,,0,0,0,0,0,0,0,0,0,0,0,0,0,0,0,0,0,0,0,0,0,,,SD,False
2026-07-31,,IM9,1,,SD,,,0,,0,0,0,0,0,,,,,,0,0,0,0,0,0,0,0,0,0,0,0,0,0,0,0,0,0,0,0,0,,,SD,False
2026-07-31,,IM9,2,,SD,,,0,,0,0,0,0,0,,,,,,0,0,0,0,0,0,0,0,0,0,0,0,0,0,0,0,0,0,0,0,0,,,SD,False
2026-08-01,,IM1,3,,SD,,,0,,0,0,0,0,0,,,,,,0,0,0,0,0,0,0,0,0,0,0,0,0,0,0,0,0,0,0,0,0,,,SD,False
2026-08-01,,IM1,1,,SD,,,0,,0,0,0,0,0,,,,,,0,0,0,0,0,0,0,0,0,0,0,0,0,0,0,0,0,0,0,0,0,,,SD,False
2026-08-01,,IM1,2,,SD,,,0,,0,0,0,0,0,,,,,,0,0,0,0,0,0,0,0,0,0,0,0,0,0,0,0,0,0,0,0,0,,,SD,False
2026-08-01,,IM10,3,,SD,,,0,,0,0,0,0,0,,,,,,0,0,0,0,0,0,0,0,0,0,0,0,0,0,0,0,0,0,0,0,0,,,SD,False
2026-08-01,,IM10,1,,SD,,,0,,0,0,0,0,0,,,,,,0,0,0,0,0,0,0,0,0,0,0,0,0,0,0,0,0,0,0,0,0,,,SD,False
2026-08-01,,IM10,2,,SD,,,0,,0,0,0,0,0,,,,,,0,0,0,0,0,0,0,0,0,0,0,0,0,0,0,0,0,0,0,0,0,,,SD,False
2026-08-01,,IM11,3,,SD,,,0,,0,0,0,0,0,,,,,,0,0,0,0,0,0,0,0,0,0,0,0,0,0,0,0,0,0,0,0,0,,,SD,False
2026-08-01,,IM11,1,,SD,,,0,,0,0,0,0,0,,,,,,0,0,0,0,0,0,0,0,0,0,0,0,0,0,0,0,0,0,0,0,0,,,SD,False
2026-08-01,,IM11,2,,SD,,,0,,0,0,0,0,0,,,,,,0,0,0,0,0,0,0,0,0,0,0,0,0,0,0,0,0,0,0,0,0,,,SD,False
2026-08-01,,IM12,3,,SD,,,0,,0,0,0,0,0,,,,,,0,0,0,0,0,0,0,0,0,0,0,0,0,0,0,0,0,0,0,0,0,,,SD,False
2026-08-01,,IM12,1,,SD,,,0,,0,0,0,0,0,,,,,,0,0,0,0,0,0,0,0,0,0,0,0,0,0,0,0,0,0,0,0,0,,,SD,False
2026-08-01,,IM12,2,,SD,,,0,,0,0,0,0,0,,,,,,0,0,0,0,0,0,0,0,0,0,0,0,0,0,0,0,0,0,0,0,0,,,SD,False
2026-08-01,,IM14,3,,SD,,,0,,0,0,0,0,0,,,,,,0,0,0,0,0,0,0,0,0,0,0,0,0,0,0,0,0,0,0,0,0,,,SD,False
2026-08-01,,IM14,1,,SD,,,0,,0,0,0,0,0,,,,,,0,0,0,0,0,0,0,0,0,0,0,0,0,0,0,0,0,0,0,0,0,,,SD,False
2026-08-01,,IM14,2,,SD,,,0,,0,0,0,0,0,,,,,,0,0,0,0,0,0,0,0,0,0,0,0,0,0,0,0,0,0,0,0,0,,,SD,False
2026-08-01,,IM15,3,,SD,,,0,,0,0,0,0,0,,,,,,0,0,0,0,0,0,0,0,0,0,0,0,0,0,0,0,0,0,0,0,0,,,SD,False
2026-08-01,,IM15,1,,SD,,,0,,0,0,0,0,0,,,,,,0,0,0,0,0,0,0,0,0,0,0,0,0,0,0,0,0,0,0,0,0,,,SD,False
2026-08-01,,IM15,2,,SD,,,0,,0,0,0,0,0,,,,,,0,0,0,0,0,0,0,0,0,0,0,0,0,0,0,0,0,0,0,0,0,,,SD,False
2026-08-01,,IM16,3,,SD,,,0,,0,0,0,0,0,,,,,,0,0,0,0,0,0,0,0,0,0,0,0,0,0,0,0,0,0,0,0,0,,,SD,False
2026-08-01,,IM16,1,,SD,,,0,,0,0,0,0,0,,,,,,0,0,0,0,0,0,0,0,0,0,0,0,0,0,0,0,0,0,0,0,0,,,SD,False
2026-08-01,,IM16,2,,SD,,,0,,0,0,0,0,0,,,,,,0,0,0,0,0,0,0,0,0,0,0,0,0,0,0,0,0,0,0,0,0,,,SD,False
2026-08-01,,IM17,3,,SD,,,0,,0,0,0,0,0,,,,,,0,0,0,0,0,0,0,0,0,0,0,0,0,0,0,0,0,0,0,0,0,,,SD,False
2026-08-01,,IM17,1,,SD,,,0,,0,0,0,0,0,,,,,,0,0,0,0,0,0,0,0,0,0,0,0,0,0,0,0,0,0,0,0,0,,,SD,False
2026-08-01,,IM17,2,,SD,,,0,,0,0,0,0,0,,,,,,0,0,0,0,0,0,0,0,0,0,0,0,0,0,0,0,0,0,0,0,0,,,SD,False
2026-08-01,,IM18,3,,SD,,,0,,0,0,0,0,0,,,,,,0,0,0,0,0,0,0,0,0,0,0,0,0,0,0,0,0,0,0,0,0,,,SD,False
2026-08-01,,IM18,1,,SD,,,0,,0,0,0,0,0,,,,,,0,0,0,0,0,0,0,0,0,0,0,0,0,0,0,0,0,0,0,0,0,,,SD,False
2026-08-01,,IM18,2,,SD,,,0,,0,0,0,0,0,,,,,,0,0,0,0,0,0,0,0,0,0,0,0,0,0,0,0,0,0,0,0,0,,,SD,False
2026-08-01,,IM19,3,,SD,,,0,,0,0,0,0,0,,,,,,0,0,0,0,0,0,0,0,0,0,0,0,0,0,0,0,0,0,0,0,0,,,SD,False
2026-08-01,,IM19,1,,SD,,,0,,0,0,0,0,0,,,,,,0,0,0,0,0,0,0,0,0,0,0,0,0,0,0,0,0,0,0,0,0,,,SD,False
2026-08-01,,IM19,2,,SD,,,0,,0,0,0,0,0,,,,,,0,0,0,0,0,0,0,0,0,0,0,0,0,0,0,0,0,0,0,0,0,,,SD,False
2026-08-01,,IM2,3,,SD,,,0,,0,0,0,0,0,,,,,,0,0,0,0,0,0,0,0,0,0,0,0,0,0,0,0,0,0,0,0,0,,,SD,False
2026-08-01,,IM2,1,,SD,,,0,,0,0,0,0,0,,,,,,0,0,0,0,0,0,0,0,0,0,0,0,0,0,0,0,0,0,0,0,0,,,SD,False
2026-08-01,,IM2,2,,SD,,,0,,0,0,0,0,0,,,,,,0,0,0,0,0,0,0,0,0,0,0,0,0,0,0,0,0,0,0,0,0,,,SD,False
2026-08-01,,IM3,3,,SD,,,0,,0,0,0,0,0,,,,,,0,0,0,0,0,0,0,0,0,0,0,0,0,0,0,0,0,0,0,0,0,,,SD,False
2026-08-01,,IM3,1,,SD,,,0,,0,0,0,0,0,,,,,,0,0,0,0,0,0,0,0,0,0,0,0,0,0,0,0,0,0,0,0,0,,,SD,False
2026-08-01,,IM3,2,,SD,,,0,,0,0,0,0,0,,,,,,0,0,0,0,0,0,0,0,0,0,0,0,0,0,0,0,0,0,0,0,0,,,SD,False
2026-08-01,,IM4,3,,SD,,,0,,0,0,0,0,0,,,,,,0,0,0,0,0,0,0,0,0,0,0,0,0,0,0,0,0,0,0,0,0,,,SD,False
2026-08-01,,IM4,1,,SD,,,0,,0,0,0,0,0,,,,,,0,0,0,0,0,0,0,0,0,0,0,0,0,0,0,0,0,0,0,0,0,,,SD,False
2026-08-01,,IM4,2,,SD,,,0,,0,0,0,0,0,,,,,,0,0,0,0,0,0,0,0,0,0,0,0,0,0,0,0,0,0,0,0,0,,,SD,False
2026-08-01,,IM5,3,,SD,,,0,,0,0,0,0,0,,,,,,0,0,0,0,0,0,0,0,0,0,0,0,0,0,0,0,0,0,0,0,0,,,SD,False
2026-08-01,,IM5,1,,SD,,,0,,0,0,0,0,0,,,,,,0,0,0,0,0,0,0,0,0,0,0,0,0,0,0,0,0,0,0,0,0,,,SD,False
2026-08-01,,IM5,2,,SD,,,0,,0,0,0,0,0,,,,,,0,0,0,0,0,0,0,0,0,0,0,0,0,0,0,0,0,0,0,0,0,,,SD,False
2026-08-01,,IM6,3,,SD,,,0,,0,0,0,0,0,,,,,,0,0,0,0,0,0,0,0,0,0,0,0,0,0,0,0,0,0,0,0,0,,,SD,False
2026-08-01,,IM6,1,,SD,,,0,,0,0,0,0,0,,,,,,0,0,0,0,0,0,0,0,0,0,0,0,0,0,0,0,0,0,0,0,0,,,SD,False
2026-08-01,,IM6,2,,SD,,,0,,0,0,0,0,0,,,,,,0,0,0,0,0,0,0,0,0,0,0,0,0,0,0,0,0,0,0,0,0,,,SD,False
2026-08-01,,IM7,3,,SD,,,0,,0,0,0,0,0,,,,,,0,0,0,0,0,0,0,0,0,0,0,0,0,0,0,0,0,0,0,0,0,,,SD,False
2026-08-01,,IM7,1,,SD,,,0,,0,0,0,0,0,,,,,,0,0,0,0,0,0,0,0,0,0,0,0,0,0,0,0,0,0,0,0,0,,,SD,False
2026-08-01,,IM7,2,,SD,,,0,,0,0,0,0,0,,,,,,0,0,0,0,0,0,0,0,0,0,0,0,0,0,0,0,0,0,0,0,0,,,SD,False
2026-08-01,,IM8,3,,SD,,,0,,0,0,0,0,0,,,,,,0,0,0,0,0,0,0,0,0,0,0,0,0,0,0,0,0,0,0,0,0,,,SD,False
2026-08-01,,IM8,1,,SD,,,0,,0,0,0,0,0,,,,,,0,0,0,0,0,0,0,0,0,0,0,0,0,0,0,0,0,0,0,0,0,,,SD,False
2026-08-01,,IM8,2,,SD,,,0,,0,0,0,0,0,,,,,,0,0,0,0,0,0,0,0,0,0,0,0,0,0,0,0,0,0,0,0,0,,,SD,False
2026-08-01,,IM9,3,,SD,,,0,,0,0,0,0,0,,,,,,0,0,0,0,0,0,0,0,0,0,0,0,0,0,0,0,0,0,0,0,0,,,SD,False
2026-08-01,,IM9,1,,SD,,,0,,0,0,0,0,0,,,,,,0,0,0,0,0,0,0,0,0,0,0,0,0,0,0,0,0,0,0,0,0,,,SD,False
2026-08-01,,IM9,2,,SD,,,0,,0,0,0,0,0,,,,,,0,0,0,0,0,0,0,0,0,0,0,0,0,0,0,0,0,0,0,0,0,,,SD,False
2026-08-02,,IM1,3,,SD,,,0,,0,0,0,0,0,,,,,,0,0,0,0,0,0,0,0,0,0,0,0,0,0,0,0,0,0,0,0,0,,,SD,False
2026-08-02,,IM1,1,,SD,,,0,,0,0,0,0,0,,,,,,0,0,0,0,0,0,0,0,0,0,0,0,0,0,0,0,0,0,0,0,0,,,SD,False
2026-08-02,,IM1,2,,SD,,,0,,0,0,0,0,0,,,,,,0,0,0,0,0,0,0,0,0,0,0,0,0,0,0,0,0,0,0,0,0,,,SD,False
2026-08-02,,IM10,3,,SD,,,0,,0,0,0,0,0,,,,,,0,0,0,0,0,0,0,0,0,0,0,0,0,0,0,0,0,0,0,0,0,,,SD,False
2026-08-02,,IM10,1,,SD,,,0,,0,0,0,0,0,,,,,,0,0,0,0,0,0,0,0,0,0,0,0,0,0,0,0,0,0,0,0,0,,,SD,False
2026-08-02,,IM10,2,,SD,,,0,,0,0,0,0,0,,,,,,0,0,0,0,0,0,0,0,0,0,0,0,0,0,0,0,0,0,0,0,0,,,SD,False
2026-08-02,,IM11,3,,SD,,,0,,0,0,0,0,0,,,,,,0,0,0,0,0,0,0,0,0,0,0,0,0,0,0,0,0,0,0,0,0,,,SD,False
2026-08-02,,IM11,1,,SD,,,0,,0,0,0,0,0,,,,,,0,0,0,0,0,0,0,0,0,0,0,0,0,0,0,0,0,0,0,0,0,,,SD,False
2026-08-02,,IM11,2,,SD,,,0,,0,0,0,0,0,,,,,,0,0,0,0,0,0,0,0,0,0,0,0,0,0,0,0,0,0,0,0,0,,,SD,False
2026-08-02,,IM12,3,,SD,,,0,,0,0,0,0,0,,,,,,0,0,0,0,0,0,0,0,0,0,0,0,0,0,0,0,0,0,0,0,0,,,SD,False
2026-08-02,,IM12,1,,SD,,,0,,0,0,0,0,0,,,,,,0,0,0,0,0,0,0,0,0,0,0,0,0,0,0,0,0,0,0,0,0,,,SD,False
2026-08-02,,IM12,2,,SD,,,0,,0,0,0,0,0,,,,,,0,0,0,0,0,0,0,0,0,0,0,0,0,0,0,0,0,0,0,0,0,,,SD,False
2026-08-02,,IM14,3,,SD,,,0,,0,0,0,0,0,,,,,,0,0,0,0,0,0,0,0,0,0,0,0,0,0,0,0,0,0,0,0,0,,,SD,False
2026-08-02,,IM14,1,,SD,,,0,,0,0,0,0,0,,,,,,0,0,0,0,0,0,0,0,0,0,0,0,0,0,0,0,0,0,0,0,0,,,SD,False
2026-08-02,,IM14,2,,SD,,,0,,0,0,0,0,0,,,,,,0,0,0,0,0,0,0,0,0,0,0,0,0,0,0,0,0,0,0,0,0,,,SD,False
2026-08-02,,IM15,3,,SD,,,0,,0,0,0,0,0,,,,,,0,0,0,0,0,0,0,0,0,0,0,0,0,0,0,0,0,0,0,0,0,,,SD,False
2026-08-02,,IM15,1,,SD,,,0,,0,0,0,0,0,,,,,,0,0,0,0,0,0,0,0,0,0,0,0,0,0,0,0,0,0,0,0,0,,,SD,False
2026-08-02,,IM15,2,,SD,,,0,,0,0,0,0,0,,,,,,0,0,0,0,0,0,0,0,0,0,0,0,0,0,0,0,0,0,0,0,0,,,SD,False
2026-08-02,,IM16,3,,SD,,,0,,0,0,0,0,0,,,,,,0,0,0,0,0,0,0,0,0,0,0,0,0,0,0,0,0,0,0,0,0,,,SD,False
2026-08-02,,IM16,1,,SD,,,0,,0,0,0,0,0,,,,,,0,0,0,0,0,0,0,0,0,0,0,0,0,0,0,0,0,0,0,0,0,,,SD,False
2026-08-02,,IM16,2,,SD,,,0,,0,0,0,0,0,,,,,,0,0,0,0,0,0,0,0,0,0,0,0,0,0,0,0,0,0,0,0,0,,,SD,False
2026-08-02,,IM17,3,,SD,,,0,,0,0,0,0,0,,,,,,0,0,0,0,0,0,0,0,0,0,0,0,0,0,0,0,0,0,0,0,0,,,SD,False
2026-08-02,,IM17,1,,SD,,,0,,0,0,0,0,0,,,,,,0,0,0,0,0,0,0,0,0,0,0,0,0,0,0,0,0,0,0,0,0,,,SD,False
2026-08-02,,IM17,2,,SD,,,0,,0,0,0,0,0,,,,,,0,0,0,0,0,0,0,0,0,0,0,0,0,0,0,0,0,0,0,0,0,,,SD,False
2026-08-02,,IM18,3,,SD,,,0,,0,0,0,0,0,,,,,,0,0,0,0,0,0,0,0,0,0,0,0,0,0,0,0,0,0,0,0,0,,,SD,False
2026-08-02,,IM18,1,,SD,,,0,,0,0,0,0,0,,,,,,0,0,0,0,0,0,0,0,0,0,0,0,0,0,0,0,0,0,0,0,0,,,SD,False
2026-08-02,,IM18,2,,SD,,,0,,0,0,0,0,0,,,,,,0,0,0,0,0,0,0,0,0,0,0,0,0,0,0,0,0,0,0,0,0,,,SD,False
2026-08-02,,IM19,3,,SD,,,0,,0,0,0,0,0,,,,,,0,0,0,0,0,0,0,0,0,0,0,0,0,0,0,0,0,0,0,0,0,,,SD,False
2026-08-02,,IM19,1,,SD,,,0,,0,0,0,0,0,,,,,,0,0,0,0,0,0,0,0,0,0,0,0,0,0,0,0,0,0,0,0,0,,,SD,False
2026-08-02,,IM19,2,,SD,,,0,,0,0,0,0,0,,,,,,0,0,0,0,0,0,0,0,0,0,0,0,0,0,0,0,0,0,0,0,0,,,SD,False
2026-08-02,,IM2,3,,SD,,,0,,0,0,0,0,0,,,,,,0,0,0,0,0,0,0,0,0,0,0,0,0,0,0,0,0,0,0,0,0,,,SD,False
2026-08-02,,IM2,1,,SD,,,0,,0,0,0,0,0,,,,,,0,0,0,0,0,0,0,0,0,0,0,0,0,0,0,0,0,0,0,0,0,,,SD,False
2026-08-02,,IM2,2,,SD,,,0,,0,0,0,0,0,,,,,,0,0,0,0,0,0,0,0,0,0,0,0,0,0,0,0,0,0,0,0,0,,,SD,False
2026-08-02,,IM3,3,,SD,,,0,,0,0,0,0,0,,,,,,0,0,0,0,0,0,0,0,0,0,0,0,0,0,0,0,0,0,0,0,0,,,SD,False
2026-08-02,,IM3,1,,SD,,,0,,0,0,0,0,0,,,,,,0,0,0,0,0,0,0,0,0,0,0,0,0,0,0,0,0,0,0,0,0,,,SD,False
2026-08-02,,IM3,2,,SD,,,0,,0,0,0,0,0,,,,,,0,0,0,0,0,0,0,0,0,0,0,0,0,0,0,0,0,0,0,0,0,,,SD,False
2026-08-02,,IM4,3,,SD,,,0,,0,0,0,0,0,,,,,,0,0,0,0,0,0,0,0,0,0,0,0,0,0,0,0,0,0,0,0,0,,,SD,False
2026-08-02,,IM4,1,,SD,,,0,,0,0,0,0,0,,,,,,0,0,0,0,0,0,0,0,0,0,0,0,0,0,0,0,0,0,0,0,0,,,SD,False
2026-08-02,,IM4,2,,SD,,,0,,0,0,0,0,0,,,,,,0,0,0,0,0,0,0,0,0,0,0,0,0,0,0,0,0,0,0,0,0,,,SD,False
2026-08-02,,IM5,3,,SD,,,0,,0,0,0,0,0,,,,,,0,0,0,0,0,0,0,0,0,0,0,0,0,0,0,0,0,0,0,0,0,,,SD,False
2026-08-02,,IM5,1,,SD,,,0,,0,0,0,0,0,,,,,,0,0,0,0,0,0,0,0,0,0,0,0,0,0,0,0,0,0,0,0,0,,,SD,False
2026-08-02,,IM5,2,,SD,,,0,,0,0,0,0,0,,,,,,0,0,0,0,0,0,0,0,0,0,0,0,0,0,0,0,0,0,0,0,0,,,SD,False
2026-08-02,,IM6,3,,SD,,,0,,0,0,0,0,0,,,,,,0,0,0,0,0,0,0,0,0,0,0,0,0,0,0,0,0,0,0,0,0,,,SD,False
2026-08-02,,IM6,1,,SD,,,0,,0,0,0,0,0,,,,,,0,0,0,0,0,0,0,0,0,0,0,0,0,0,0,0,0,0,0,0,0,,,SD,False
2026-08-02,,IM6,2,,SD,,,0,,0,0,0,0,0,,,,,,0,0,0,0,0,0,0,0,0,0,0,0,0,0,0,0,0,0,0,0,0,,,SD,False
2026-08-02,,IM7,3,,SD,,,0,,0,0,0,0,0,,,,,,0,0,0,0,0,0,0,0,0,0,0,0,0,0,0,0,0,0,0,0,0,,,SD,False
2026-08-02,,IM7,1,,SD,,,0,,0,0,0,0,0,,,,,,0,0,0,0,0,0,0,0,0,0,0,0,0,0,0,0,0,0,0,0,0,,,SD,False
2026-08-02,,IM7,2,,SD,,,0,,0,0,0,0,0,,,,,,0,0,0,0,0,0,0,0,0,0,0,0,0,0,0,0,0,0,0,0,0,,,SD,False
2026-08-02,,IM8,3,,SD,,,0,,0,0,0,0,0,,,,,,0,0,0,0,0,0,0,0,0,0,0,0,0,0,0,0,0,0,0,0,0,,,SD,False
2026-08-02,,IM8,1,,SD,,,0,,0,0,0,0,0,,,,,,0,0,0,0,0,0,0,0,0,0,0,0,0,0,0,0,0,0,0,0,0,,,SD,False
2026-08-02,,IM8,2,,SD,,,0,,0,0,0,0,0,,,,,,0,0,0,0,0,0,0,0,0,0,0,0,0,0,0,0,0,0,0,0,0,,,SD,False
2026-08-02,,IM9,3,,SD,,,0,,0,0,0,0,0,,,,,,0,0,0,0,0,0,0,0,0,0,0,0,0,0,0,0,0,0,0,0,0,,,SD,False
2026-08-02,,IM9,1,,SD,,,0,,0,0,0,0,0,,,,,,0,0,0,0,0,0,0,0,0,0,0,0,0,0,0,0,0,0,0,0,0,,,SD,False
2026-08-02,,IM9,2,,SD,,,0,,0,0,0,0,0,,,,,,0,0,0,0,0,0,0,0,0,0,0,0,0,0,0,0,0,0,0,0,0,,,SD,False
2026-08-03,,IM1,3,00:30:00,NQ5A Bumper Brkt O/B,1126184,,0,500,0,,,1.8942222222222223,0,,,42.62,3a,160,0,0,0,0,,1.0140778977006102,0,0,0.0757688888888889,,,0,0,0,0.32,0,0,0,0,PAM02-BK,0,,,ON,False
2026-08-03,,IM1,1,,NQ5A Bumper Brkt O/B,,,0,600,0,,,7.932055555555555,0,,,42.62,,670,0,0,0,0,,1.0140778977006102,0,0,1.1071827546296296,,,0,0,0,1.1166666666666667,0,0,0,0,PAM02-BK,0,,,ON,False
2026-08-03,,IM1,2,,NQ5A Bumper Brkt O/B,,,0,600,0,,,8.654824999999999,0,,,35.69,,873,0,0,0,0,,1.210983468758756,0,0,1.5740962968749999,,,0,0,0,1.455,0,0,0,0,PAM02-BK,0,,,ON,False
2026-08-03,,IM10,3,MIDNIGHT,GC7 CHL HG Bracket A,1125920,,0,800,53.333333333333336,,,0,0,,Issues with EOAT and processing.,,,,0,0,0,0,0,0,0,0,0,0,0,0,0,0,0,0,0,0,0,PAM01-BK,0,,,ON,False
2026-08-03,,IM10,1,,T90A BUL HSG,1126291,,0,600,85.71428571428571,,,0,0,,,,,,0,0,0,0,0,0,0,0,1.2115550347222224,0,0,0,0,0,0,0,0,0,0,ASA01-BK,0,,,ON,True
2026-08-03,,IM10,1,,GC7 CHL HG Bracket A,,,0,,0,,,7.006583333333334,0,,,30.39,4a,830,0,0,0,0,,0.9213557091148404,0,0,3.1679853154761908,,,0,0,0,830,0,0,0,0,PAM01-BK,0,,,ON,True
2026-08-03,,IM10,2,,T90A BUL HSG,,,0,700,100,,,5.719899999999999,0,,,36.51,315p,564,0,0,0,0,,1.0408107367844426,0,0,0.5760756428571427,,,0,0,0,0.8057142857142857,0,0,0,0,ASA01-BK,0,,,ON,False
2026-08-03,,IM11,3,02:30:00,NQ5A Bumper Brkt I/B #1,1127302,,0,400,0,,,2.335777777777778,0,,,36.56,245a,230,0,0,0,0,,1.1963894967177242,0,0,0.1678840277777778,,,0,0,0,0.575,0,0,0,0,PAM02-BK,0,,,ON,False
2026-08-03,,IM11,1,,NQ5A Bumper Brkt I/B #1,,,0,600,0,,,6.093333333333334,0,,,36.56,,600,0,0,0,0,,1.1963894967177242,0,0,0.7616666666666667,,,0,0,0,1,0,0,0,0,PAM02-BK,0,,,ON,False
2026-08-03,,IM11,2,,NQ5A Bumper Brkt I/B #1,,,0,600,0,,,9.495444444444445,0,,,36.56,,935,0,0,0,0,,1.1963894967177242,0,0,1.8496334490740742,,,0,0,0,1.5583333333333333,0,0,0,0,PAM02-BK,0,,,ON,False
2026-08-03,,IM12,3,03:00:00,550B RCL-LED Base SAE,1125832,,0,400,18.181818181818183,,,2.6406666666666667,0,,,27.96,230a,340,0,0,0,0,,1.0729613733905579,0,0,0.2805708333333333,,,0,0,0,0.85,0,0,0,0,PP025-BK,0,,,ON,False
2026-08-03,,IM12,1,,550B RCL-LED Base SAE,,,0,900,40.90909090909091,,,6.485166666666667,0,,,27.96,,835,0,0,0,0,,1.0729613733905579,0,0,0.7520991898148149,,,0,0,0,0.9277777777777778,0,0,0,0,PP025-BK,0,,,ON,False
2026-08-03,,IM12,2,,550B RCL-LED Base SAE,,,0,800,36.36363636363637,,,7.261833333333334,0,,,27.96,,935,0,0,0,0,,1.0729613733905579,0,0,1.0609084635416668,,,0,0,0,1.16875,0,0,0,0,PP025-BK,0,,,ON,False
2026-08-03,,IM14,3,03:30:00,L42P(2) HL  Inner Lens B,1127049,,0,200,0,,,2.9322222222222223,0,,,37.7,230a,280,0,0,0,0,,1.273209549071618,0,0,0.5131388888888889,,,0,0,0,1.4,0,0,0,0,PC030-NC,0,,,ON,False
2026-08-03,,IM14,1,,L42P(2) HL  Inner Lens B,,,0,500,0,,,8.626822222222222,0,,,37.69,,824,0,0,0,0,,1.2735473600424516,0,0,1.7771253777777776,,,0,0,0,1.648,0,0,0,0,PC030-NC,0,,,ON,False
2026-08-03,,IM14,2,,L42P(2) HL  Inner Lens B,,,0,500,0,,,5.6275916666666665,0,,,37.31,,543,0,0,0,0,,1.2865183596890912,0,0,0.76394556875,,,0,0,0,1.086,0,0,0,0,PC030-NC,0,,,ON,False
2026-08-03,,IM15,3,01:15:00,U625 REFLEX REFLECTOR,1095757,,0,700,0,,,4.143833333333333,0,,,31.74,1a,470,0,0,0,0,,1.0396975425330814,0,0,0.3477860119047619,,,0,0,0,0.6714285714285714,0,0,0,0,PMMA01-AM,0,,,ON,False
2026-08-03,,IM15,1,,U625 REFLEX REFLECTOR,,,0,800,0,,,6.660777777777779,0,,,31.76,,755,0,0,0,0,,1.0390428211586902,0,0,0.7857636284722223,,,0,0,0,0.94375,0,0,0,0,PMMA01-AM,0,,,ON,False
2026-08-03,,IM15,2,,U625 REFLEX REFLECTOR,,,0,,0,,,3.9082444444444446,0,,,31.76,,443,0,0,0,0,,1.0390428211586902,0,0,0,,,0,0,0,443,0,0,0,0,PMMA01-AM,0,,,ON,False
2026-08-03,,IM16,3,,SD,,,0,,0,0,0,0,0,,,,,,0,0,0,0,0,0,0,0,0,0,0,0,0,0,0,0,0,0,0,0,0,,,SD,False
2026-08-03,,IM16,1,,SD,,,0,,0,0,0,0,0,,,,,,0,0,0,0,0,0,0,0,0,0,0,0,0,0,0,0,0,0,0,0,0,,,SD,False
2026-08-03,,IM16,2,,SD,,,0,,0,0,0,0,0,,,,,,0,0,0,0,0,0,0,0,0,0,0,0,0,0,0,0,0,0,0,0,0,,,SD,False
2026-08-03,,IM17,3,,SD,,,0,,0,0,0,0,0,,,,,,0,0,0,0,0,0,0,0,0,0,0,0,0,0,0,0,0,0,0,0,0,,,SD,False
2026-08-03,,IM17,1,,SD,,,0,,0,0,0,0,0,,,,,,0,0,0,0,0,0,0,0,0,0,0,0,0,0,0,0,0,0,0,0,0,,,SD,False
2026-08-03,,IM17,2,,SD,,,0,,0,0,0,0,0,,,,,,0,0,0,0,0,0,0,0,0,0,0,0,0,0,0,0,0,0,0,0,0,,,SD,False
2026-08-03,,IM18,3,,SD,,,0,,0,0,0,0,0,,,,,,0,0,0,0,0,0,0,0,0,0,0,0,0,0,0,0,0,0,0,0,0,,,SD,False
2026-08-03,,IM18,1,,SD,,,0,,0,0,0,0,0,,,,,,0,0,0,0,0,0,0,0,0,0,0,0,0,0,0,0,0,0,0,0,0,,,SD,False
2026-08-03,,IM18,2,,SD,,,0,,0,0,0,0,0,,,,,,0,0,0,0,0,0,0,0,0,0,0,0,0,0,0,0,0,0,0,0,0,,,SD,False
2026-08-03,,IM19,3,,SD,,,0,,0,0,0,0,0,,,,,,0,0,0,0,0,0,0,0,0,0,0,0,0,0,0,0,0,0,0,0,0,,,SD,False
2026-08-03,,IM19,1,,SD,,,0,,0,0,0,0,0,,,,,,0,0,0,0,0,0,0,0,0,0,0,0,0,0,0,0,0,0,0,0,0,,,SD,False
2026-08-03,,IM19,2,,SD,,,0,,0,0,0,0,0,,,,,,0,0,0,0,0,0,0,0,0,0,0,0,0,0,0,0,0,0,0,0,0,,,SD,False
2026-08-03,,IM2,3,01:00:00,550B CHL HG Cover A,1126908,,0,600,85.71428571428571,,,4.332816666666667,0,,,29.21,1230a,534,0,0,0,0,,1.0270455323519343,0,0,0.48202585416666677,,,0,0,0,0.89,0,0,0,0,PC012-BK,0,,,ON,False
2026-08-03,,IM2,1,,550B CHL HG Cover A,,,0,900,128.57142857142858,,,6.8237805555555555,0,,,29.21,,841,0,0,0,0,,1.0270455323519343,0,0,0.7970554787808642,,,0,0,0,0.9344444444444444,0,0,0,0,PC012-BK,0,,,ON,False
2026-08-03,,IM2,2,,550B CHL HG Cover A,,,0,800,114.28571428571429,,,5.768974999999999,0,,,29.21,,711,0,0,0,0,,1.0270455323519343,0,0,0.64089706640625,,,0,0,0,0.88875,0,0,0,0,PC012-BK,0,,,ON,False
2026-08-03,,IM3,3,23:00:00,TG7X BUL Refl,1125580,,0,200,50,,,1.72095,0,,,32.78,2a,189,0,0,0,0,,0.9456985967053081,0,0,0.20328721875,,,0,0,0,0.945,0,0,0,0,PC001-GY,0,,,ON,False
2026-08-03,,IM3,1,07:00:00,L42L-M BUL REF,1125414,,0,200,13.333333333333334,,,1.9116666666666666,0,,,31,10a,222,0,0,0,0,,1.1612903225806452,0,0,0.26524375,,,0,0,0,1.11,0,0,0,0,PC010-GY,0,,,ON,False
2026-08-03,,IM3,2,15:00:00,L42P(2) HL Reflector A,1127285,,0,700,0,,,4.459999999999999,0,,,36,430p,446,0,0,0,0,,1.0555555555555556,0,0,0.7593867738095237,,,0,0,0,0.6371428571428571,0,0,0,0,PC001-GY,0,,,ON,True
2026-08-03,,IM3,2,,P42J-M Ref B ECE,,,0,,0,,,1.9061166666666665,0,,no process havinjg issues getting parts to feel out.,30.91,130p,222,0,0,0,0,,1.2293756065998058,0,0,0.5166727213541666,,,0,0,0,222,0,0,0,0,PC012-BK,0,,,ON,True
2026-08-03,,IM4,3,23:15:00,T90A RCL INNER LENS B,1125580,,0,800,66.66666666666667,,,3.3509666666666664,0,,,29.64,1a,407,0,0,0,0,,1.1133603238866396,0,0,0.21310053645833332,,,0,0,0,0.50875,0,0,0,0,PC011-NC,0,,,ON,False
2026-08-03,,IM4,1,,T90A RCL INNER LENS B,,,0,800,66.66666666666667,,,3.2933333333333334,0,,No pack.,29.64,,400,0,0,0,0,,1.1133603238866396,0,0,0.20583333333333337,,,0,0,0,0.5,0,0,0,0,PC011-NC,0,,,ON,False
2026-08-03,,IM4,2,,SD,,,0,,0,0,0,0,0,,,,,,0,0,0,0,0,0,0,0,0,0,0,0,0,0,0,0,0,0,0,0,0,,,SD,False
2026-08-03,,IM5,3,01:30:00,NQ5A Bumper Brkt I/B #2,924307,,0,400,0,,,4.217625000000001,0,,,37.49,1230a,405,0,0,0,0,,1.1597759402507335,0,0,0.5337931640625001,,,0,0,0,1.0125,0,0,0,0,PAM02-BK,0,,,ON,False
2026-08-03,,IM5,1,,NQ5A Bumper Brkt I/B #2,,,0,600,0,,,7.966625000000001,0,,,37.49,,765,0,0,0,0,,1.1597759402507335,0,0,1.2696808593750002,,,0,0,0,1.275,0,0,0,0,PAM02-BK,0,,,ON,False
2026-08-03,,IM5,2,,NQ5A Bumper Brkt I/B #2,,,0,600,0,,,8.435250000000002,0,,,37.49,,810,0,0,0,0,,1.1597759402507335,0,0,1.4234484375000003,,,0,0,0,1.35,0,0,0,0,PAM02-BK,0,,,ON,False
2026-08-03,,IM6,3,02:00:00,550B BUL-LED Shade,1125761,,0,500,76.92307692307692,,,1.8090000000000002,0,,,24.12,330a,270,0,0,0,0,,1.1608623548922057,0,0,0.12210750000000002,,,0,0,0,0.54,0,0,0,0,PC018-BK,0,,,ON,False
2026-08-03,,IM6,1,,550B BUL-LED Shade,,,0,900,138.46153846153845,,,7.473694444444445,0,,,23.81,,1130,0,0,0,0,,1.1759764804703907,0,0,1.1729548225308641,,,0,0,0,1.2555555555555555,0,0,0,0,PC018-BK,0,,,ON,False
2026-08-03,,IM6,2,,550B BUL-LED Shade,,,0,800,123.07692307692308,,,8.428275000000001,0,,,23.91,,1269,0,0,0,0,,1.1710581346716855,0,0,1.6711689023437504,,,0,0,0,1.58625,0,0,0,0,PC018-BK,0,,,ON,False
2026-08-03,,IM7,3,23:30:00,31CC Reflector Turn,1126903,,0,600,60,,,4.455,0,,,33,12a,486,0,0,0,0,,1.2121212121212122,0,0,0.45106875,,,0,0,0,0.81,0,0,0,0,PBT05-BK,0,,,ON,False
2026-08-03,,IM7,1,08:00:00,150B SPL Housing,1125682,,0,500,100,,,3.6661805555555556,0,,,40.61,830a,325,0,0,0,0,,1.108101452844127,0,0,0.5503252430555554,,,0,0,0,0.65,0,0,0,0,PC001-GY,0,,,ON,True
2026-08-03,,IM7,1,,31CC Reflector Turn,,,0,,0,,,1.1825,0,,,33,ongoing,129,0,0,0,0,,1.2121212121212122,0,0,1.552346354166667,,,0,0,0,129,0,0,0,0,PBT05-BK,0,,,ON,True
2026-08-03,,IM7,2,,150B SPL Housing,,,0,600,120,,,7.849333333333334,0,,,40.6,,696,0,0,0,0,,1.108374384236453,0,0,1.1381533333333334,,,0,0,0,1.16,0,0,0,0,PC001-GY,0,,,ON,False
2026-08-03,,IM8,3,00:15:00,P33A FCL Base C,1123790,,0,500,0,,,2.6486666666666663,0,,Pause no pack,34.8,1130p,274,0,0,0,0,,1.3505747126436782,0,0,0.18143366666666666,,,0,0,0,0.548,0,0,0,0,PC017-WT,0,,,ON,False
2026-08-03,,IM8,1,,P33A FCL Base C,,,0,500,0,,,0,0,,No pack,34.8,,,0,0,0,0,0,1.3505747126436782,0,0,0,0,0,0,0,0,0,0,0,0,0,PC017-WT,0,,,ON,False
2026-08-03,,IM8,2,,P33A FCL Base C,,,0,500,0,,,7.54,0,,Issues with discolor.,34.8,1215p,780,0,0,0,0,,1.3505747126436782,0,0,1.4703,,,0,0,0,1.56,0,0,0,0,PC017-WT,0,,,ON,False
2026-08-03,,IM9,3,,SD,,,0,,0,0,0,0,0,,,,,,0,0,0,0,0,0,0,0,0,0,0,0,0,0,0,0,0,0,0,0,0,,,SD,False
2026-08-03,,IM9,1,,SD,,,0,,0,0,0,0,0,,,,,,0,0,0,0,0,0,0,0,0,0,0,0,0,0,0,0,0,0,0,0,0,,,SD,False
2026-08-03,,IM9,2,,SD,,,0,,0,0,0,0,0,,,,,,0,0,0,0,0,0,0,0,0,0,0,0,0,0,0,0,0,0,0,0,0,,,SD,False
2026-08-04,,IM1,3,ONGOING,NQ5A Bumper Brkt O/B,1130427,,0,650,0,,,8.034202777777777,0,,,36.29,ongoing,797,0,0,0,0,,1.1909616974373105,0,0,1.231396079594017,,,0,0,0,1.2261538461538461,0,0,0,0,PAM02-BK,0,,,ON,False
2026-08-04,,IM1,1,,NQ5A Bumper Brkt O/B,,,0,650,0,,,8.31875,0,,,36.3,,825,0,0,0,0,,1.190633608815427,0,0,1.3198016826923078,,,0,0,0,1.2692307692307692,0,0,0,0,PAM02-BK,0,,,ON,False
2026-08-04,,IM1,2,,NQ5A Bumper Brkt O/B,,,3802,650,0,5.055555555555555,28,6.070166666666666,1.9298333333333337,,,36.3,,602,602,602,0,0,0,1.190633608815427,0.7713498622589532,464.3526170798898,0.7027385256410256,0.8367041068376068,0.5420572649572649,1300,1204,1204,0.9261538461538461,0.9261538461538461,0,0,66.3404,PAM02-BK,0,,,ON,False
2026-08-04,,IM10,3,ONGOING,T90A BUL HSG,1126291,,M03562,700,100,9.333333333333334,48,5.139008333333334,2.860991666666666,,No pack.,36.49,ongoing,507,507,507,0,0,0,1.0413812003288572,1.3154288846259248,666.9224445053438,0.46526379017857145,0.4845169642857143,0.6120214285714285,1400,1014,1014,0.7242857142857143,0.7242857142857143,1060.644,0,383.29200000000003,ASA01-BK,0,,,ON,False
2026-08-04,,IM10,1,,T90A BUL HSG,,,M05201,,0,0,45,2.1285833333333333,5.871416666666667,,No pack.,36.49,1030a,210,210,210,0,0,0,1.0413812003288572,1.2332145793368046,258.97506166072895,0,0,0,0,420,420,210,210,439.32,0,158.76,ASA01-BK,0,,,ON,False
2026-08-04,,IM10,2,,SD,,,M05201,,0,0,0,0,8,,,,,,0,0,0,0,0,0,0,0,0,0,0,0,0,0,0,0,0,0,0,0,0,,,SD,False
2026-08-04,,IM11,3,ONGOING,NQ5A Bumper Brkt I/B #1,1127302,,694,600,0,9.018333333333333,54.11,7.8892500000000005,0.11074999999999946,,,36.18,ongoing,785,1570,1570,0,0,0,1.2089552238805972,1.4955776672194583,1174.0284687672747,1.29022109375,1.5598195312500003,1.9296258535879631,2400,3140,3140,1.3083333333333333,1.3083333333333333,0,0,304.894,PAM02-BK,0,,,ON,False
2026-08-04,,IM11,1,,NQ5A Bumper Brkt I/B #1,,,697,600,0,11.008333333333333,66.05,8.241,-0.24099999999999966,,,36.18,,820,1640,1640,0,0,0,1.2089552238805972,1.8255942509673853,1496.987285793256,1.4078375,1.7020125000000004,2.5701400462962964,2400,3280,3280,1.3666666666666667,1.3666666666666667,0,0,318.488,PAM02-BK,0,,,ON,False
2026-08-04,,IM11,2,4:00PM,01OB Bezel Plug,1130429,,0,700,18.666666666666668,,,6.679999999999999,0,,,36,215p,668,0,0,0,0,,0.9722222222222222,0,0,0.7968285714285712,,,0,0,0,0.9542857142857143,0,0,0,0,ABS07-BK,0,,,ON,False
2026-08-04,,IM12,3,,SD,,,0,,0,0,0,0,0,,,,,,0,0,0,0,0,0,0,0,0,0,0,0,0,0,0,0,0,0,0,0,0,,,SD,False
2026-08-04,,IM12,1,,SD,,,0,,0,0,0,0,0,,,,,,0,0,0,0,0,0,0,0,0,0,0,0,0,0,0,0,0,0,0,0,0,,,SD,False
2026-08-04,,IM12,2,,SD,,,0,,0,0,0,0,0,,,,,,0,0,0,0,0,0,0,0,0,0,0,0,0,0,0,0,0,0,0,0,0,,,SD,False
2026-08-04,,IM14,3,1:30AM,T90A CHL EXTENSION B,1131145,,MO6519,500,33.333333333333336,4.722222222222222,34,5.133597222222222,2.866402777777778,,,33.91,12a,545,545,545,0,0,0,1.0026540843409024,1.0026540843409024,546.4464759657918,0.6994526215277778,0.7013090277777778,0.7013090277777778,1000,1090,1090,1.09,1.09,473.06,0,161.32,PC003-BK,0,,,ON,False
2026-08-04,,IM14,1,,T90A CHL EXTENSION B,,,MO6519,800,53.333333333333336,7.555555555555555,34,8.053625,-0.053625000000000256,,,33.91,,855,855,855,0,0,0,1.0026540843409024,1.0026540843409024,857.2692421114716,1.07591396484375,1.0787695312499999,1.0787695312499999,1600,1710,1710,1.06875,1.06875,742.14,0,253.07999999999998,PC003-BK,0,,,ON,False
2026-08-04,,IM14,2,,T90A CHL EXTENSION B,,,MO6519,800,53.333333333333336,7.555555555555555,34,5.811797222222222,2.1882027777777777,,,33.91,,617,617,617,0,0,0,1.0026540843409024,1.0026540843409024,618.6375700383368,0.5602935759548611,0.5617806423611111,0.5617806423611111,1600,1234,1234,0.77125,0.77125,535.556,0,182.632,PC003-BK,0,,,ON,False
2026-08-04,,IM15,3,,SD,,,MO8085,,0,0,0,0,8,,,,,,0,0,0,0,0,0,0,0,0,0,0,0,0,0,0,0,0,0,0,0,0,,,SD,False
2026-08-04,,IM15,1,7:10AM,U625 REFLEX REFLECTOR,1095757,,MO8085,750,0,6.875,33,5.4504166666666665,2.5495833333333335,,,30.9,715a,635,635,635,0,0,0,1.0679611650485437,1.0679611650485437,678.1553398058252,0.5768357638888889,0.6160381944444444,0.6160381944444444,1500,1270,1270,0.8466666666666667,0.8466666666666667,490.22,0,97.8535,PMMA01-AM,0,,,ON,False
2026-08-04,,IM15,2,,U625 REFLEX REFLECTOR,,,0,800,0,,,8.80076388888889,0,,,30.91,,1025,0,0,0,0,,1.0676156583629892,0,0,1.409497341579861,,,0,0,0,1.28125,0,0,0,0,PMMA01-AM,0,,,ON,False
2026-08-04,,IM16,3,,SD,,,0,,0,0,0,0,0,,,,,,0,0,0,0,0,0,0,0,0,0,0,0,0,0,0,0,0,0,0,0,0,,,SD,False
2026-08-04,,IM16,1,,SD,1133409,,0,,0,0,0,0,0,,,,,,0,0,0,0,0,0,0,0,0,0,0,0,0,0,0,0,0,0,0,0,0,,,SD,False
2026-08-04,,IM16,2,,SD,,,0,,0,0,0,0,0,,,,,,0,0,0,0,0,0,0,0,0,0,0,0,0,0,0,0,0,0,0,0,0,,,SD,False
2026-08-04,,IM17,3,,SD,,,0,,0,0,0,0,0,,,,,,0,0,0,0,0,0,0,0,0,0,0,0,0,0,0,0,0,0,0,0,0,,,SD,False
2026-08-04,,IM17,1,,SD,,,0,,0,0,0,0,0,,,,,,0,0,0,0,0,0,0,0,0,0,0,0,0,0,0,0,0,0,0,0,0,,,SD,False
2026-08-04,,IM17,2,,SD,,,0,,0,0,0,0,0,,,,,,0,0,0,0,0,0,0,0,0,0,0,0,0,0,0,0,0,0,0,0,0,,,SD,False
2026-08-04,,IM18,3,,SD,,,0,,0,0,0,0,0,,,,,,0,0,0,0,0,0,0,0,0,0,0,0,0,0,0,0,0,0,0,0,0,,,SD,False
2026-08-04,,IM18,1,,SD,,,0,,0,0,0,0,0,,,,,,0,0,0,0,0,0,0,0,0,0,0,0,0,0,0,0,0,0,0,0,0,,,SD,False
2026-08-04,,IM18,2,,SD,,,0,,0,0,0,0,0,,,,,,0,0,0,0,0,0,0,0,0,0,0,0,0,0,0,0,0,0,0,0,0,,,SD,False
2026-08-04,,IM19,3,,SD,,,0,,0,0,0,0,0,,,,,,0,0,0,0,0,0,0,0,0,0,0,0,0,0,0,0,0,0,0,0,0,,,SD,False
2026-08-04,,IM19,1,,SD,,,0,,0,0,0,0,0,,,,,,0,0,0,0,0,0,0,0,0,0,0,0,0,0,0,0,0,0,0,0,0,,,SD,False
2026-08-04,,IM19,2,,SD,,,0,,0,0,0,0,0,,,,,,0,0,0,0,0,0,0,0,0,0,0,0,0,0,0,0,0,0,0,0,0,,,SD,False
2026-08-04,,IM2,3,1:00AM,150B CHL BG Shade A,1130431,,NEEDED,900,36,11.25,45,3.870069444444445,-4.468680555555554,,,24.23,1230a,575,1150,0,0,0,0,0.990507635163021,1.8572018159306645,1067.891044160132,2.7708179012345675,2.7445162868192163,5.145968037786031,1800,1150,1150,0.6388888888888888,0.6388888888888888,373.75,0,86.25,PP025-BK,0,,,ON,True
2026-08-04,,IM2,3,,550B CHL HG Cover A,,,0,,0,,,8.59861111111111,0,,,30.2,ongoing,1025,0,0,0,0,,0.9933774834437087,0,0,3.4899233217592585,,,0,0,0,1025,0,0,0,0,PC012-BK,0,,,ON,True
2026-08-04,,IM2,1,,150B CHL BG Shade A,,,0,1200,48,,,7.744444444444444,0,,,27.2,,1025,0,0,0,0,,0.8823529411764706,0,0,0.8268807870370369,,,0,0,0,0.8541666666666666,0,0,0,0,PP025-BK,0,,,ON,False
2026-08-04,,IM2,2,,150B CHL BG Shade A,,,0,1200,48,,,8.197777777777777,0,,,27.2,,1085,0,0,0,0,,0.8823529411764706,0,0,0.9265196759259258,,,0,0,0,0.9041666666666667,0,0,0,0,PP025-BK,0,,,ON,False
2026-08-04,,IM3,3,ONGOING,L42P(2) HL Reflector A (REV ---),1127285,,0,700,0,,,7.79,0,,,36,ongoing,779,0,0,0,0,,1.0555555555555556,0,0,1.083644642857143,,,0,0,0,1.1128571428571428,0,0,0,0,PC003-BK,0,,,ON,False
2026-08-04,,IM3,1,8:00AM,L42P BUL Refl,1131798,,0,800,133.33333333333334,0,0,3.4755555555555557,0,,,32,745a,391,391,391,0,0,0,1,0,0,0.43202569444444444,0.43202569444444444,0,1600,782,782,0.48875,0.48875,588.846,0,208.794,PC001-GY,0,,,ON,False
2026-08-04,,IM3,2,,L42P BUL Refl,,,0,800,133.33333333333334,,,6.577777777777778,0,,Pause wip.,32,,740,0,0,0,0,,1,0,0,0.7605555555555555,,,0,0,0,0.925,0,0,0,0,PC001-GY,0,,,ON,False
2026-08-04,,IM4,3,11:00PM,T90A RCL REFLECTOR C,1131462,,70637,100,9.523809523809524,1.1194444444444442,40.3,5.0216666666666665,2.9783333333333335,,,30.13,12a,600,600,600,0,0,0,1.0952538997676735,1.3375373382011284,802.522402920677,3.76625,4.125,5.0375,200,1200,1200,6,6,667.2,0,205.20000000000002,PC014-WT,0,,,ON,False
2026-08-04,,IM4,1,,T90A RCL REFLECTOR C,,,M05326,800,76.19047619047619,5.111111111111111,23,8.36111111111111,-0.3611111111111107,,,30.1,,1000,1000,1000,0,0,0,1.096345514950166,0.7641196013289037,764.1196013289036,1.3064236111111112,1.4322916666666665,0.998263888888889,1600,2000,2000,1.25,1.25,1112,0,342,PC014-WT,0,,,ON,False
2026-08-04,,IM4,2,,T90A RCL REFLECTOR C,,,M05326,800,76.19047619047619,5.111111111111111,23,5.132172222222223,2.8678277777777774,,,30.14,,613,613,613,0,0,0,1.094890510948905,0.7631055076310551,467.7836761778368,0.49156587065972224,0.5382108072916667,0.3751166232638889,1600,1226,1226,0.76625,0.76625,681.6560000000001,0,209.64600000000002,PC014-WT,0,,,ON,False
2026-08-04,,IM5,3,ONGOING,NQ5A Bumper Brkt I/B #2,924307,,M04373,550,0,3.6666666666666665,24,2.946344444444444,5.053655555555556,,,37.48,ongoing,283,283,283,0,0,0,1.16008537886873,0.64034151547492,181.21664887940236,0.18950351767676765,0.21984026010101007,0.12134696969696969,1100,566,566,0.5145454545454545,0.5145454545454545,0,0,43.9782,PAM02-BK,0,,,ON,False
2026-08-04,,IM5,1,7:00AM,311 D Bezel Plug,1130500,,M04373,800,0,5.333333333333333,24,5.958333333333333,2.041666666666667,,,33,745a,650,650,650,0,0,0,1.0606060606060606,0.7272727272727273,472.72727272727275,0.6051432291666666,0.6418185763888888,0.44010416666666663,1600,1300,1300,0.8125,0.8125,0,0,52,ABS07-BK,0,,,ON,False
2026-08-04,,IM5,2,,311 D Bezel Plug,1133415,,M04373,500,0,3.3333333333333335,24,7.727500000000001,0.2724999999999991,,,33,,843,843,843,0,0,0,1.0606060606060606,0.7272727272727273,613.0909090909091,1.6285706250000003,1.7272718750000002,1.1844150000000002,1000,1686,1686,1.686,1.686,0,0,67.44,ABS07-BK,0,,,ON,False
2026-08-04,,IM6,3,ONGOING,550B BUL-LED Shade,1125761,,0,1000,153.84615384615384,,,3.576,0,,,23.84,ongoing,540,0,0,0,0,,1.174496644295302,0,0,0.24137999999999998,,,0,0,0,0.54,0,0,0,0,PC018-BK,0,,,ON,False
2026-08-04,,IM6,1,8:30AM,T90A CHL BRACKET G,1131080,,0,600,30,,,5.874166666666667,0,,,30.21,730a,700,0,0,0,0,,1.10062893081761,0,0,0.8566493055555556,,,0,0,0,1.1666666666666667,0,0,0,0,ABS06-BK,0,,,ON,False
2026-08-04,,IM6,2,,T90A CHL BRACKET G,,,0,800,40,,,4.0905000000000005,0,,No pack.,30.3,,486,0,0,0,0,,1.0973597359735974,0,0,0.31062234375000003,,,0,0,0,0.6075,0,0,0,0,ABS06-BK,0,,,ON,False
2026-08-04,,IM7,3,12:00AM,T90A RCL Extension A,1131268,,MO5772,600,80,6.5,39,4.984722222222222,3.0152777777777784,,,35.89,330a,500,500,500,0,0,0,1.0866536639732516,1.0866536639732516,543.3268319866258,0.5192418981481481,0.564236111111111,0.564236111111111,1200,1000,1000,0.8333333333333334,0.8333333333333334,716,0,270,PC003-BK,0,,,ON,False
2026-08-04,,IM7,1,,T90A RCL Extension A,,,527,700,93.33333333333333,7.972222222222222,41,7.5369,0.46309999999999985,,,35.89,,756,756,756,0,0,0,1.0866536639732516,1.1423794928949569,863.6388966285874,1.0174815000000001,1.1056500000000002,1.1623500000000002,1400,1512,1512,1.08,1.08,1082.5919999999999,0,408.24,PC003-BK,0,,,ON,False
2026-08-04,,IM7,2,,T90A RCL Extension A,,,527,700,93.33333333333333,7.972222222222222,41,4.913566666666667,3.086433333333333,,No pack.,35.88,,493,493,493,0,0,0,1.0869565217391304,1.1426978818283164,563.35005574136,0.43256935119047624,0.4701840773809524,0.49429608134920633,1400,986,986,0.7042857142857143,0.7042857142857143,705.976,0,266.22,PC003-BK,0,,,ON,False
2026-08-04,,IM8,3,12:30AM,31CC Bezel (Trim Ring),1132004,,TNL 620,500,0,5.555555555555555,40,4.819444444444445,3.1805555555555554,,,34.7,12a,500,500,500,0,0,0,1.2103746397694524,1.1527377521613833,576.3688760806916,0.6024305555555556,0.7291666666666666,0.6944444444444445,1000,1000,1000,1,1,1016,0,110.10000000000001,PC013-BK,0,,,ON,False
2026-08-04,,IM8,1,,31CC Bezel (Trim Ring),,,902,650,0,7.222222222222222,40,7.287000000000001,0.7129999999999992,,Swapping dryers out.,34.7,,756,756,756,0,0,0,1.2103746397694524,1.1527377521613833,871.4697406340058,1.0594176923076923,1.2822923076923076,1.2212307692307693,1300,1512,1512,1.1630769230769231,1.1630769230769231,1536.192,0,166.4712,PC013-BK,0,,,ON,False
2026-08-04,,IM8,2,,31CC Bezel (Trim Ring),,,902,650,0,7.222222222222222,40,7.7474333333333325,0.2525666666666675,,,34.69,,804,804,804,0,0,0,1.210723551455751,1.153070049005477,927.0683194004035,1.1978723846153845,1.4502923076923078,1.381230769230769,1300,1608,1608,1.236923076923077,1.236923076923077,1633.728,0,177.04080000000002,PC013-BK,0,,,ON,False
2026-08-04,,IM9,3,11:30PM,T90A RCL Reflector A,1131948,,MO5785,600,150,6.333333333333333,38,5.470416666666667,2.529583333333333,,,41.46,1130p,475,475,475,0,0,0,0.964785335262904,0.9165460684997588,435.35938253738544,0.5413433159722223,0.5222800925925927,0.496166087962963,1200,950,950,0.7916666666666666,0.7916666666666666,1012.7,0,307.8,PC001-GY,0,,,ON,False
2026-08-04,,IM9,1,,T90A RCL Reflector A,,,5417,700,175,7,36,6.047708333333333,1.9522916666666674,,Slide protection issues.,41.47,,525,525,525,0,0,0,0.9645526886906197,0.8680974198215577,455.7511454063178,0.5669726562499999,0.5468749999999999,0.49218749999999994,1400,1050,1050,0.75,0.75,1119.3,0,340.2,PC001-GY,0,,,ON,False
2026-08-04,,IM9,2,,T90A RCL Reflector A,,,5417,700,175,7,36,7.537350000000001,0.4626499999999991,,,41.49,,654,654,654,0,0,0,0.9640877319836104,0.8676789587852494,567.4620390455531,0.8802548035714286,0.8486428571428571,0.7637785714285714,1400,1308,1308,0.9342857142857143,0.9342857142857143,1394.328,0,423.79200000000003,PC001-GY,0,,,ON,False
2026-08-05,,IM1,3,12:00AM,U540 Bezel D,1133597,,3802,100,12.5,0.7777777777777778,28,1.2541666666666667,6.745833333333334,,,35,1145p,129,129,129,0,0,0,1,0.8,103.2,0.202234375,0.202234375,0.1617875,200,258,258,1.29,1.29,163.314,0,30.959999999999997,PC004-BK,0,,,ON,False
2026-08-05,,IM1,1,,SD,,,3802,,0,0,0,0,8,,,,,,0,0,0,0,0,0,0,0,0,0,0,0,0,0,0,0,0,0,0,0,0,,,SD,False
2026-08-05,,IM1,2,,SD,,,0,,0,0,0,0,0,,,,,,0,0,0,0,0,0,0,0,0,0,0,0,0,0,0,0,0,0,0,0,0,,,SD,False
2026-08-05,,IM10,3,,SD,,,TNL 621,,0,0,0,0,8,,,,,,0,0,0,0,0,0,0,0,0,0,0,0,0,0,0,0,0,0,0,0,0,,,SD,False
2026-08-05,,IM10,1,,SD,,,TNL 621,,0,0,0,0,8,,,,,,0,0,0,0,0,0,0,0,0,0,0,0,0,0,0,0,0,0,0,0,0,,,SD,False
2026-08-05,,IM10,2,,SD,,,TNL 621,,0,0,0,0,8,,,,,,0,0,0,0,0,0,0,0,0,0,0,0,0,0,0,0,0,0,0,0,0,,,SD,False
2026-08-05,,IM11,3,ONGOING,01OB Bezel Plug,1130429,,1023,800,21.333333333333332,9.662222222222223,43.48,7.147777777777778,0.8522222222222222,,,36.76,ongoing,700,700,700,0,0,0,0.9521218715995649,1.1828073993471164,827.9651795429814,0.7817881944444445,0.744357638888889,0.9247048611111112,1600,1400,1400,0.875,0.875,134.4,0,53.14750000000001,ABS07-BK,0,,,ON,False
2026-08-05,,IM11,1,,01OB Bezel Plug,,,1023,700,18.666666666666668,8.454444444444443,43.48,7.748611111111112,0.2513888888888882,,,35,,797,797,797,0,0,0,1,1.2422857142857142,990.1017142857143,1.102793402777778,1.102793402777778,1.3699844900793652,1400,1594,1594,1.1385714285714286,1.1385714285714286,153.024,0,60.51222500000001,ABS07-BK,0,,,ON,False
2026-08-05,,IM11,2,3:00PM,MQ4A L_GUIDE_COVER,1133582,,1023,400,0,4.831111111111111,43.48,6.228,1.7720000000000002,,,46.71,245p,480,480,480,0,0,0,1.1380860629415541,0.9308499250695782,446.8079640333975,0.9342,1.0632,0.8695999999999999,800,960,960,1.2,1.2,0,0,19.2,PBT03-BK,0,,,ON,False
2026-08-05,,IM12,3,,SD,,,0,,0,0,0,0,0,,,,,,0,0,0,0,0,0,0,0,0,0,0,0,0,0,0,0,0,0,0,0,0,,,SD,False
2026-08-05,,IM12,1,,SD,,,0,,0,0,0,0,0,,,,,,0,0,0,0,0,0,0,0,0,0,0,0,0,0,0,0,0,0,0,0,0,,,SD,False
2026-08-05,,IM12,2,,SD,,,0,,0,0,0,0,0,,,,,,0,0,0,0,0,0,0,0,0,0,0,0,0,0,0,0,0,0,0,0,0,,,SD,False
2026-08-05,,IM14,3,12:30AM,T90A RCL RIM (COVER A),1133086,,MO5773,500,66.66666666666667,5.833333333333333,42,5.239,2.761,,,40.3,1130p,468,468,468,0,0,0,1.0421836228287842,1.0421836228287842,487.741935483871,0.6129629999999999,0.6388199999999999,0.6388199999999999,1000,936,936,0.936,0.936,609.336,0,204.984,PP025-BK,0,,,ON,False
2026-08-05,,IM14,1,,T90A RCL RIM (COVER A),,,MO5773,650,86.66666666666667,7.583333333333333,42,8.000161111111112,-0.0001611111111117225,,,39.89,,722,722,722,0,0,0,1.0528954625219353,1.0528954625219353,760.1905239408374,1.1107916004273506,1.169547435897436,1.169547435897436,1300,1444,1444,1.1107692307692307,1.1107692307692307,940.044,0,316.236,PP025-BK,0,,,ON,False
2026-08-05,,IM14,2,,T90A RCL RIM (COVER A),,,MO5773,650,86.66666666666667,7.583333333333333,42,2.6593333333333335,5.3406666666666665,,Paused for no pack.,39.89,,240,240,240,0,0,0,1.0528954625219353,1.0528954625219353,252.6949110052645,0.12273846153846155,0.12923076923076923,0.12923076923076923,1300,480,480,0.36923076923076925,0.36923076923076925,312.48,0,105.12,PP025-BK,0,,,ON,False
2026-08-05,,IM15,3,,SD,,,MO8085,,0,0,0,0,8,,,,,,0,0,0,0,0,0,0,0,0,0,0,0,0,0,0,0,0,0,0,0,0,,,SD,False
2026-08-05,,IM15,1,,SD,,,0,,0,0,0,0,0,,,,,,0,0,0,0,0,0,0,0,0,0,0,0,0,0,0,0,0,0,0,0,0,,,SD,False
2026-08-05,,IM15,2,,SD,,,0,,0,0,0,0,0,,,,,,0,0,0,0,0,0,0,0,0,0,0,0,0,0,0,0,0,0,0,0,0,,,SD,False
2026-08-05,,IM16,3,,SD,,,0,,0,0,0,0,0,,,,,,0,0,0,0,0,0,0,0,0,0,0,0,0,0,0,0,0,0,0,0,0,,,SD,False
2026-08-05,,IM16,1,,SD,,,0,,0,0,0,0,0,,,,,,0,0,0,0,0,0,0,0,0,0,0,0,0,0,0,0,0,0,0,0,0,,,SD,False
2026-08-05,,IM16,2,,SD,,,0,,0,0,0,0,0,,,,,,0,0,0,0,0,0,0,0,0,0,0,0,0,0,0,0,0,0,0,0,0,,,SD,False
2026-08-05,,IM17,3,,SD,,,0,,0,0,0,0,0,,,,,,0,0,0,0,0,0,0,0,0,0,0,0,0,0,0,0,0,0,0,0,0,,,SD,False
2026-08-05,,IM17,1,,SD,,,0,,0,0,0,0,0,,,,,,0,0,0,0,0,0,0,0,0,0,0,0,0,0,0,0,0,0,0,0,0,,,SD,False
2026-08-05,,IM17,2,,SD,,,0,,0,0,0,0,0,,,,,,0,0,0,0,0,0,0,0,0,0,0,0,0,0,0,0,0,0,0,0,0,,,SD,False
2026-08-05,,IM18,3,,SD,,,0,,0,0,0,0,0,,,,,,0,0,0,0,0,0,0,0,0,0,0,0,0,0,0,0,0,0,0,0,0,,,SD,False
2026-08-05,,IM18,1,,SD,,,0,,0,0,0,0,0,,,,,,0,0,0,0,0,0,0,0,0,0,0,0,0,0,0,0,0,0,0,0,0,,,SD,False
2026-08-05,,IM18,2,,SD,,,0,,0,0,0,0,0,,,,,,0,0,0,0,0,0,0,0,0,0,0,0,0,0,0,0,0,0,0,0,0,,,SD,False
2026-08-05,,IM19,3,,SD,,,0,,0,0,0,0,0,,,,,,0,0,0,0,0,0,0,0,0,0,0,0,0,0,0,0,0,0,0,0,0,,,SD,False
2026-08-05,,IM19,1,,SD,,,0,,0,0,0,0,0,,,,,,0,0,0,0,0,0,0,0,0,0,0,0,0,0,0,0,0,0,0,0,0,,,SD,False
2026-08-05,,IM19,2,,SD,,,0,,0,0,0,0,0,,,,,,0,0,0,0,0,0,0,0,0,0,0,0,0,0,0,0,0,0,0,0,0,,,SD,False
2026-08-05,,IM2,3,ONGOING,150B CHL BG Shade A,1133597,,0,1200,48,,,7.157741666666667,0,,,27.21,ongoing,947,0,0,0,0,,0.8820286659316428,0,0,0.7060813914930556,,,0,0,0,0.7891666666666667,0,0,0,0,PP025-BK,0,,,ON,False
2026-08-05,,IM2,1,8:00AM,31CC Bezel (Island),1133597,,MO8384,900,0,8.3125,33.25,3.278888888888889,1.6977777777777776,,,26,945a,454,454,454,0,0,0,1,1.2788461538461537,580.5961538461538,0.7475135802469137,0.7475135802469137,0.9559548670465339,1800,908,908,0.5044444444444445,0.5044444444444445,417.68,0,34.05,PC013-BK,0,,,ON,False
2026-08-05,,IM2,2,,31CC Bezel (Island),,,MO8384,1000,0,9.23611111111111,33.25,8.854444444444447,-0.8544444444444466,,,26,,1226,1226,1226,0,0,0,1,1.2788461538461537,1567.8653846153845,1.3569436111111115,1.3569436111111115,1.7353221180555558,2000,2452,2452,1.226,1.226,1127.92,0,91.95,PC013-BK,0,,,ON,False
2026-08-05,,IM3,3,ONGOING,L42P BUL Refl,1133363,,0,800,133.33333333333334,,,6.54,0,,,36,1045p,654,0,0,0,0,,0.8888888888888888,0,0,0.66830625,,,0,0,0,0.8175,0,0,0,0,PC001-GY,0,,,ON,False
2026-08-05,,IM3,1,,L42P BUL Refl,,,MO5778,,0,0,33,7.2444444444444445,0.7555555555555555,,,32,,815,815,815,0,0,0,1,1.03125,840.46875,0,0,0,0,1630,1630,815,815,1227.39,0,435.21000000000004,PC001-GY,0,,,ON,False
2026-08-05,,IM3,2,,L42P BUL Refl,,,MO5778,,0,0,33,8.87111111111111,-0.8711111111111105,,,32,,998,998,998,0,0,0,1,1.03125,1029.1875,0,0,0,0,1996,1996,998,998,1502.988,0,532.932,PC001-GY,0,,,ON,False
2026-08-05,,IM4,3,ONGOING,T90A RCL REFLECTOR C,1131462,,M05326,800,76.19047619047619,5.111111111111111,23,0.5358222222222222,7.464177777777778,,No pack.,30.14,,64,64,64,0,0,0,1.094890510948905,0.7631055076310551,48.83875248838753,0.005358222222222222,0.005866666666666666,0.0040888888888888884,1600,128,128,0.08,0.08,71.168,0,21.888,PC014-WT,0,,,ON,False
2026-08-05,,IM4,1,8:30AM,31CG Inner Lens,1122381,,M05326,600,20,3.8333333333333335,23,5.075555555555556,2.3467611111111113,,,32,615a,571,571,571,0,0,0,1.09375,0.71875,410.40625,0.7537651851851853,0.8244306712962964,0.541768726851852,1200,1142,1142,0.9516666666666667,0.9516666666666667,944.434,0,178.152,PC028-RED,0,,,ON,True
2026-08-05,,IM4,1,,T90A RCL REFLECTOR C,,,0,,0,,,0.5776833333333333,0,,,30.14,ongoing,69,0,0,0,0,,1.094890510948905,0,0,1.2773149852430556,,,0,0,0,69,0,0,0,0,PC014-WT,0,,,ON,True
2026-08-05,,IM4,2,,31CG Inner Lens,,,M05326,800,26.666666666666668,5.111111111111111,23,7.928888888888889,0.07111111111111068,,,32,,892,892,892,0,0,0,1.09375,0.71875,641.125,1.105088888888889,1.2086909722222223,0.794282638888889,1600,1784,1784,1.115,1.115,1475.368,0,278.304,PC028-RED,0,,,ON,False
2026-08-05,,IM5,3,ONGOING,311 D Bezel Plug,1130500,,M04373,800,0,5.333333333333333,24,7.416266666666668,0.5837333333333321,,,32.88,ongoing,812,812,812,0,0,0,1.0644768856447688,0.7299270072992701,592.7007299270073,0.9409388333333335,1.001607638888889,0.6868166666666667,1600,1624,1624,1.015,1.015,0,0,64.96000000000001,ABS07-BK,0,,,ON,False
2026-08-05,,IM5,1,,311 D Bezel Plug,,,M04373,800,0,5.333333333333333,24,7.416266666666668,0.5837333333333321,,,32.88,,812,812,812,0,0,0,1.0644768856447688,0.7299270072992701,592.7007299270073,0.9409388333333335,1.001607638888889,0.6868166666666667,1600,1624,1624,1.015,1.015,0,0,64.96000000000001,ABS07-BK,0,,,ON,False
2026-08-05,,IM5,2,,311 D Bezel Plug,,,M04373,800,0,5.333333333333333,24,8.914133333333334,-0.9141333333333339,,,32.88,,976,976,976,0,0,0,1.0644768856447688,0.7299270072992701,712.4087591240876,1.3594053333333336,1.4470555555555558,0.9922666666666669,1600,1952,1952,1.22,1.22,0,0,78.08,ABS07-BK,0,,,ON,False
2026-08-05,,IM6,3,,SD,,,0,,0,0,0,0,0,,,,,,0,0,0,0,0,0,0,0,0,0,0,0,0,0,0,0,0,0,0,0,0,,,SD,False
2026-08-05,,IM6,1,7:00AM,T90A CHL REFLEX REFLECTOR,1121464,,MO6510,900,32.72727272727273,7.25,29,6.437372222222222,1.5626277777777782,,,29.98,545a,773,773,773,0,0,0,0.9673115410273515,0.9673115410273515,747.7318212141428,0.6911234344135802,0.6685316743827159,0.6685316743827159,1800,1546,1546,0.8588888888888889,0.8588888888888889,567.382,0,95.852,PC026-AMB,0,,,ON,False
2026-08-05,,IM6,2,,T90A CHL REFLEX REFLECTOR,,,MO6510,900,32.72727272727273,7.25,29,2.4733499999999995,5.52665,,,29.98,ongoing,297,297,297,0,0,0,0.9673115410273515,0.9673115410273515,287.2915276851234,0.10202568749999998,0.09869062499999998,0.09869062499999998,1800,594,594,0.33,0.33,217.998,0,36.828,PC026-AMB,0,,,ON,False
2026-08-05,,IM7,3,ONGOING,T90A RCL Extension A,1131268,,528,700,93.33333333333333,7.972222222222222,41,2.4126055555555554,5.5873944444444446,,No pack.,35.89,,242,242,242,0,0,0,1.0866536639732516,1.1423794928949569,276.45583728057954,0.10425902579365079,0.11329345238095237,0.11910337301587302,1400,484,484,0.3457142857142857,0.3457142857142857,346.544,0,130.68,PC003-BK,0,,,ON,False
2026-08-05,,IM7,1,,SD,,,528,,0,0,0,0,8,,,,,,0,0,0,0,0,0,0,0,0,0,0,0,0,0,0,0,0,0,0,0,0,,,SD,False
2026-08-05,,IM7,2,,SD,,,0,,0,0,0,0,0,,,,,,0,0,0,0,0,0,0,0,0,0,0,0,0,0,0,0,0,0,0,0,0,,,SD,False
2026-08-05,,IM8,3,ONGOING,31CC Bezel (Trim Ring),1132004,,0,650,0,,,3.8555555555555556,0,,,34.7,ongoing,400,0,0,0,0,,1.2103746397694524,0,0,0.2965811965811966,,,0,0,0,0.6153846153846154,0,0,0,0,PC013-BK,0,,,ON,False
2026-08-05,,IM8,1,9:00AM,31CC Reflector Turn,1133209,,0,500,50,,,6.416666666666667,0,,,33,530a,700,0,0,0,0,,1.2121212121212122,0,0,1.1229166666666668,,,0,0,0,1.4,0,0,0,0,PBT05-BK,0,,,ON,False
2026-08-05,,IM8,2,,31CC Reflector Turn,,,0,700,70,,,8.653333333333334,0,,,33,,944,0,0,0,0,,1.2121212121212122,0,0,1.4587047619047622,,,0,0,0,1.3485714285714285,0,0,0,0,PBT05-BK,0,,,ON,False
2026-08-05,,IM9,3,ONGOING,T90A RCL Reflector A,1131948,,MO5774,650,162.5,7.222222222222222,40,5.656047222222222,2.343952777777778,,Down for wip.,41.47,ongoing,491,491,491,0,0,0,0.9645526886906197,0.9645526886906197,473.5953701470943,0.5340613819444444,0.5151303418803419,0.5151303418803419,1300,982,982,0.7553846153846154,0.7553846153846154,1046.8120000000001,0,318.168,PC001-GY,0,,,ON,False
2026-08-05,,IM9,1,,T90A RCL Reflector A,,,MO5774,600,150,6.666666666666667,40,4.216116666666666,3.7838833333333337,,Down for wip.,41.47,,366,366,366,0,0,0,0.9645526886906197,0.9645526886906197,353.02628406076684,0.3214788958333333,0.31008333333333327,0.31008333333333327,1200,732,732,0.61,0.61,780.312,0,237.168,PC001-GY,0,,,ON,False
2026-08-05,,IM9,2,4:00PM,NX4OB RCO Stop Ref,1133584,,MO5774,600,0,6.666666666666667,40,5.069999999999999,0.5339555555555568,,,36,415p,507,507,507,0,0,0,1.1111111111111112,1.1111111111111112,563.3333333333334,1.112129537037037,1.2356994855967078,1.2356994855967078,1200,1014,1014,0.845,0.845,784.9670353519772,0,282.906,PBT02-DGY,0,,,ON,True
2026-08-05,,IM9,2,,T90A RCL Reflector A,,,0,,0,,,2.396044444444444,0,,,41.47,ongoing,208,0,0,0,0,,0.9645526886906197,0,0,0,,,0,0,0,208,0,0,0,0,PC001-GY,0,,,ON,True
2026-08-06,,IM1,3,,SD,,,0,,0,0,0,0,0,,,,,,0,0,0,0,0,0,0,0,0,0,0,0,0,0,0,0,0,0,0,0,0,,,SD,False
2026-08-06,,IM1,1,,SD,,,0,,0,0,0,0,0,,,,,,0,0,0,0,0,0,0,0,0,0,0,0,0,0,0,0,0,0,0,0,0,,,SD,False
2026-08-06,,IM1,2,,SD,,,0,,0,0,0,0,0,,,,,,0,0,0,0,0,0,0,0,0,0,0,0,0,0,0,0,0,0,0,0,0,,,SD,False
2026-08-06,,IM10,3,,SD,,,0,,0,0,0,0,0,,,,,,0,0,0,0,0,0,0,0,0,0,0,0,0,0,0,0,0,0,0,0,0,,,SD,False
2026-08-06,,IM10,1,9:00AM,31CC DRL Inner Lens,1135174,,0,200,28.571428571428573,,,0,0,,Had to re run the part on 11 due to wrong materil had been run on 3rds.,,,,0,0,0,0,0,0,0,0,0,0,0,0,0,0,0,0,0,0,0,PC020-NC,0,,,ON,False
2026-08-06,,IM10,2,,31CC DRL Inner Lens,,,0,300,42.857142857142854,,,3.3235555555555556,0,,,37.39,445p,320,0,0,0,0,,1.0965498796469644,0,0,0.4431407407407408,,,0,0,0,1.0666666666666667,0,0,0,0,PC020-NC,0,,,ON,False
2026-08-06,,IM11,3,1:00AM,MQ4A DECO BEZEL #1,1135160,,0,300,0,,,3.125108333333333,0,,Wrong material ran on parts.,47.47,1a,237,0,0,0,0,,1.139877817568991,0,0,0.30860444791666664,,,0,0,0,0.79,0,0,0,0,ABS07-BK,0,,,ON,False
2026-08-06,,IM11,1,9:30AM,01OB Bezel Plug,1130429,,0,500,13.333333333333334,,,0,0,,,,,,0,0,0,0,0,0,0,0,0.34474826388888885,0,0,0,0,0,0,0,0,0,0,ABS07-BK,0,,,ON,True
2026-08-06,,IM11,1,,MQ4A DECO BEZEL #1,,,0,,0,,,4.243055555555555,0,,Had to re run the part on 11 due to wrong materil had been run on 3rds.,47,830a,325,0,0,0,0,,1.1512765957446809,0,0,1.4557530815972222,,,0,0,0,325,0,0,0,0,PBT03-BK,0,,,ON,True
2026-08-06,,IM11,2,,01OB Bezel Plug,,,0,800,21.333333333333332,,,6.332222222222223,0,,,41,3p,556,0,0,0,0,,0.8536585365853658,0,0,0.5501118055555556,,,0,0,0,0.695,0,0,0,0,ABS07-BK,0,,,ON,False
2026-08-06,,IM12,3,,SD,,,0,,0,0,0,0,0,,,,,,0,0,0,0,0,0,0,0,0,0,0,0,0,0,0,0,0,0,0,0,0,,,SD,False
2026-08-06,,IM12,1,,SD,,,0,,0,0,0,0,0,,,,,,0,0,0,0,0,0,0,0,0,0,0,0,0,0,0,0,0,0,0,0,0,,,SD,False
2026-08-06,,IM12,2,,SD,,,0,,0,0,0,0,0,,,,,,0,0,0,0,0,0,0,0,0,0,0,0,0,0,0,0,0,0,0,0,0,,,SD,False
2026-08-06,,IM14,3,ONGOING,T90A RCL RIM (COVER A),1133086,,0,600,80,,,8.365819444444444,0,,,39.89,ongoing,755,0,0,0,0,,1.0528954625219353,0,0,1.315873683449074,,,0,0,0,1.2583333333333333,0,0,0,0,PP025-BK,0,,,ON,False
2026-08-06,,IM14,1,,T90A RCL RIM (COVER A),,,0,,0,,,4.033322222222222,0,,,39.89,,364,0,0,0,0,,1.0528954625219353,0,0,0,,,0,0,0,364,0,0,0,0,PP025-BK,0,,,ON,False
2026-08-06,,IM14,2,,SD,,,0,,0,0,0,0,0,,,,,,0,0,0,0,0,0,0,0,0,0,0,0,0,0,0,0,0,0,0,0,0,,,SD,False
2026-08-06,,IM15,3,,SD,,,0,,0,0,0,0,0,,,,,,0,0,0,0,0,0,0,0,0,0,0,0,0,0,0,0,0,0,0,0,0,,,SD,False
2026-08-06,,IM15,1,,SD,,,0,,0,0,0,0,0,,,,,,0,0,0,0,0,0,0,0,0,0,0,0,0,0,0,0,0,0,0,0,0,,,SD,False
2026-08-06,,IM15,2,,SD,,,0,,0,0,0,0,0,,,,,,0,0,0,0,0,0,0,0,0,0,0,0,0,0,0,0,0,0,0,0,0,,,SD,False
2026-08-06,,IM16,3,,SD,,,0,,0,0,0,0,0,,,,,,0,0,0,0,0,0,0,0,0,0,0,0,0,0,0,0,0,0,0,0,0,,,SD,False
2026-08-06,,IM16,1,10:30AM,NX5A Front Side Marker Housing,1133409,,0,500,0,,,0,0,,,,,,0,0,0,0,0,0,0,0,0,0,0,0,0,0,0,0,0,0,0,ABS08-WT,0,,,ON,False
2026-08-06,,IM16,2,,SD,,,0,,0,0,0,0,0,,,,,,0,0,0,0,0,0,0,0,0,0,0,0,0,0,0,0,0,0,0,0,0,,,SD,False
2026-08-06,,IM17,3,,SD,,,0,,0,0,0,0,0,,,,,,0,0,0,0,0,0,0,0,0,0,0,0,0,0,0,0,0,0,0,0,0,,,SD,False
2026-08-06,,IM17,1,,SD,,,0,,0,0,0,0,0,,,,,,0,0,0,0,0,0,0,0,0,0,0,0,0,0,0,0,0,0,0,0,0,,,SD,False
2026-08-06,,IM17,2,,SD,,,0,,0,0,0,0,0,,,,,,0,0,0,0,0,0,0,0,0,0,0,0,0,0,0,0,0,0,0,0,0,,,SD,False
2026-08-06,,IM18,3,,SD,,,0,,0,0,0,0,0,,,,,,0,0,0,0,0,0,0,0,0,0,0,0,0,0,0,0,0,0,0,0,0,,,SD,False
2026-08-06,,IM18,1,,SD,,,0,,0,0,0,0,0,,,,,,0,0,0,0,0,0,0,0,0,0,0,0,0,0,0,0,0,0,0,0,0,,,SD,False
2026-08-06,,IM18,2,,SD,,,0,,0,0,0,0,0,,,,,,0,0,0,0,0,0,0,0,0,0,0,0,0,0,0,0,0,0,0,0,0,,,SD,False
2026-08-06,,IM19,3,,SD,,,0,,0,0,0,0,0,,,,,,0,0,0,0,0,0,0,0,0,0,0,0,0,0,0,0,0,0,0,0,0,,,SD,False
2026-08-06,,IM19,1,,SD,,,0,,0,0,0,0,0,,,,,,0,0,0,0,0,0,0,0,0,0,0,0,0,0,0,0,0,0,0,0,0,,,SD,False
2026-08-06,,IM19,2,,SD,,,0,,0,0,0,0,0,,,,,,0,0,0,0,0,0,0,0,0,0,0,0,0,0,0,0,0,0,0,0,0,,,SD,False
2026-08-06,,IM2,3,ONGOING,31CC Bezel (Island),1133598,,0,1000,0,,,7.871130555555555,0,,,25.69,ongoing,1103,0,0,0,0,,1.012066952121448,0,0,1.0852321253472221,,,0,0,0,1.103,0,0,0,0,PC013-BK,0,,,ON,False
2026-08-06,,IM2,1,8:30AM,T90A CHL BRACKET G,1134242,,0,600,30,,,6.5858333333333325,0,,,33.87,7a,700,0,0,0,0,,0.9816947150870978,0,0,1.3386953611111112,,,0,0,0,1.1666666666666667,0,0,0,0,ABS06-BK,0,,,ON,False
2026-08-06,,IM2,2,,T90A CHL BRACKET G,,,0,800,40,,,4.675941666666666,0,,,33.87,,497,0,0,0,0,,0.9816947150870978,0,0,0.36311609505208325,,,0,0,0,0.62125,0,0,0,0,ABS06-BK,0,,,ON,False
2026-08-06,,IM3,3,,L42P BUL Refl,,,0,,0,,,3.5200888888888886,0,,,31.84,ongoing,398,0,0,0,0,,1.0050251256281406,0,0,0,,,0,0,0,398,0,0,0,0,PC001-GY,0,,,ON,False
2026-08-06,,IM3,1,10:00AM,NX5A Rear Side Marker Housing,1133415,,0,500,0,,,0,0,,,,,,0,0,0,0,0,0,0,0,0,0,0,0,0,0,0,0,0,0,0,ABS05-BK,0,,,ON,False
2026-08-06,,IM3,2,,SD,,,0,,0,0,0,0,0,,,,,,0,0,0,0,0,0,0,0,0,0,0,0,0,0,0,0,0,0,0,0,0,,,SD,False
2026-08-06,,IM4,3,ONGOING,31CG Inner Lens,1122381,,0,800,26.666666666666668,,,0,0,,no pack.,,,,0,0,0,0,0,0,0,0,0,0,0,0,0,0,0,0,0,0,0,PC028-RED,0,,,ON,False
2026-08-06,,IM4,1,8:00AM,T90A RCL INNER LENS B,1134484,,0,800,66.66666666666667,,,7.561458333333333,0,,,29.75,515a,915,0,0,0,0,,1.1092436974789917,0,0,1.08105224609375,,,0,0,0,1.14375,0,0,0,0,PC011-NC,0,,,ON,False
2026-08-06,,IM4,2,,T90A RCL INNER LENS B,,,0,800,66.66666666666667,,,7.817638888888889,0,,,29.75,,946,0,0,0,0,,1.1092436974789917,0,0,1.155544748263889,,,0,0,0,1.1825,0,0,0,0,PC011-NC,0,,,ON,False
2026-08-06,,IM5,3,ONGOING,311 D Bezel Plug,1130500,,0,800,0,,,8.484866666666667,0,,,32.88,ongoing,929,0,0,0,0,,1.0644768856447688,0,0,1.2316314270833333,,,0,0,0,1.16125,0,0,0,0,ABS07-BK,0,,,ON,False
2026-08-06,,IM5,1,,311 D Bezel Plug,,,0,800,0,,,7.3706000000000005,0,,,32.88,,807,0,0,0,0,,1.0644768856447688,0,0,0.92938659375,,,0,0,0,1.00875,0,0,0,0,ABS07-BK,0,,,ON,False
2026-08-06,,IM5,2,,311 D Bezel Plug,,,0,800,0,,,5.589600000000001,0,,,32.88,,612,0,0,0,0,,1.0644768856447688,0,0,0.5345055000000001,,,0,0,0,0.765,0,0,0,0,ABS07-BK,0,,,ON,False
2026-08-06,,IM6,3,,SD,,,0,,0,0,0,0,0,,,,,,0,0,0,0,0,0,0,0,0,0,0,0,0,0,0,0,0,0,0,0,0,,,SD,False
2026-08-06,,IM6,1,7:30AM,J34A BG BRACKET A,1133874,,0,700,0,,,0,0,,Metal got wedged in behind check ring. Had to pull screw to get out.,,,,0,0,0,0,0,0,0,0,0,0,0,0,0,0,0,0,0,0,0,PAM01-BK,0,,,ON,False
2026-08-06,,IM6,2,,J34A BG BRACKET A,,,0,800,0,,,7.734372222222222,0,,,31.18,245p,893,0,0,0,0,,1.1064785118665812,0,0,1.0791866241319445,,,0,0,0,1.11625,0,0,0,0,PAM01-BK,0,,,ON,False
2026-08-06,,IM7,3,,SD,,,0,,0,0,0,0,0,,,,,,0,0,0,0,0,0,0,0,0,0,0,0,0,0,0,0,0,0,0,0,0,,,SD,False
2026-08-06,,IM7,1,,SD,,,0,,0,0,0,0,0,,,,,,0,0,0,0,0,0,0,0,0,0,0,0,0,0,0,0,0,0,0,0,0,,,SD,False
2026-08-06,,IM7,2,,SD,,,0,,0,0,0,0,0,,,,,,0,0,0,0,0,0,0,0,0,0,0,0,0,0,0,0,0,0,0,0,0,,,SD,False
2026-08-06,,IM8,3,ONGOING,31CC Reflector Turn,1133209,,0,600,60,,,3.9508333333333336,0,,,33,ongoing,431,0,0,0,0,,1.2121212121212122,0,0,0.35475190972222226,,,0,0,0,0.7183333333333334,0,0,0,0,PBT05-BK,0,,,ON,False
2026-08-06,,IM8,1,7:00AM,P33A FCL Base C,1135007,,0,600,0,,,7.713333333333334,0,,,34.71,530a,800,0,0,0,0,,1.3540766349755113,0,0,1.2855555555555556,,,0,0,0,1.3333333333333333,0,0,0,0,PC017-WT,0,,,ON,False
2026-08-06,,IM8,2,,P33A FCL Base C,,,0,600,0,,,8.04115,0,,,34.71,,834,0,0,0,0,,1.3540766349755113,0,0,1.3971498125,,,0,0,0,1.39,0,0,0,0,PC017-WT,0,,,ON,False
2026-08-06,,IM9,3,ONGOING,NX4OB RCO Stop Ref,1133584,,0,700,0,,,8.336055555555557,0,,,36.2,ongoing,829,0,0,0,0,,1.1049723756906076,0,0,1.2340339384920638,,,0,0,0,1.1842857142857144,0,0,0,0,PBT02-DGY,0,,,ON,False
2026-08-06,,IM9,1,,NX4OB RCO Stop Ref,,,0,600,0,,,5.2490000000000006,0,,,36.2,,522,0,0,0,0,,1.1049723756906076,0,0,0.57082875,,,0,0,0,0.87,0,0,0,0,PBT02-DGY,0,,,ON,False
2026-08-06,,IM9,2,3:30PM,J34A HG BRACKET A,1133890,,0,700,0,,,6.7,0,,,36,2p,670,0,0,0,0,,0.9583333333333334,0,0,0.8016071428571429,,,0,0,0,0.9571428571428572,0,0,0,0,PAM01-BK,0,,,ON,False
2026-08-07,,IM1,3,,SD,,,0,,0,0,0,0,0,,,,,,0,0,0,0,0,0,0,0,0,0,0,0,0,0,0,0,0,0,0,0,0,,,SD,False
2026-08-07,,IM1,1,,SD,,,0,,0,0,0,0,0,,,,,,0,0,0,0,0,0,0,0,0,0,0,0,0,0,0,0,0,0,0,0,0,,,SD,False
2026-08-07,,IM1,2,,SD,,,0,,0,0,0,0,0,,,,,,0,0,0,0,0,0,0,0,0,0,0,0,0,0,0,0,0,0,0,0,0,,,SD,False
2026-08-07,,IM10,3,ONGOING,31CC DRL Inner Lens,1135174,,0,300,42.857142857142854,,,0,0,,,,,,0,0,0,0,0,0,0,0,0,0,0,0,0,0,0,0,0,0,0,PC020-NC,0,,,ON,False
2026-08-07,,IM10,1,,31CC DRL Inner Lens,,,0,300,42.857142857142854,,,0,0,,,,,,0,0,0,0,0,0,0,0,0,0,0,0,0,0,0,0,0,0,0,PC020-NC,0,,,ON,False
2026-08-07,,IM10,2,4:00PM,150B SPL Housing,1136780,,0,500,100,,,0,0,,,,,,0,0,0,0,0,0,0,0,0,0,0,0,0,0,0,0,0,0,0,PC001-GY,0,,,ON,False
2026-08-07,,IM11,3,ONGOING,01OB Bezel Plug,1130429,,0,800,21.333333333333332,,,0,0,,,,,,0,0,0,0,0,0,0,0,0,0,0,0,0,0,0,0,0,0,0,ABS07-BK,0,,,ON,False
2026-08-07,,IM11,1,,01OB Bezel Plug,,,0,800,21.333333333333332,,,0,0,,,,,,0,0,0,0,0,0,0,0,0,0,0,0,0,0,0,0,0,0,0,ABS07-BK,0,,,ON,False
2026-08-07,,IM11,2,,01OB Bezel Plug,,,0,800,21.333333333333332,,,0,0,,,,,,0,0,0,0,0,0,0,0,0,0,0,0,0,0,0,0,0,0,0,ABS07-BK,0,,,ON,False
2026-08-07,,IM12,3,,SD,,,0,,0,0,0,0,0,,,,,,0,0,0,0,0,0,0,0,0,0,0,0,0,0,0,0,0,0,0,0,0,,,SD,False
2026-08-07,,IM12,1,,SD,,,0,,0,0,0,0,0,,,,,,0,0,0,0,0,0,0,0,0,0,0,0,0,0,0,0,0,0,0,0,0,,,SD,False
2026-08-07,,IM12,2,,SD,,,0,,0,0,0,0,0,,,,,,0,0,0,0,0,0,0,0,0,0,0,0,0,0,0,0,0,0,0,0,0,,,SD,False
2026-08-07,,IM14,3,11:30PM,T90A RCL REFLECTOR C,1137765,,0,700,66.66666666666667,,,0,0,,,,,,0,0,0,0,0,0,0,0,0,0,0,0,0,0,0,0,0,0,0,PC014-WT,0,,,ON,False
2026-08-07,,IM14,1,,T90A RCL REFLECTOR C,,,0,800,76.19047619047619,,,0,0,,,,,,0,0,0,0,0,0,0,0,0,0,0,0,0,0,0,0,0,0,0,PC014-WT,0,,,ON,False
2026-08-07,,IM14,2,,T90A RCL REFLECTOR C,,,0,800,76.19047619047619,,,0,0,,,,,,0,0,0,0,0,0,0,0,0,0,0,0,0,0,0,0,0,0,0,PC014-WT,0,,,ON,False
2026-08-07,,IM15,3,,SD,,,0,,0,0,0,0,0,,,,,,0,0,0,0,0,0,0,0,0,0,0,0,0,0,0,0,0,0,0,0,0,,,SD,False
2026-08-07,,IM15,1,8:40AM,U625 REFLEX REFLECTOR,1095757,,0,700,0,,,0,0,,,,,,0,0,0,0,0,0,0,0,0,0,0,0,0,0,0,0,0,0,0,PMMA01-AM,0,,,ON,False
2026-08-07,,IM15,2,,U625 REFLEX REFLECTOR,,,0,800,0,,,0,0,,,,,,0,0,0,0,0,0,0,0,0,0,0,0,0,0,0,0,0,0,0,PMMA01-AM,0,,,ON,False
2026-08-07,,IM16,3,,SD,,,0,,0,0,0,0,0,,,,,,0,0,0,0,0,0,0,0,0,0,0,0,0,0,0,0,0,0,0,0,0,,,SD,False
2026-08-07,,IM16,1,,SD,,,0,,0,0,0,0,0,,,,,,0,0,0,0,0,0,0,0,0,0,0,0,0,0,0,0,0,0,0,0,0,,,SD,False
2026-08-07,,IM16,2,,SD,,,0,,0,0,0,0,0,,,,,,0,0,0,0,0,0,0,0,0,0,0,0,0,0,0,0,0,0,0,0,0,,,SD,False
2026-08-07,,IM17,3,,SD,,,0,,0,0,0,0,0,,,,,,0,0,0,0,0,0,0,0,0,0,0,0,0,0,0,0,0,0,0,0,0,,,SD,False
2026-08-07,,IM17,1,,SD,,,0,,0,0,0,0,0,,,,,,0,0,0,0,0,0,0,0,0,0,0,0,0,0,0,0,0,0,0,0,0,,,SD,False
2026-08-07,,IM17,2,,SD,,,0,,0,0,0,0,0,,,,,,0,0,0,0,0,0,0,0,0,0,0,0,0,0,0,0,0,0,0,0,0,,,SD,False
2026-08-07,,IM18,3,,SD,,,0,,0,0,0,0,0,,,,,,0,0,0,0,0,0,0,0,0,0,0,0,0,0,0,0,0,0,0,0,0,,,SD,False
2026-08-07,,IM18,1,9:00AM,MQ4A MAIN BEZEL OPT,1138342,,0,300,0,,,0,0,,,,,,0,0,0,0,0,0,0,0,0,0,0,0,0,0,0,0,0,0,0,PBT03-BK,0,,,ON,False
2026-08-07,,IM18,2,,SD,,,0,,0,0,0,0,0,,,,,,0,0,0,0,0,0,0,0,0,0,0,0,0,0,0,0,0,0,0,0,0,,,SD,False
2026-08-07,,IM19,3,,SD,,,0,,0,0,0,0,0,,,,,,0,0,0,0,0,0,0,0,0,0,0,0,0,0,0,0,0,0,0,0,0,,,SD,False
2026-08-07,,IM19,1,,SD,,,0,,0,0,0,0,0,,,,,,0,0,0,0,0,0,0,0,0,0,0,0,0,0,0,0,0,0,0,0,0,,,SD,False
2026-08-07,,IM19,2,,SD,,,0,,0,0,0,0,0,,,,,,0,0,0,0,0,0,0,0,0,0,0,0,0,0,0,0,0,0,0,0,0,,,SD,False
2026-08-07,,IM2,3,,SD,,,0,,0,0,0,0,0,,,,,,0,0,0,0,0,0,0,0,0,0,0,0,0,0,0,0,0,0,0,0,0,,,SD,False
2026-08-07,,IM2,1,7:00AM,THRA/TGSX Outer Lens Mold Only,1138283,,0,600,0,,,0,0,,,,,,0,0,0,0,0,0,0,0,0,0,0,0,0,0,0,0,0,0,0,PMMA03-RED,0,,,ON,False
2026-08-07,,IM2,2,,THRA/TGSX Outer Lens Mold Only,,,0,600,0,,,0,0,,,,,,0,0,0,0,0,0,0,0,0,0,0,0,0,0,0,0,0,0,0,PMMA03-RED,0,,,ON,False
2026-08-07,,IM3,3,11:00PM,L42P(2) HL Reflector A (REV ---),1138046,,0,700,0,,,0,0,,,,,,0,0,0,0,0,0,0,0,0,0,0,0,0,0,0,0,0,0,0,PC003-BK,0,,,ON,False
2026-08-07,,IM3,1,,L42P(2) HL Reflector A (REV ---),,,0,700,0,,,0,0,,,,,,0,0,0,0,0,0,0,0,0,0,0,0,0,0,0,0,0,0,0,PC003-BK,0,,,ON,False
2026-08-07,,IM3,2,,L42P(2) HL Reflector A (REV ---),,,0,700,0,,,0,0,,,,,,0,0,0,0,0,0,0,0,0,0,0,0,0,0,0,0,0,0,0,PC003-BK,0,,,ON,False
2026-08-07,,IM4,3,ONGOING,T90A RCL INNER LENS B,1134484,,0,700,58.333333333333336,,,0,0,,,,,,0,0,0,0,0,0,0,0,0,0,0,0,0,0,0,0,0,0,0,PC011-NC,0,,,ON,False
2026-08-07,,IM4,1,7:30AM,L42P(2) HL Base A (Carrier Plate),1138032,,0,600,0,,,0,0,,,,,,0,0,0,0,0,0,0,0,0,0,0,0,0,0,0,0,0,0,0,PC001-GY,0,,,ON,False
2026-08-07,,IM4,2,,L42P(2) HL Base A (Carrier Plate),,,0,700,0,,,0,0,,,,,,0,0,0,0,0,0,0,0,0,0,0,0,0,0,0,0,0,0,0,PC001-GY,0,,,ON,False
2026-08-07,,IM5,3,12:00AM,L42P RCL Shade,1138032,,0,1000,40,,,0,0,,,,,,0,0,0,0,0,0,0,0,0,0,0,0,0,0,0,0,0,0,0,PC006-GY,0,,,ON,False
2026-08-07,,IM5,1,,L42P RCL Shade,,,0,1000,40,,,0,0,,,,,,0,0,0,0,0,0,0,0,0,0,0,0,0,0,0,0,0,0,0,PC006-GY,0,,,ON,False
2026-08-07,,IM5,2,,L42P RCL Shade,,,0,1000,40,,,0,0,,,,,,0,0,0,0,0,0,0,0,0,0,0,0,0,0,0,0,0,0,0,PC006-GY,0,,,ON,False
2026-08-07,,IM6,3,,SD,,,0,,0,0,0,0,0,,,,,,0,0,0,0,0,0,0,0,0,0,0,0,0,0,0,0,0,0,0,0,0,,,SD,False
2026-08-07,,IM6,1,,SD,,,0,,0,0,0,0,0,,,,,,0,0,0,0,0,0,0,0,0,0,0,0,0,0,0,0,0,0,0,0,0,,,SD,False
2026-08-07,,IM6,2,,SD,,,0,,0,0,0,0,0,,,,,,0,0,0,0,0,0,0,0,0,0,0,0,0,0,0,0,0,0,0,0,0,,,SD,False
2026-08-07,,IM7,3,11:10PM,T90A RCL Extension A,1131268,,0,650,86.66666666666667,,,0,0,,,,,,0,0,0,0,0,0,0,0,0,0,0,0,0,0,0,0,0,0,0,PC003-BK,0,,,ON,False
2026-08-07,,IM7,1,,T90A RCL Extension A,,,0,700,93.33333333333333,,,0,0,,,,,,0,0,0,0,0,0,0,0,0,0,0,0,0,0,0,0,0,0,0,PC003-BK,0,,,ON,False
2026-08-07,,IM7,2,,T90A RCL Extension A,,,0,700,93.33333333333333,,,0,0,,,,,,0,0,0,0,0,0,0,0,0,0,0,0,0,0,0,0,0,0,0,PC003-BK,0,,,ON,False
2026-08-07,,IM8,3,ONGOING,P33A FCL Base C,1135007,,0,600,0,,,0,0,,,,,,0,0,0,0,0,0,0,0,0,0,0,0,0,0,0,0,0,0,0,PC017-WT,0,,,ON,False
2026-08-07,,IM8,1,8:00AM,31CC Reflector Turn,1137949,,0,600,60,,,0,0,,,,,,0,0,0,0,0,0,0,0,0,0,0,0,0,0,0,0,0,0,0,PBT05-BK,0,,,ON,False
2026-08-07,,IM8,2,,31CC Reflector Turn,,,0,700,70,,,0,0,,,,,,0,0,0,0,0,0,0,0,0,0,0,0,0,0,0,0,0,0,0,PBT05-BK,0,,,ON,False
2026-08-07,,IM9,3,ONGOING,J34A HG BRACKET A,1133890,,0,800,0,,,0,0,,,,,,0,0,0,0,0,0,0,0,0,0,0,0,0,0,0,0,0,0,0,PAM01-BK,0,,,ON,False
2026-08-07,,IM9,1,8:30AM,T90A BUL HSG,1137329,,0,500,71.42857142857143,,,0,0,,,,,,0,0,0,0,0,0,0,0,0,0,0,0,0,0,0,0,0,0,0,ASA01-BK,0,,,ON,False
2026-08-07,,IM9,2,,T90A BUL HSG,,,0,700,100,,,0,0,,,,,,0,0,0,0,0,0,0,0,0,0,0,0,0,0,0,0,0,0,0,ASA01-BK,0,,,ON,False
2026-08-08,,IM1,3,,SD,,,0,,0,0,0,0,0,,,,,,0,0,0,0,0,0,0,0,0,0,0,0,0,0,0,0,0,0,0,0,0,,,SD,False
2026-08-08,,IM1,1,,SD,,,0,,0,0,0,0,0,,,,,,0,0,0,0,0,0,0,0,0,0,0,0,0,0,0,0,0,0,0,0,0,,,SD,False
2026-08-08,,IM1,2,,SD,,,0,,0,0,0,0,0,,,,,,0,0,0,0,0,0,0,0,0,0,0,0,0,0,0,0,0,0,0,0,0,,,SD,False
2026-08-08,,IM10,3,,SD,,,0,,0,0,0,0,0,,,,,,0,0,0,0,0,0,0,0,0,0,0,0,0,0,0,0,0,0,0,0,0,,,SD,False
2026-08-08,,IM10,1,,SD,,,0,,0,0,0,0,0,,,,,,0,0,0,0,0,0,0,0,0,0,0,0,0,0,0,0,0,0,0,0,0,,,SD,False
2026-08-08,,IM10,2,,SD,,,0,,0,0,0,0,0,,,,,,0,0,0,0,0,0,0,0,0,0,0,0,0,0,0,0,0,0,0,0,0,,,SD,False
2026-08-08,,IM11,3,,SD,,,0,,0,0,0,0,0,,,,,,0,0,0,0,0,0,0,0,0,0,0,0,0,0,0,0,0,0,0,0,0,,,SD,False
2026-08-08,,IM11,1,,SD,,,0,,0,0,0,0,0,,,,,,0,0,0,0,0,0,0,0,0,0,0,0,0,0,0,0,0,0,0,0,0,,,SD,False
2026-08-08,,IM11,2,,SD,,,0,,0,0,0,0,0,,,,,,0,0,0,0,0,0,0,0,0,0,0,0,0,0,0,0,0,0,0,0,0,,,SD,False
2026-08-08,,IM12,3,,SD,,,0,,0,0,0,0,0,,,,,,0,0,0,0,0,0,0,0,0,0,0,0,0,0,0,0,0,0,0,0,0,,,SD,False
2026-08-08,,IM12,1,,SD,,,0,,0,0,0,0,0,,,,,,0,0,0,0,0,0,0,0,0,0,0,0,0,0,0,0,0,0,0,0,0,,,SD,False
2026-08-08,,IM12,2,,SD,,,0,,0,0,0,0,0,,,,,,0,0,0,0,0,0,0,0,0,0,0,0,0,0,0,0,0,0,0,0,0,,,SD,False
2026-08-08,,IM14,3,,SD,,,0,,0,0,0,0,0,,,,,,0,0,0,0,0,0,0,0,0,0,0,0,0,0,0,0,0,0,0,0,0,,,SD,False
2026-08-08,,IM14,1,,SD,,,0,,0,0,0,0,0,,,,,,0,0,0,0,0,0,0,0,0,0,0,0,0,0,0,0,0,0,0,0,0,,,SD,False
2026-08-08,,IM14,2,,SD,,,0,,0,0,0,0,0,,,,,,0,0,0,0,0,0,0,0,0,0,0,0,0,0,0,0,0,0,0,0,0,,,SD,False
2026-08-08,,IM15,3,,SD,,,0,,0,0,0,0,0,,,,,,0,0,0,0,0,0,0,0,0,0,0,0,0,0,0,0,0,0,0,0,0,,,SD,False
2026-08-08,,IM15,1,,SD,,,0,,0,0,0,0,0,,,,,,0,0,0,0,0,0,0,0,0,0,0,0,0,0,0,0,0,0,0,0,0,,,SD,False
2026-08-08,,IM15,2,,SD,,,0,,0,0,0,0,0,,,,,,0,0,0,0,0,0,0,0,0,0,0,0,0,0,0,0,0,0,0,0,0,,,SD,False
2026-08-08,,IM16,3,,SD,,,0,,0,0,0,0,0,,,,,,0,0,0,0,0,0,0,0,0,0,0,0,0,0,0,0,0,0,0,0,0,,,SD,False
2026-08-08,,IM16,1,,SD,,,0,,0,0,0,0,0,,,,,,0,0,0,0,0,0,0,0,0,0,0,0,0,0,0,0,0,0,0,0,0,,,SD,False
2026-08-08,,IM16,2,,SD,,,0,,0,0,0,0,0,,,,,,0,0,0,0,0,0,0,0,0,0,0,0,0,0,0,0,0,0,0,0,0,,,SD,False
2026-08-08,,IM17,3,,SD,,,0,,0,0,0,0,0,,,,,,0,0,0,0,0,0,0,0,0,0,0,0,0,0,0,0,0,0,0,0,0,,,SD,False
2026-08-08,,IM17,1,,SD,,,0,,0,0,0,0,0,,,,,,0,0,0,0,0,0,0,0,0,0,0,0,0,0,0,0,0,0,0,0,0,,,SD,False
2026-08-08,,IM17,2,,SD,,,0,,0,0,0,0,0,,,,,,0,0,0,0,0,0,0,0,0,0,0,0,0,0,0,0,0,0,0,0,0,,,SD,False
2026-08-08,,IM18,3,,SD,,,0,,0,0,0,0,0,,,,,,0,0,0,0,0,0,0,0,0,0,0,0,0,0,0,0,0,0,0,0,0,,,SD,False
2026-08-08,,IM18,1,,SD,,,0,,0,0,0,0,0,,,,,,0,0,0,0,0,0,0,0,0,0,0,0,0,0,0,0,0,0,0,0,0,,,SD,False
2026-08-08,,IM18,2,,SD,,,0,,0,0,0,0,0,,,,,,0,0,0,0,0,0,0,0,0,0,0,0,0,0,0,0,0,0,0,0,0,,,SD,False
2026-08-08,,IM19,3,,SD,,,0,,0,0,0,0,0,,,,,,0,0,0,0,0,0,0,0,0,0,0,0,0,0,0,0,0,0,0,0,0,,,SD,False
2026-08-08,,IM19,1,,SD,,,0,,0,0,0,0,0,,,,,,0,0,0,0,0,0,0,0,0,0,0,0,0,0,0,0,0,0,0,0,0,,,SD,False
2026-08-08,,IM19,2,,SD,,,0,,0,0,0,0,0,,,,,,0,0,0,0,0,0,0,0,0,0,0,0,0,0,0,0,0,0,0,0,0,,,SD,False
2026-08-08,,IM2,3,,SD,,,0,,0,0,0,0,0,,,,,,0,0,0,0,0,0,0,0,0,0,0,0,0,0,0,0,0,0,0,0,0,,,SD,False
2026-08-08,,IM2,1,,SD,,,0,,0,0,0,0,0,,,,,,0,0,0,0,0,0,0,0,0,0,0,0,0,0,0,0,0,0,0,0,0,,,SD,False
2026-08-08,,IM2,2,,SD,,,0,,0,0,0,0,0,,,,,,0,0,0,0,0,0,0,0,0,0,0,0,0,0,0,0,0,0,0,0,0,,,SD,False
2026-08-08,,IM3,3,,SD,,,0,,0,0,0,0,0,,,,,,0,0,0,0,0,0,0,0,0,0,0,0,0,0,0,0,0,0,0,0,0,,,SD,False
2026-08-08,,IM3,1,,SD,,,0,,0,0,0,0,0,,,,,,0,0,0,0,0,0,0,0,0,0,0,0,0,0,0,0,0,0,0,0,0,,,SD,False
2026-08-08,,IM3,2,,SD,,,0,,0,0,0,0,0,,,,,,0,0,0,0,0,0,0,0,0,0,0,0,0,0,0,0,0,0,0,0,0,,,SD,False
2026-08-08,,IM4,3,,SD,,,0,,0,0,0,0,0,,,,,,0,0,0,0,0,0,0,0,0,0,0,0,0,0,0,0,0,0,0,0,0,,,SD,False
2026-08-08,,IM4,1,,SD,,,0,,0,0,0,0,0,,,,,,0,0,0,0,0,0,0,0,0,0,0,0,0,0,0,0,0,0,0,0,0,,,SD,False
2026-08-08,,IM4,2,,SD,,,0,,0,0,0,0,0,,,,,,0,0,0,0,0,0,0,0,0,0,0,0,0,0,0,0,0,0,0,0,0,,,SD,False
2026-08-08,,IM5,3,,SD,,,0,,0,0,0,0,0,,,,,,0,0,0,0,0,0,0,0,0,0,0,0,0,0,0,0,0,0,0,0,0,,,SD,False
2026-08-08,,IM5,1,,SD,,,0,,0,0,0,0,0,,,,,,0,0,0,0,0,0,0,0,0,0,0,0,0,0,0,0,0,0,0,0,0,,,SD,False
2026-08-08,,IM5,2,,SD,,,0,,0,0,0,0,0,,,,,,0,0,0,0,0,0,0,0,0,0,0,0,0,0,0,0,0,0,0,0,0,,,SD,False
2026-08-08,,IM6,3,,SD,,,0,,0,0,0,0,0,,,,,,0,0,0,0,0,0,0,0,0,0,0,0,0,0,0,0,0,0,0,0,0,,,SD,False
2026-08-08,,IM6,1,,SD,,,0,,0,0,0,0,0,,,,,,0,0,0,0,0,0,0,0,0,0,0,0,0,0,0,0,0,0,0,0,0,,,SD,False
2026-08-08,,IM6,2,,SD,,,0,,0,0,0,0,0,,,,,,0,0,0,0,0,0,0,0,0,0,0,0,0,0,0,0,0,0,0,0,0,,,SD,False
2026-08-08,,IM7,3,,SD,,,0,,0,0,0,0,0,,,,,,0,0,0,0,0,0,0,0,0,0,0,0,0,0,0,0,0,0,0,0,0,,,SD,False
2026-08-08,,IM7,1,,SD,,,0,,0,0,0,0,0,,,,,,0,0,0,0,0,0,0,0,0,0,0,0,0,0,0,0,0,0,0,0,0,,,SD,False
2026-08-08,,IM7,2,,SD,,,0,,0,0,0,0,0,,,,,,0,0,0,0,0,0,0,0,0,0,0,0,0,0,0,0,0,0,0,0,0,,,SD,False
2026-08-08,,IM8,3,,SD,,,0,,0,0,0,0,0,,,,,,0,0,0,0,0,0,0,0,0,0,0,0,0,0,0,0,0,0,0,0,0,,,SD,False
2026-08-08,,IM8,1,,SD,,,0,,0,0,0,0,0,,,,,,0,0,0,0,0,0,0,0,0,0,0,0,0,0,0,0,0,0,0,0,0,,,SD,False
2026-08-08,,IM8,2,,SD,,,0,,0,0,0,0,0,,,,,,0,0,0,0,0,0,0,0,0,0,0,0,0,0,0,0,0,0,0,0,0,,,SD,False
2026-08-08,,IM9,3,,SD,,,0,,0,0,0,0,0,,,,,,0,0,0,0,0,0,0,0,0,0,0,0,0,0,0,0,0,0,0,0,0,,,SD,False
2026-08-08,,IM9,1,,SD,,,0,,0,0,0,0,0,,,,,,0,0,0,0,0,0,0,0,0,0,0,0,0,0,0,0,0,0,0,0,0,,,SD,False
2026-08-08,,IM9,2,,SD,,,0,,0,0,0,0,0,,,,,,0,0,0,0,0,0,0,0,0,0,0,0,0,0,0,0,0,0,0,0,0,,,SD,False
